,ndx,inx,arkk,vix,fed,t10y2y,cape,margin,margin_lag,F1_cape,mom52,F3_vix,arkk_ndx_mom,ici_anom,F7_fed,rel_mom156,s1,s2,s3,s4,s5,s6,s7,s8,f5_raw,total
2003-09-19,1392.26,,,18.113999999999997,1.01,2.47,25.24,171194.0,,25.24,,18.113999999999997,,,1.01,,50.0,50.0,50.0,50.0,50.0,50.0,50.0,50.0,50.0,50.0
2003-09-26,1309.31,,,20.966,1.01,2.44,25.24,171194.0,,25.24,,20.966,,,1.01,,50.0,50.0,50.0,50.0,50.0,50.0,50.0,50.0,50.0,50.0
2003-10-03,1375.32,1029.85,,21.152,1.01,2.56,25.68,175428.0,,25.68,,21.152,,,1.01,,50.0,50.0,50.0,50.0,50.0,50.0,50.0,50.0,50.0,50.0
2003-10-10,1404.87,1038.06,,19.074,1.01,2.64,25.68,175428.0,,25.68,,19.074,,,1.01,,50.0,50.0,50.0,50.0,50.0,50.0,50.0,50.0,50.0,50.0
2003-10-17,1394.02,1039.32,,17.484,1.01,2.51,25.68,175428.0,171194.0,25.68,,17.484,,,1.01,,50.0,50.0,50.0,50.0,50.0,50.0,50.0,50.0,50.0,50.0
2003-10-24,1370.61,1028.91,,17.330000000000002,1.01,2.48,25.68,175428.0,171194.0,25.68,,17.330000000000002,,,1.01,,50.0,50.0,50.0,50.0,50.0,50.0,50.0,50.0,50.0,50.0
2003-10-31,1416.39,1050.71,,16.746000000000002,1.01,2.48,25.68,175428.0,175428.0,25.68,,16.746000000000002,,,1.01,,50.0,50.0,50.0,50.0,50.0,50.0,50.0,50.0,50.0,50.0
2003-11-07,1436.73,1053.21,,16.726,1.0,2.44,25.95,182587.0,175428.0,25.95,,16.726,,,1.0,,50.0,50.0,50.0,50.0,50.0,50.0,50.0,50.0,50.0,50.0
2003-11-14,1407.51,1050.35,,17.064,1.0,2.38,25.95,182587.0,175428.0,25.95,,17.064,,,1.0,,50.0,50.0,50.0,50.0,50.0,50.0,50.0,50.0,50.0,50.0
2003-11-21,1373.32,1035.28,,18.994,1.0,2.31,25.95,182587.0,175428.0,25.95,,18.994,,,1.0,,50.0,50.0,50.0,50.0,50.0,50.0,50.0,50.0,50.0,50.0
2003-11-28,1424.25,1058.2,,16.675,1.0,2.28,25.95,182587.0,175428.0,25.95,,16.675,,,1.0,,50.0,50.0,50.0,50.0,50.0,50.0,50.0,50.0,50.0,50.0
2003-12-05,1406.91,1061.5,,16.612000000000002,0.98,2.35,26.64,181459.0,182587.0,26.64,,16.612000000000002,,,0.98,,50.0,50.0,50.0,50.0,50.0,50.0,50.0,50.0,50.0,50.0
2003-12-12,1417.27,1074.14,,17.036,0.98,2.42,26.64,181459.0,182587.0,26.64,,17.036,,,0.98,,50.0,50.0,50.0,50.0,50.0,50.0,50.0,50.0,50.0,50.0
2003-12-19,1426.17,1088.66,,16.264,0.98,2.33,26.64,181459.0,182587.0,26.64,,16.264,,,0.98,,50.0,50.0,50.0,50.0,50.0,50.0,50.0,50.0,50.0,50.0
2003-12-26,1443.86,1095.89,,16.884999999999998,0.98,2.35,26.64,181459.0,182587.0,26.64,,16.884999999999998,,,0.98,,50.0,50.0,50.0,50.0,50.0,50.0,50.0,50.0,50.0,50.0
2004-01-02,1463.57,1108.48,,17.825,1.0,2.44,27.66,189429.0,181459.0,27.66,,17.825,,,1.0,,50.0,50.0,50.0,50.0,50.0,50.0,50.0,50.0,50.0,50.0
2004-01-09,1520.46,1121.86,,16.416,1.0,2.43,27.66,189429.0,181459.0,27.66,,16.416,,,1.0,,50.0,50.0,50.0,50.0,50.0,50.0,50.0,50.0,50.0,50.0
2004-01-16,1553.62,1139.83,,16.434,1.0,2.34,27.66,189429.0,181459.0,27.66,,16.434,,,1.0,,50.0,50.0,50.0,50.0,50.0,50.0,50.0,50.0,50.0,50.0
2004-01-23,1531.21,1141.55,,14.775,1.0,2.38,27.66,189429.0,181459.0,27.66,,14.775,,,1.0,,50.0,50.0,50.0,50.0,50.0,50.0,50.0,50.0,50.0,50.0
2004-01-30,1493.08,1131.13,,16.09,1.0,2.32,27.66,189429.0,189429.0,27.66,,16.09,,,1.0,,50.0,50.0,50.0,50.0,50.0,50.0,50.0,50.0,50.0,50.0
2004-02-06,1498.95,1142.76,,17.206,1.01,2.35,27.65,190448.0,189429.0,27.65,,17.206,,,1.01,,50.0,50.0,50.0,50.0,50.0,50.0,50.0,50.0,50.0,50.0
2004-02-13,1484.47,1145.81,,15.722,1.01,2.35,27.65,190448.0,189429.0,27.65,,15.722,,,1.01,,50.0,50.0,50.0,50.0,50.0,50.0,50.0,50.0,50.0,50.0
2004-02-20,1482.1,1144.11,,15.7075,1.01,2.35,27.65,190448.0,189429.0,27.65,,15.7075,,,1.01,,50.0,50.0,50.0,50.0,50.0,50.0,50.0,50.0,50.0,50.0
2004-02-27,1470.38,1144.94,,15.3,1.01,2.33,27.65,190448.0,189429.0,27.65,,15.3,,,1.01,,50.0,50.0,50.0,50.0,50.0,50.0,50.0,50.0,50.0,50.0
2004-03-05,1472.99,1156.86,,14.546000000000001,1.0,2.28,26.89,191451.0,190448.0,26.89,,14.546000000000001,,,1.0,,50.0,50.0,50.0,50.0,50.0,50.0,50.0,50.0,50.0,50.0
2004-03-12,1431.4,1120.57,,18.006,1.0,2.24,26.89,191451.0,190448.0,26.89,,18.006,,,1.0,,50.0,50.0,50.0,50.0,50.0,50.0,50.0,50.0,50.0,50.0
2004-03-19,1398.58,1109.78,,19.451999999999998,1.0,2.24,26.89,191451.0,190448.0,26.89,,19.451999999999998,,,1.0,,50.0,50.0,50.0,50.0,50.0,50.0,50.0,50.0,50.0,50.0
2004-03-26,1415.39,1108.06,,19.454,1.0,2.26,26.89,191451.0,190448.0,26.89,,19.454,,,1.0,,50.0,50.0,50.0,50.0,50.0,50.0,50.0,50.0,50.0,50.0
2004-04-02,1490.3,1141.81,,16.362000000000002,1.0,2.29,26.9,198778.0,191451.0,26.9,,16.362000000000002,,,1.0,,50.0,50.0,50.0,50.0,50.0,50.0,50.0,50.0,50.0,50.0
2004-04-08,1485.51,1139.32,,16.362000000000002,1.0,2.29,26.9,198778.0,191451.0,26.9,,16.362000000000002,,,1.0,,50.0,50.0,50.0,50.0,50.0,50.0,50.0,50.0,50.0,50.0
2004-04-16,1449.06,1134.61,,15.768,1.0,2.34,26.9,198778.0,191451.0,26.9,,15.768,,,1.0,,50.0,50.0,50.0,50.0,50.0,50.0,50.0,50.0,50.0,50.0
2004-04-23,1497.01,1140.6,,15.262,1.0,2.19,26.9,198778.0,191451.0,26.9,,15.262,,,1.0,,50.0,50.0,50.0,50.0,50.0,50.0,50.0,50.0,50.0,50.0
2004-04-30,1401.36,1107.3,,15.984,1.0,2.22,26.9,198778.0,198778.0,26.9,,15.984,,,1.0,,50.0,50.0,50.0,50.0,50.0,50.0,50.0,50.0,50.0,50.0
2004-05-07,1406.19,1098.7,,16.824,1.0,2.15,25.9,193843.0,198778.0,25.9,,16.824,,,1.0,,50.0,50.0,50.0,50.0,50.0,50.0,50.0,50.0,50.0,50.0
2004-05-14,1399.85,1095.7,,18.762,1.0,2.2,25.9,193843.0,198778.0,25.9,,18.762,,,1.0,,50.0,50.0,50.0,50.0,50.0,50.0,50.0,50.0,50.0,50.0
2004-05-21,1408.17,1093.56,,19.076,1.0,2.16,25.9,193843.0,198778.0,25.9,,19.076,,,1.0,,50.0,50.0,50.0,50.0,50.0,50.0,50.0,50.0,50.0,50.0
2004-05-28,1466.22,1120.68,,16.157999999999998,1.0,2.12,25.9,193843.0,198778.0,25.9,,16.157999999999998,,,1.0,,50.0,50.0,50.0,50.0,50.0,50.0,50.0,50.0,50.0,50.0
2004-06-04,1455.04,1122.5,,16.5475,1.03,2.08,26.4,193993.0,193843.0,26.4,,16.5475,,,1.03,,50.0,50.0,50.0,50.0,50.0,50.0,50.0,50.0,50.0,50.0
2004-06-10,1481.27,1136.47,,16.5475,1.03,2.08,26.4,193993.0,193843.0,26.4,,16.5475,,,1.03,,50.0,50.0,50.0,50.0,50.0,50.0,50.0,50.0,50.0,50.0
2004-06-18,1464.65,1135.02,,15.209999999999999,1.03,1.91,26.4,193993.0,193843.0,26.4,,15.209999999999999,,,1.03,,50.0,50.0,50.0,50.0,50.0,50.0,50.0,50.0,50.0,50.0
2004-06-25,1498.38,1134.43,,14.709999999999999,1.03,1.92,26.4,193993.0,193843.0,26.4,,14.709999999999999,,,1.03,,50.0,50.0,50.0,50.0,50.0,50.0,50.0,50.0,50.0,50.0
2004-07-02,1481.19,1125.38,,15.232,1.26,1.94,25.7,187844.0,193993.0,25.7,,15.232,,,1.26,,50.0,50.0,50.0,50.0,50.0,50.0,50.0,50.0,50.0,50.0
2004-07-09,1440.0,1112.81,,16.009999999999998,1.26,1.94,25.7,187844.0,193993.0,25.7,,16.009999999999998,,,1.26,,50.0,50.0,50.0,50.0,50.0,50.0,50.0,50.0,50.0,50.0
2004-07-16,1392.17,1101.39,,14.446000000000002,1.26,1.84,25.7,187844.0,193993.0,25.7,,14.446000000000002,,,1.26,,50.0,50.0,50.0,50.0,50.0,50.0,50.0,50.0,50.0,50.0
2004-07-23,1375.48,1086.2,,15.6,1.26,1.76,25.7,187844.0,193993.0,25.7,,15.6,,,1.26,,50.0,50.0,50.0,50.0,50.0,50.0,50.0,50.0,50.0,50.0
2004-07-30,1400.39,1101.72,,16.2,1.26,1.82,25.7,187844.0,187844.0,25.7,,16.2,,,1.26,,50.0,50.0,50.0,50.0,50.0,50.0,50.0,50.0,50.0,50.0
2004-08-06,1315.3,1063.97,,17.054,1.43,1.84,25.17,187828.0,187844.0,25.17,,17.054,,,1.43,,50.0,50.0,50.0,50.0,50.0,50.0,50.0,50.0,50.0,50.0
2004-08-13,1307.82,1064.8,,18.291999999999998,1.43,1.75,25.17,187828.0,187844.0,25.17,,18.291999999999998,,,1.43,,50.0,50.0,50.0,50.0,50.0,50.0,50.0,50.0,50.0,50.0
2004-08-20,1366.73,1098.35,,16.756,1.43,1.78,25.17,187828.0,187844.0,25.17,,16.756,,,1.43,,50.0,50.0,50.0,50.0,50.0,50.0,50.0,50.0,50.0,50.0
2004-08-27,1388.56,1107.77,,15.162,1.43,1.75,25.17,187828.0,187844.0,25.17,,15.162,,,1.43,,50.0,50.0,50.0,50.0,50.0,50.0,50.0,50.0,50.0,50.0
2004-09-03,1371.82,1113.63,,14.766,1.61,1.69,25.67,193668.0,187828.0,25.67,,14.766,,,1.61,,50.0,50.0,50.0,50.0,50.0,50.0,50.0,50.0,50.0,50.0
2004-09-10,1413.0,1123.92,,13.975,1.61,1.69,25.67,193668.0,187828.0,25.67,,13.975,,,1.61,,50.0,50.0,50.0,50.0,50.0,50.0,50.0,50.0,50.0,50.0
2004-09-17,1426.3,1128.55,,13.958000000000002,1.61,1.61,25.67,193668.0,187828.0,25.67,0.02444945627971795,13.958000000000002,,,1.61,,11.538461538461538,50.0,100.0,50.0,50.0,50.0,3.8461538461538396,50.0,50.0,47.30769230769231
2004-09-24,1399.05,1110.11,,14.382,1.61,1.42,25.67,193668.0,187828.0,25.67,0.0685399179720616,14.382,,,1.61,,11.320754716981133,50.0,96.22641509433963,50.0,50.0,50.0,5.660377358490564,50.0,50.0,46.88679245283019
2004-10-01,1452.94,1131.5,,13.55,1.76,1.58,25.41,197999.0,193668.0,25.41,0.05643777448157539,13.55,,,1.76,,11.11111111111111,50.0,100.0,50.0,50.0,50.0,0.0,50.0,50.0,47.22222222222222
2004-10-08,1430.96,1122.14,,14.038,1.76,1.54,25.41,197999.0,193668.0,25.41,0.01857111334144812,14.038,,,1.76,,10.909090909090908,50.0,94.54545454545455,50.0,50.0,50.0,1.818181818181813,50.0,50.0,46.63636363636364
2004-10-15,1430.98,1108.2,,15.330000000000002,1.76,1.54,25.41,197999.0,193668.0,25.41,0.02651324945122746,15.330000000000002,,,1.76,,10.714285714285714,50.0,73.21428571428572,71.15384615384616,50.0,50.0,3.5714285714285694,50.0,50.0,48.27197802197802
2004-10-22,1438.25,1095.74,,14.902000000000001,1.76,1.45,25.41,197999.0,193668.0,25.41,0.049350289287251714,14.902000000000001,,,1.76,,10.526315789473683,50.0,82.45614035087719,69.81132075471697,50.0,50.0,5.26315789473685,50.0,50.0,48.91691492883151
2004-10-29,1486.72,1130.2,,16.07,1.76,1.49,25.41,197999.0,197999.0,25.41,0.049654403095192645,16.07,,,1.76,,10.344827586206897,50.0,60.3448275862069,90.74074074074075,50.0,50.0,6.896551724137936,50.0,50.0,50.43678160919541
2004-11-05,1525.24,1166.17,,14.86,1.93,1.41,26.47,211012.0,197999.0,26.47,0.06160517285780909,14.86,,,1.93,,62.71186440677966,50.0,83.05084745762713,89.0909090909091,50.0,50.0,0.0,50.0,50.0,62.883821263482275
2004-11-12,1558.41,1184.17,,13.372,1.93,1.34,26.47,211012.0,197999.0,26.47,0.10721060596372323,13.372,,,1.93,,61.66666666666667,50.0,100.0,87.5,50.0,50.0,1.6666666666666714,50.0,50.0,64.08333333333334
2004-11-19,1552.11,1170.34,,13.256,1.93,1.25,26.47,211012.0,197999.0,26.47,0.1301881571665744,13.256,,,1.93,,60.65573770491803,50.0,100.0,85.96491228070175,50.0,50.0,3.278688524590166,50.0,50.0,63.60483175150992
2004-11-26,1578.26,1182.65,,12.7875,1.93,1.21,26.47,211012.0,197999.0,26.47,0.10813410566965076,12.7875,,,1.93,,59.67741935483871,50.0,100.0,84.48275862068965,50.0,50.0,4.838709677419345,50.0,50.0,63.14238042269188
2004-12-03,1614.4,1191.17,,13.09,2.16,1.33,27.14,217573.0,211012.0,27.14,0.14747922752699183,13.09,,,2.16,,85.71428571428571,50.0,98.41269841269842,100.0,50.0,50.0,0.0,50.0,50.0,70.98412698412699
2004-12-10,1605.16,1188.0,,13.138,2.16,1.21,27.14,217573.0,211012.0,27.14,0.13257177531451325,13.138,,,2.16,,84.375,50.0,96.875,98.33333333333333,50.0,50.0,1.5625,50.0,50.0,70.2625
2004-12-17,1596.61,1194.2,,12.367999999999999,2.16,1.18,27.14,217573.0,211012.0,27.14,0.11950889445157298,12.367999999999999,,,2.16,,83.07692307692308,50.0,100.0,96.72131147540983,50.0,50.0,3.07692307692308,50.0,50.0,70.02522068095838
2004-12-23,1613.77,1210.13,,12.367999999999999,2.16,1.18,27.14,217573.0,211012.0,27.14,0.11767761417311928,12.367999999999999,,,2.16,,81.81818181818183,50.0,100.0,95.16129032258065,50.0,50.0,4.545454545454547,50.0,50.0,69.49266862170089
2004-12-31,1621.12,1211.92,,12.322,2.16,1.16,27.14,217573.0,217573.0,27.14,0.10764773806514216,12.322,,,2.16,,80.59701492537313,50.0,100.0,100.0,50.0,50.0,5.970149253731336,50.0,50.0,70.11940298507463
2005-01-07,1564.81,1186.19,,13.844,2.28,1.09,26.59,220122.0,217573.0,26.59,0.029168804177682972,13.844,,,2.28,,60.29411764705882,50.0,86.76470588235294,98.4375,50.0,50.0,0.0,50.0,50.0,64.45404411764706
2005-01-14,1561.11,1184.52,,12.85,2.28,0.99,26.59,220122.0,217573.0,26.59,0.004820998699810675,12.85,,,2.28,,59.42028985507246,50.0,94.20289855072464,96.92307692307692,50.0,50.0,1.4492753623188293,50.0,50.0,64.7505016722408
2005-01-21,1503.64,1167.87,,13.46,2.28,1.0,26.59,220122.0,217573.0,26.59,-0.018005368303498526,13.46,,,2.28,,58.57142857142858,50.0,87.14285714285714,95.45454545454545,50.0,50.0,2.857142857142861,50.0,50.0,63.61038961038961
2005-01-28,1499.46,1171.36,,13.725999999999999,2.28,0.91,26.59,220122.0,217573.0,26.59,0.004273046320357965,13.725999999999999,,,2.28,,57.74647887323944,50.0,84.50704225352112,94.02985074626866,50.0,50.0,4.225352112676063,50.0,50.0,62.92537313432836
2005-02-04,1534.49,1203.03,,11.902,2.5,0.8,26.74,223155.0,220122.0,26.74,0.0237099302845325,11.902,,,2.5,,68.05555555555556,50.0,100.0,100.0,50.0,50.0,0.0,50.0,50.0,67.61111111111111
2005-02-11,1530.51,1205.3,,11.654,2.5,0.76,26.74,223155.0,220122.0,26.74,0.031014436128719236,11.654,,,2.5,,67.12328767123287,50.0,100.0,98.55072463768117,50.0,50.0,1.3698630136986338,50.0,50.0,67.16378796902919
2005-02-18,1515.4,1201.59,,11.367999999999999,2.5,0.82,26.74,223155.0,220122.0,26.74,0.022468119560083766,11.367999999999999,,,2.5,,66.21621621621621,50.0,100.0,97.14285714285714,50.0,50.0,2.7027027027026946,50.0,50.0,66.72895752895752
2005-02-25,1526.9,1211.37,,12.1475,2.5,0.73,26.74,223155.0,220122.0,26.74,0.038439042968484216,12.1475,,,2.5,,65.33333333333333,50.0,96.0,95.77464788732394,50.0,50.0,4.0,50.0,50.0,65.90610328638498
2005-03-04,1520.58,1222.12,,12.297999999999998,2.63,0.75,26.34,226876.0,223155.0,26.34,0.03230843386581039,12.297999999999998,,,2.63,,43.42105263157895,50.0,94.73684210526316,100.0,50.0,50.0,0.0,50.0,50.0,62.15789473684211
2005-03-11,1505.64,1200.08,,12.53,2.63,0.83,26.34,226876.0,223155.0,26.34,0.05186530669274836,12.53,,,2.63,,42.857142857142854,50.0,89.6103896103896,98.63013698630137,50.0,50.0,1.2987012987013031,50.0,50.0,61.285892190001775
2005-03-18,1484.4,1189.65,,13.092000000000002,2.63,0.79,26.34,226876.0,223155.0,26.34,0.061362238842254335,13.092000000000002,,,2.63,,42.30769230769231,50.0,84.61538461538461,97.2972972972973,50.0,50.0,2.564102564102569,50.0,50.0,60.436590436590436
2005-03-24,1469.94,1171.42,,13.092000000000002,2.63,0.79,26.34,226876.0,223155.0,26.34,0.038540614247663196,13.092000000000002,,,2.63,,41.77215189873418,50.0,84.81012658227849,96.0,50.0,50.0,3.7974683544303787,50.0,50.0,60.115443037974686
2005-04-01,1469.35,1172.92,,13.998,2.79,0.71,25.41,217447.0,226876.0,25.41,-0.014057572300879007,13.998,,,2.79,,7.5,50.0,71.25,100.0,50.0,50.0,0.0,50.0,50.0,52.625
2005-04-08,1485.6,1181.2,,13.178,2.79,0.73,25.41,217447.0,226876.0,25.41,6.0585253549128026e-05,13.178,,,2.79,,7.4074074074074066,50.0,81.48148148148148,98.7012987012987,50.0,50.0,1.2345679012345698,50.0,50.0,53.395863395863394
2005-04-15,1408.59,1142.62,,13.772,2.79,0.73,25.41,217447.0,226876.0,25.41,-0.027928450167694963,13.772,,,2.79,,7.317073170731707,50.0,74.39024390243902,97.43589743589743,50.0,50.0,2.439024390243901,50.0,50.0,52.44090056285178
2005-04-22,1421.21,1152.12,,15.646,2.79,0.64,25.41,217447.0,226876.0,25.41,-0.050634264300171594,15.646,,,2.79,,7.228915662650602,50.0,49.397590361445786,96.20253164556962,50.0,50.0,3.6144578313252964,50.0,50.0,49.70199786487723
2005-04-29,1420.79,1156.85,,15.313999999999998,2.79,0.55,25.41,217447.0,217447.0,25.41,0.01386510247188455,15.313999999999998,,,2.79,,7.142857142857142,50.0,52.38095238095239,78.75,50.0,50.0,4.761904761904773,50.0,50.0,46.84166666666667
2005-05-06,1456.0,1171.35,,14.306000000000001,3.0,0.55,25.65,219404.0,217447.0,25.65,0.03542195578122431,14.306000000000001,,,3.0,,18.823529411764707,50.0,68.23529411764706,77.77777777777779,50.0,50.0,0.0,50.0,50.0,50.58823529411765
2005-05-13,1470.63,1154.05,,15.11,3.0,0.51,25.65,219404.0,217447.0,25.65,0.05056256027431516,15.11,,,3.0,,18.6046511627907,50.0,58.13953488372093,76.82926829268293,50.0,50.0,1.1627906976744242,50.0,50.0,49.36415201361316
2005-05-20,1528.06,1189.28,,14.068000000000001,3.0,0.44,25.65,219404.0,217447.0,25.65,0.08513886817642757,14.068000000000001,,,3.0,,18.39080459770115,50.0,68.9655172413793,75.90361445783132,50.0,50.0,2.2988505747126453,50.0,50.0,50.237363246087796
2005-05-27,1549.8,1198.78,,12.522,3.0,0.44,25.65,219404.0,217447.0,25.65,0.05700372386135766,12.522,,,3.0,,18.181818181818183,50.0,90.9090909090909,75.0,50.0,50.0,3.4090909090909065,50.0,50.0,52.22727272727273
2005-06-03,1544.48,1196.02,,12.41,3.04,0.41,26.07,224153.0,219404.0,26.07,0.0614691005058281,12.41,,,3.04,,47.19101123595505,50.0,91.01123595505618,85.88235294117646,50.0,50.0,0.0,50.0,50.0,59.99814937210839
2005-06-10,1521.02,1198.11,,12.282,3.04,0.34,26.07,224153.0,219404.0,26.07,0.026835080707771075,12.282,,,3.04,,46.666666666666664,50.0,95.55555555555556,84.88372093023256,50.0,50.0,1.1111111111111143,50.0,50.0,60.16795865633075
2005-06-17,1538.13,1216.96,,11.506,3.04,0.37,26.07,224153.0,219404.0,26.07,0.050168982350732305,11.506,,,3.04,,46.15384615384615,50.0,98.9010989010989,83.9080459770115,50.0,50.0,2.197802197802204,50.0,50.0,60.224327396741195
2005-06-24,1500.18,1191.57,,11.582,3.04,0.33,26.07,224153.0,219404.0,26.07,0.0012012974011932354,11.582,,,3.04,,45.65217391304348,50.0,97.82608695652173,82.95454545454545,50.0,50.0,3.2608695652173907,50.0,50.0,59.84486166007905
2005-07-01,1490.53,1194.44,,11.862,3.26,0.3,26.29,233585.0,224153.0,26.29,0.006305740654473757,11.862,,,3.26,,49.46236559139785,50.0,95.6989247311828,95.50561797752809,50.0,50.0,0.0,50.0,50.0,62.6533768273529
2005-07-08,1533.27,1211.86,,11.9725,3.26,0.33,26.29,233585.0,224153.0,26.29,0.06477083333333322,11.9725,,,3.26,,48.93617021276596,50.0,93.61702127659575,94.44444444444444,50.0,50.0,1.0638297872340416,50.0,50.0,62.148936170212764
2005-07-15,1577.82,1227.92,,10.842,3.26,0.32,26.29,233585.0,224153.0,26.29,0.13335296695087506,10.842,,,3.26,,48.421052631578945,50.0,100.0,93.4065934065934,50.0,50.0,2.1052631578947256,50.0,50.0,62.4973973395026
2005-07-22,1600.76,1233.68,,10.588,3.26,0.31,26.29,233585.0,224153.0,26.29,0.1637828249047606,10.588,,,3.26,,47.91666666666667,50.0,100.0,92.3913043478261,50.0,50.0,3.125,50.0,50.0,62.21376811594203
2005-07-29,1605.14,1234.18,,10.908,3.26,0.26,26.29,233585.0,233585.0,26.29,0.1462092702747091,10.908,,,3.26,,47.42268041237113,50.0,97.93814432989691,100.0,50.0,50.0,4.123711340206185,50.0,50.0,63.27835051546392
2005-08-05,1601.59,1226.42,,12.132,3.5,0.29,26.1,231400.0,233585.0,26.1,0.21766137002965102,12.132,,,3.5,,46.93877551020408,50.0,89.79591836734694,98.93617021276596,50.0,50.0,0.0,50.0,50.0,62.17585757707339
2005-08-12,1591.75,1230.39,,12.63,3.5,0.19,26.1,231400.0,233585.0,26.1,0.21710174182991548,12.63,,,3.5,,46.464646464646464,50.0,79.79797979797979,97.89473684210527,50.0,50.0,1.0101010101010104,50.0,50.0,60.89377990430622
2005-08-19,1573.72,1219.71,,13.184000000000001,3.5,0.18,26.1,231400.0,233585.0,26.1,0.1514490791890133,13.184000000000001,,,3.5,,46.0,50.0,72.0,96.875,50.0,50.0,2.0,50.0,50.0,59.837500000000006
2005-08-26,1558.84,1205.1,,13.675999999999998,3.5,0.14,26.1,231400.0,233585.0,26.1,0.1226306389352998,13.675999999999998,,,3.5,,45.54455445544555,50.0,67.32673267326732,95.87628865979381,50.0,50.0,2.9702970297029765,50.0,50.0,59.09931611717873
2005-09-02,1573.12,1218.02,,13.297999999999998,3.62,0.28,25.73,244669.0,231400.0,25.73,0.14673936813867705,13.297999999999998,,,3.62,,33.33333333333333,50.0,70.58823529411765,94.89795918367348,50.0,50.0,0.0,50.0,50.0,56.80712284913966
2005-09-09,1607.83,1241.48,,12.59,3.62,0.26,25.73,244669.0,231400.0,25.73,0.13788393489030426,12.59,,,3.62,,33.00970873786408,50.0,80.58252427184466,93.93939393939394,50.0,50.0,0.9708737864077648,50.0,50.0,57.569285083848186
2005-09-16,1599.44,1237.91,,12.132000000000001,3.62,0.29,25.73,244669.0,231400.0,25.73,0.12139101170861677,12.132000000000001,,,3.62,,32.69230769230769,76.92307692307693,89.42307692307692,93.0,50.0,50.0,1.923076923076934,50.0,50.0,61.45153846153846
2005-09-23,1571.75,1215.29,,12.972,3.62,0.23,25.73,244669.0,231400.0,25.73,0.12344090632929494,12.972,,,3.62,,32.38095238095238,79.24528301886792,76.19047619047619,92.07920792079209,50.0,50.0,2.857142857142861,50.0,50.0,60.17892948324482
2005-09-30,1601.66,1228.81,,12.518,3.62,0.16,25.73,244669.0,244669.0,25.73,0.10235797761779564,12.518,,,3.62,,32.075471698113205,64.81481481481481,82.0754716981132,100.0,50.0,50.0,3.773584905660371,50.0,50.0,60.40041928721174
2005-10-07,1555.92,1195.9,,13.952000000000002,3.78,0.17,24.88,239868.0,244669.0,24.88,0.0873259909431432,13.952000000000002,,,3.78,,0.0,63.63636363636363,60.74766355140187,99.02912621359224,50.0,50.0,0.0,50.0,50.0,51.53637270995043
2005-10-14,1544.29,1186.57,,15.748,3.78,0.21,24.88,239868.0,244669.0,24.88,0.07918349662469071,15.748,,,3.78,,0.0,60.71428571428571,36.111111111111114,98.07692307692307,50.0,50.0,0.9259259259259238,50.0,50.0,48.550671550671545
2005-10-21,1565.12,1179.59,,15.148,3.78,0.17,24.88,239868.0,244669.0,24.88,0.0882113679819223,15.148,,,3.78,,0.0,64.91228070175438,46.78899082568807,97.14285714285714,50.0,50.0,1.8348623853211024,50.0,50.0,49.95408705249362
2005-10-28,1557.11,1198.41,,14.825999999999999,3.78,0.18,24.88,239868.0,244669.0,24.88,0.047345835126990865,14.825999999999999,,,3.78,,0.0,37.93103448275862,50.0,96.22641509433963,50.0,50.0,2.7272727272727195,50.0,50.0,46.87247885491217
2005-11-04,1628.03,1220.14,,13.963999999999999,4.0,0.19,25.93,242904.0,239868.0,25.93,0.06739267262856985,13.963999999999999,,,4.0,,42.34234234234234,57.6271186440678,60.36036036036036,95.32710280373831,50.0,50.0,0.0,50.0,50.0,58.57863724646553
2005-11-11,1653.36,1234.72,,12.502,4.0,0.11,25.93,242904.0,239868.0,25.93,0.060927483781546554,12.502,,,4.0,,41.964285714285715,50.0,83.03571428571428,94.44444444444444,50.0,50.0,0.8928571428571388,50.0,50.0,59.69642857142857
2005-11-18,1679.85,1248.27,,11.808,4.0,0.1,25.93,242904.0,239868.0,25.93,0.08230086785086099,11.808,,,4.0,,41.5929203539823,62.295081967213115,93.80530973451327,93.57798165137615,50.0,50.0,1.7699115044247833,50.0,50.0,62.018561577561066
2005-11-25,1701.05,1268.25,,10.815000000000001,4.0,0.1,25.93,242904.0,239868.0,25.93,0.07780086931177377,10.815000000000001,,,4.0,,41.228070175438596,59.67741935483871,99.12280701754386,92.72727272727272,50.0,50.0,2.631578947368425,50.0,50.0,62.01009415033184
2005-12-02,1709.1,1265.08,,11.608,4.16,0.09,26.44,244098.0,242904.0,26.44,0.05865956392467786,11.608,,,4.16,,66.08695652173913,47.61904761904761,93.91304347826087,95.4954954954955,50.0,50.0,0.0,50.0,50.0,65.51217055564882
2005-12-09,1692.62,1259.37,,11.84,4.16,0.11,26.44,244098.0,242904.0,26.44,0.0544867801340676,11.84,,,4.16,,65.51724137931035,43.75,91.37931034482759,94.64285714285714,50.0,50.0,0.8620689655172384,50.0,50.0,64.52709359605912
2005-12-16,1688.68,1267.32,,10.894,4.16,0.08,26.44,244098.0,242904.0,26.44,0.05766592968852757,10.894,,,4.16,,64.95726495726495,47.69230769230769,97.43589743589743,93.80530973451327,50.0,50.0,1.7094017094017175,50.0,50.0,65.34307541033205
2005-12-23,1682.92,1268.66,,10.788,4.16,0.01,26.44,244098.0,242904.0,26.44,0.04284997242481903,10.788,,,4.16,,64.40677966101694,33.33333333333333,99.15254237288136,92.98245614035088,50.0,50.0,2.5423728813559308,50.0,50.0,63.53345227475468
2005-12-30,1645.2,1248.29,,11.65,4.16,-0.02,26.44,244098.0,244098.0,26.44,0.014853928148440776,11.65,,,4.16,,63.86554621848739,14.925373134328357,91.59663865546219,95.65217391304348,50.0,50.0,3.3613445378151283,50.0,50.0,60.94120918971093
2006-01-06,1734.99,1285.45,,11.205,4.29,0.02,26.47,255795.0,244098.0,26.47,0.10875441746921366,11.205,,,4.29,,67.5,76.47058823529412,95.0,94.82758620689656,50.0,50.0,0.0,50.0,50.0,69.24543610547667
2006-01-13,1746.78,1287.61,,11.072,4.29,0.02,26.47,255795.0,244098.0,26.47,0.11893460422391766,11.072,,,4.29,,66.94214876033058,78.26086956521739,95.04132231404958,94.01709401709401,50.0,50.0,0.8264462809917319,50.0,50.0,69.20694325437408
2006-01-20,1676.38,1261.49,,12.675,4.29,0.0,26.47,255795.0,244098.0,26.47,0.1148812215689925,12.675,,,4.29,,66.39344262295081,75.71428571428571,72.1311475409836,93.22033898305084,50.0,50.0,1.639344262295083,50.0,50.0,66.35717858135196
2006-01-27,1711.11,1283.72,,12.9,4.29,0.01,26.47,255795.0,244098.0,26.47,0.14115081429314547,12.9,,,4.29,,65.85365853658537,90.14084507042254,69.91869918699186,92.43697478991596,50.0,50.0,2.439024390243901,50.0,50.0,67.61815849665183
2006-02-03,1664.53,1264.03,,12.778,4.49,-0.05,26.25,249609.0,255795.0,26.25,0.08474476862019298,12.778,,,4.49,,50.806451612903224,62.5,71.77419354838709,100.0,50.0,50.0,0.0,50.0,50.0,62.83870967741936
2006-02-10,1663.75,1266.99,,13.09,4.49,-0.1,26.25,249609.0,255795.0,26.25,0.08705594867070454,13.09,,,4.49,,50.4,64.38356164383562,68.0,99.17355371900827,50.0,50.0,0.7999999999999972,50.0,50.0,62.457267066681766
2006-02-17,1675.21,1287.24,,12.28,4.49,-0.12,26.25,249609.0,255795.0,26.25,0.10545730500197958,12.28,,,4.49,,50.0,68.91891891891892,82.53968253968254,98.36065573770492,50.0,50.0,1.5873015873015959,50.0,50.0,64.22915655702542
2006-02-24,1676.5,1289.43,,11.905000000000001,4.49,-0.16,26.25,249609.0,255795.0,26.25,0.09797629183312595,11.905000000000001,,,4.49,,49.60629921259843,66.66666666666666,85.8267716535433,97.5609756097561,50.0,50.0,2.3622047244094517,50.0,50.0,64.06491261763011
2006-03-03,1684.32,1287.23,,11.83,4.59,-0.08,26.33,259370.0,249609.0,26.33,0.10768259479935294,11.83,,,4.59,,56.25,72.36842105263158,88.28125,96.7741935483871,50.0,50.0,0.0,50.0,50.0,66.18169036502546
2006-03-10,1648.23,1281.42,,12.45,4.59,0.02,26.33,259370.0,249609.0,26.33,0.09470391328604433,12.45,,,4.59,,55.81395348837209,64.93506493506493,75.96899224806202,96.0,50.0,50.0,0.7751937984496067,50.0,50.0,63.83189771468842
2006-03-17,1685.66,1307.25,,11.512,4.59,0.03,26.33,259370.0,249609.0,26.33,0.1355834007006198,11.512,,,4.59,,55.38461538461539,88.46153846153845,92.3076923076923,95.23809523809523,50.0,50.0,1.538461538461533,50.0,50.0,68.06593406593407
2006-03-24,1679.81,1302.95,,11.395999999999999,4.59,-0.05,26.33,259370.0,249609.0,26.33,0.14277453501503445,11.395999999999999,,,4.59,,54.961832061068705,91.13924050632912,93.12977099236642,94.48818897637796,50.0,50.0,2.2900763358778704,50.0,50.0,68.24992638795791
2006-03-31,1703.66,1294.87,,11.39,4.59,0.04,26.33,259370.0,259370.0,26.33,0.15946506958859374,11.39,,,4.59,,54.54545454545454,96.25,93.18181818181819,100.0,50.0,50.0,3.030303030303031,50.0,50.0,69.77727272727273
2006-04-07,1723.03,1295.5,,11.51,4.79,0.08,26.15,265164.0,259370.0,26.15,0.15982094776521283,11.51,,,4.79,,47.368421052631575,96.29629629629629,90.97744360902256,99.2248062015504,50.0,50.0,0.0,50.0,50.0,67.9874492432632
2006-04-13,1712.07,1289.12,,11.51,4.79,0.08,26.15,265164.0,259370.0,26.15,0.21544949204523678,11.51,,,4.79,,47.01492537313433,97.5609756097561,91.04477611940298,98.46153846153847,50.0,50.0,0.7462686567164241,50.0,50.0,67.93785668281481
2006-04-21,1709.02,1311.28,,11.706,4.79,0.11,26.15,265164.0,259370.0,26.15,0.20251053679611042,11.706,,,4.79,,46.666666666666664,96.3855421686747,85.92592592592592,97.70992366412213,50.0,50.0,1.481481481481481,50.0,50.0,67.07997724570887
2006-04-28,1700.71,1310.61,,11.738,4.79,0.2,26.15,265164.0,259370.0,26.15,0.1970171524292823,11.738,,,4.79,,46.32352941176471,95.23809523809523,85.29411764705883,96.96969696969697,50.0,50.0,2.205882352941174,50.0,50.0,66.6772345301757
2006-05-05,1713.84,1325.76,,12.0,4.94,0.18,25.65,255608.0,265164.0,25.65,0.17708791208791208,12.0,,,4.94,,14.5985401459854,94.11764705882352,79.56204379562044,100.0,50.0,50.0,0.0,50.0,50.0,60.170030055817946
2006-05-12,1635.81,1291.24,,12.49,4.94,0.18,25.65,255608.0,265164.0,25.65,0.11231921013443213,12.49,,,4.94,,14.492753623188406,68.6046511627907,71.01449275362319,99.25373134328358,50.0,50.0,0.7246376811594217,50.0,50.0,56.09822978132593
2006-05-19,1600.86,1267.03,,15.469999999999999,4.94,0.09,25.65,255608.0,265164.0,25.65,0.04764210829417692,15.469999999999999,,,4.94,,14.388489208633093,28.735632183908045,31.654676258992808,98.51851851851852,50.0,50.0,1.4388489208633075,50.0,50.0,47.2247746630282
2006-05-26,1606.37,1280.16,,16.619999999999997,4.94,0.1,25.65,255608.0,265164.0,25.65,0.036501484062459566,16.619999999999997,,,4.94,,14.285714285714285,23.863636363636363,17.14285714285714,97.79411764705883,50.0,50.0,2.142857142857153,50.0,50.0,45.03800611153552
2006-06-02,1612.9,1288.22,,15.985,4.99,0.08,24.75,251495.0,255608.0,24.75,0.044299699575261586,15.985,,,4.99,,0.0,28.08988764044944,26.95035460992908,90.51094890510949,50.0,50.0,0.0,50.0,50.0,42.357792780766545
2006-06-09,1550.97,1252.3,,17.652,4.99,-0.03,24.75,251495.0,255608.0,24.75,0.019690733849653475,17.652,,,4.99,,0.0,13.333333333333334,8.450704225352112,89.85507246376811,50.0,50.0,0.7042253521126725,50.0,50.0,38.61898346601347
2006-06-16,1562.84,1251.54,,19.875999999999998,4.99,-0.03,24.75,251495.0,255608.0,24.75,0.016064961999310734,19.875999999999998,,,4.99,,0.0,12.087912087912088,1.3986013986014,89.20863309352518,50.0,50.0,1.3986013986014,50.0,50.0,37.64796354724412
2006-06-23,1551.05,1244.5,,16.362000000000002,4.99,-0.04,24.75,251495.0,255608.0,24.75,0.03390926422162677,16.362000000000002,,,4.99,,0.0,23.91304347826087,23.611111111111114,88.57142857142857,50.0,50.0,2.083333333333343,50.0,50.0,41.173533471359555
2006-06-30,1575.23,1270.2,,14.783999999999997,4.99,-0.01,24.75,251495.0,251495.0,24.75,0.05682542451342809,14.783999999999997,,,4.99,,0.0,40.86021505376344,42.75862068965517,87.94326241134752,50.0,50.0,2.7586206896551744,50.0,50.0,45.00887510945968
2006-07-07,1533.71,1265.48,,13.705,5.24,-0.03,24.7,256016.0,251495.0,24.7,0.00028696837478081605,13.705,,,5.24,,0.0,5.319148936170213,54.79452054794521,87.32394366197182,50.0,50.0,0.0,50.0,50.0,41.83605978628987
2006-07-14,1462.17,1236.2,,15.498,5.24,-0.01,24.7,256016.0,251495.0,24.7,-0.07329733429668772,15.498,,,5.24,,0.0,0.0,33.33333333333334,86.7132867132867,50.0,50.0,0.6802721088435391,50.0,50.0,38.94172494172494
2006-07-21,1451.88,1240.29,,17.107999999999997,5.24,-0.03,24.7,256016.0,251495.0,24.7,-0.09300582223443854,17.107999999999997,,,5.24,,0.0,0.0,11.486486486486484,86.11111111111111,50.0,50.0,1.3513513513513544,50.0,50.0,36.648648648648646
2006-07-28,1510.3,1278.55,,14.744,5.24,0.02,24.7,256016.0,251495.0,24.7,-0.059085188830880875,14.744,,,5.24,,0.0,2.0618556701030926,44.966442953020135,85.51724137931035,50.0,50.0,2.0134228187919376,50.0,50.0,40.13717042399025
2006-08-04,1503.84,1279.36,,14.628,5.25,0.0,25.05,249368.0,256016.0,25.05,-0.06103309835850623,14.628,,,5.25,,8.666666666666668,2.0408163265306123,46.0,93.83561643835617,50.0,50.0,0.0,50.0,50.0,43.468642251421116
2006-08-11,1486.74,1266.74,,14.884,5.25,0.01,25.05,249368.0,256016.0,25.05,-0.0659714151091566,14.884,,,5.25,,8.609271523178808,2.0202020202020203,41.05960264900662,93.19727891156462,50.0,50.0,0.6622516556291487,50.0,50.0,42.8457490160423
2006-08-18,1576.46,1302.3,,12.794,5.25,-0.03,25.05,249368.0,256016.0,25.05,0.0017410975268790096,12.794,,,5.25,,8.552631578947368,12.0,67.10526315789474,92.56756756756756,50.0,50.0,1.3157894736842195,50.0,50.0,46.52321479374111
2006-08-25,1557.7,1295.09,,12.304,5.25,-0.07,25.05,249368.0,256016.0,25.05,-0.0007313130276358493,12.304,,,5.25,,8.49673202614379,8.91089108910891,77.12418300653594,91.94630872483222,50.0,50.0,1.9607843137254974,50.0,50.0,47.03140720704522
2006-09-01,1589.47,1311.01,,12.190000000000001,5.25,-0.04,25.64,261769.0,249368.0,25.64,0.010393358421481036,12.190000000000001,,,5.25,,21.428571428571427,16.666666666666664,79.22077922077922,80.0,50.0,50.0,2.597402597402592,50.0,50.0,48.6077922077922
2006-09-08,1574.71,1298.92,,13.352500000000001,5.25,-0.02,25.64,261769.0,249368.0,25.64,-0.020599192700720748,13.352500000000001,,,5.25,,21.29032258064516,6.796116504854369,58.064516129032256,79.47019867549669,50.0,50.0,3.225806451612897,50.0,50.0,45.18468587120419
2006-09-15,1632.44,1319.66,,11.879999999999999,5.25,-0.07,25.64,261769.0,249368.0,25.64,0.020632221277447016,11.879999999999999,,,5.25,,21.153846153846153,23.076923076923077,83.97435897435898,78.94736842105263,50.0,50.0,3.8461538461538396,50.0,50.0,49.60796221322537
2006-09-22,1622.37,1314.78,,11.998000000000001,5.25,-0.07,25.64,261769.0,249368.0,25.64,0.0322061396532527,11.998000000000001,,,5.25,,21.019108280254777,30.476190476190478,81.52866242038216,78.43137254901961,50.0,50.0,4.458598726114644,50.0,50.0,50.13147781405556
2006-09-29,1654.13,1335.85,,11.786,5.25,-0.07,25.64,261769.0,261769.0,25.64,0.03275976174718731,11.786,,,5.25,-0.0944069203445066,20.88607594936709,32.075471698113205,86.70886075949367,97.40259740259741,50.0,50.0,5.063291139240505,50.0,50.0,54.2296254020639
2006-10-06,1684.88,1349.59,,12.042,5.25,-0.04,26.54,267710.0,261769.0,26.54,0.08288343873721016,12.042,,,5.25,-0.10079407805751983,77.9874213836478,60.747663551401864,79.87421383647799,96.7741935483871,50.0,50.0,5.660377358490564,50.0,50.0,68.29398012525526
2006-10-13,1727.21,1365.62,,11.331999999999999,5.25,-0.06,26.54,267710.0,261769.0,26.54,0.1184492549974423,11.331999999999999,,,5.25,-0.07494149098770064,77.5,76.85185185185185,95.0,96.15384615384616,50.0,50.0,6.25,50.0,50.0,71.52991452991452
2006-10-20,1709.58,1368.6,,11.138,5.25,-0.08,26.54,267710.0,261769.0,26.54,0.09229963197710078,11.138,,,5.25,-0.08283225368478653,77.01863354037268,65.13761467889908,95.65217391304348,95.54140127388536,50.0,50.0,6.83229813664596,50.0,50.0,69.98291009014613
2006-10-27,1717.61,1377.34,,10.776,5.25,-0.08,26.54,267710.0,261769.0,26.54,0.10307556948449381,10.776,,,5.25,-0.09819857080906691,76.5432098765432,68.18181818181817,99.38271604938272,94.9367088607595,50.0,50.0,7.407407407407405,50.0,50.0,70.5173393570018
2006-11-03,1703.98,1364.3,,11.278,5.25,-0.1,26.93,294899.0,267710.0,26.93,0.04665147448142859,11.278,,,5.25,-0.10936051085523713,91.41104294478528,37.83783783783784,93.86503067484662,100.0,50.0,50.0,7.975460122699388,50.0,50.0,70.20925219698226
2006-11-10,1751.11,1380.9,,10.959999999999999,5.25,-0.14,26.93,294899.0,267710.0,26.93,0.05912203028983409,10.959999999999999,,,5.25,-0.07058557515720199,90.85365853658537,50.0,95.73170731707317,99.375,50.0,50.0,8.536585365853654,50.0,50.0,71.6314024390244
2006-11-17,1800.67,1401.2,,10.376000000000001,5.25,-0.15,26.93,294899.0,267710.0,26.93,0.0719230883709856,10.376000000000001,,,5.25,-0.042270068688857965,90.30303030303031,56.63716814159292,100.0,98.75776397515527,50.0,50.0,9.090909090909093,50.0,50.0,72.63346375312516
2006-11-24,1815.53,1400.95,,10.185,5.25,-0.18,26.93,294899.0,267710.0,26.93,0.06729960906498933,10.185,,,5.25,-0.049172024574868134,89.7590361445783,54.385964912280706,100.0,98.14814814814815,50.0,50.0,9.638554216867462,50.0,50.0,72.14478968505601
2006-12-01,1775.12,1396.71,,11.464,5.24,-0.09,27.28,303288.0,294899.0,27.28,0.03862851793341515,11.464,,,5.24,-0.054073587395886635,94.61077844311377,34.78260869565217,89.22155688622755,100.0,50.0,50.0,12.574850299401191,50.0,50.0,70.01822442072377
2006-12-08,1786.21,1409.84,,11.714,5.24,-0.12,27.28,303288.0,294899.0,27.28,0.05529297775046982,11.714,,,5.24,-0.05221172232211102,94.04761904761905,44.827586206896555,83.33333333333334,99.39024390243902,50.0,50.0,13.095238095238088,50.0,50.0,70.41241139012376
2006-12-15,1808.56,1427.09,,10.312000000000001,5.24,-0.13,27.28,303288.0,294899.0,27.28,0.07099035933391762,10.312000000000001,,,5.24,-0.042744691065958795,93.49112426035504,57.26495726495726,99.40828402366864,98.7878787878788,50.0,50.0,13.6094674556213,50.0,50.0,73.29266630805093
2006-12-22,1748.61,1410.76,,10.61,5.24,-0.08,27.28,303288.0,294899.0,27.28,0.039033346801987,10.61,,,5.24,-0.07625281289435581,92.94117647058823,34.74576271186441,97.6470588235294,98.19277108433735,50.0,50.0,14.117647058823536,50.0,50.0,70.19713149707505
2006-12-29,1756.9,1418.3,,11.1125,5.24,-0.11,27.28,303288.0,303288.0,27.28,0.0678944809141746,11.1125,,,5.24,-0.07907896700921002,92.39766081871345,56.30252100840336,92.39766081871345,100.0,50.0,50.0,14.619883040935676,50.0,50.0,72.47560076662243
2007-01-05,1785.3,1409.71,,11.896666666666667,5.25,-0.11,27.21,311506.0,303288.0,27.21,0.028997285286946894,11.896666666666667,,,5.25,-0.082398689332974,91.86046511627907,25.0,77.32558139534883,99.40476190476191,50.0,50.0,9.883720930232556,50.0,50.0,66.99750830564784
2007-01-12,1844.81,1430.73,,11.28,5.25,-0.11,27.21,311506.0,303288.0,27.21,0.05612040440124111,11.28,,,5.25,-0.06778671285126481,91.32947976878613,45.45454545454545,90.17341040462428,98.81656804733728,50.0,50.0,10.404624277456648,50.0,50.0,70.52476469728582
2007-01-19,1796.81,1430.5,,10.645,5.25,-0.15,27.21,311506.0,303288.0,27.21,0.07183932044047281,10.645,,,5.25,-0.07966316450406885,90.80459770114942,59.01639344262295,97.1264367816092,98.23529411764706,50.0,50.0,10.919540229885058,50.0,50.0,72.63788337268203
2007-01-26,1772.97,1422.18,,10.67,5.25,-0.11,27.21,311506.0,303288.0,27.21,0.036151971527254245,10.67,,,5.25,-0.06985092239858104,90.28571428571428,30.89430894308943,96.57142857142857,97.6608187134503,50.0,50.0,11.42857142857143,50.0,50.0,69.0005501558775
2007-02-02,1798.13,1448.39,,10.644,5.26,-0.11,27.32,321171.0,311506.0,27.32,0.08026289703399758,10.644,,,5.26,-0.06785593469630835,94.88636363636364,62.096774193548384,97.1590909090909,100.0,50.0,50.0,0.0,50.0,50.0,74.14479472140764
2007-02-09,1785.53,1438.06,,10.612,5.26,-0.13,27.32,321171.0,311506.0,27.32,0.07319609316303533,10.612,,,5.26,-0.052253350586161096,94.35028248587571,60.0,97.17514124293785,99.42196531791907,50.0,50.0,0.5649717514124291,50.0,50.0,73.68352437869436
2007-02-16,1821.49,1455.54,,10.484,5.26,-0.14,27.32,321171.0,311506.0,27.32,0.08732039565188843,10.484,,,5.26,-0.04321020205781312,93.82022471910112,66.66666666666666,98.31460674157303,98.85057471264368,50.0,50.0,1.1235955056179847,50.0,50.0,74.3886090662534
2007-02-23,1839.77,1451.19,,10.3,5.26,-0.14,27.32,321171.0,311506.0,27.32,0.09738741425589015,10.3,,,5.26,-0.016260492532382598,93.29608938547486,70.07874015748031,99.44134078212291,98.28571428571429,50.0,50.0,1.6759776536312927,50.0,50.0,74.70422934563346
2007-03-02,1726.03,1387.17,,15.862,5.26,-0.04,26.23,317737.0,321171.0,26.23,0.024763702859314174,15.862,,,5.26,-0.027295359758974014,49.44444444444444,21.875,24.444444444444443,100.0,50.0,50.0,2.2222222222222285,50.0,50.0,52.958333333333336
2007-03-09,1744.74,1402.84,,15.841999999999999,5.26,-0.07,26.23,317737.0,321171.0,26.23,0.05855372126462943,15.841999999999999,,,5.26,-0.03299401837262095,49.171270718232044,48.06201550387597,24.86187845303867,99.43502824858757,50.0,50.0,2.762430939226519,50.0,50.0,55.98618893416115
2007-03-16,1742.23,1386.95,,16.522,5.26,-0.03,26.23,317737.0,321171.0,26.23,0.03355955530771326,16.522,,,5.26,-0.004038693722666853,48.9010989010989,28.46153846153846,17.032967032967022,98.87640449438202,50.0,50.0,3.296703296703299,50.0,50.0,52.69665390788986
2007-03-23,1794.04,1436.11,,13.185999999999998,5.26,0.02,26.23,317737.0,321171.0,26.23,0.06800173829183054,13.185999999999998,,,5.26,-0.028534536430372626,48.63387978142077,56.48854961832062,52.459016393442624,98.32402234636871,50.0,50.0,3.825136612021865,50.0,50.0,59.449627572173256
2007-03-30,1772.36,1420.86,,14.280000000000001,5.26,0.07,26.23,317737.0,317737.0,26.23,0.04032494746604365,14.280000000000001,,,5.26,-0.0551287681922874,48.369565217391305,34.84848484848485,42.391304347826086,97.77777777777777,50.0,50.0,4.347826086956516,50.0,50.0,55.69486166007905
2007-04-05,1812.94,1443.76,,14.280000000000001,5.26,0.07,26.98,342084.0,317737.0,26.98,0.05218133172376582,14.280000000000001,,,5.26,-0.04679613709848973,85.4054054054054,42.857142857142854,42.7027027027027,97.23756906077348,50.0,50.0,4.864864864864856,50.0,50.0,63.99697092514772
2007-04-13,1816.85,1452.85,,12.844,5.25,0.0,26.98,342084.0,317737.0,26.98,0.06120076866015989,12.844,,,5.25,-0.026671226390574843,84.94623655913979,51.49253731343284,58.60215053763441,96.7032967032967,50.0,50.0,16.666666666666657,50.0,50.0,66.43516024979675
2007-04-20,1845.89,1484.35,,12.23,5.25,0.04,26.98,342084.0,317737.0,26.98,0.08008683338989608,12.23,,,5.25,-0.06832525310259485,84.49197860962568,62.96296296296296,69.5187165775401,96.17486338797814,50.0,50.0,17.11229946524064,50.0,50.0,68.71729834507076
2007-04-27,1891.06,1494.07,,12.922,5.25,0.04,26.98,342084.0,317737.0,26.98,0.11192384357121421,12.922,,,5.25,0.00015518384764656723,84.04255319148936,78.67647058823529,56.91489361702128,95.65217391304348,50.0,50.0,17.553191489361694,50.0,50.0,69.15856777493606
2007-05-04,1895.7,1505.62,,13.362,5.25,-0.03,27.55,382312.0,342084.0,27.55,0.1061125892732111,13.362,,,5.25,-0.022254124061036107,95.23809523809523,74.45255474452554,50.264550264550266,100.0,50.0,50.0,17.989417989417987,50.0,50.0,71.00838064341714
2007-05-11,1898.79,1505.85,,13.158000000000001,5.25,-0.04,27.55,382312.0,342084.0,27.55,0.16076439195261072,13.158000000000001,,,5.25,-0.0179030117403709,94.73684210526315,94.92753623188406,53.68421052631579,99.46236559139786,50.0,50.0,18.421052631578945,50.0,50.0,73.61031962796191
2007-05-18,1896.93,1522.75,,13.547999999999998,5.25,-0.01,27.55,382312.0,342084.0,27.55,0.1849443424159516,13.547999999999998,,,5.25,-0.0453816886476901,94.24083769633508,96.40287769784173,48.69109947643979,98.93048128342245,50.0,50.0,18.84816753926701,50.0,50.0,73.09310944166805
2007-05-25,1889.25,1515.73,,13.404,5.25,0.01,27.55,382312.0,342084.0,27.55,0.1760989062295737,13.404,,,5.25,-0.06399177872744932,93.75,95.0,49.479166666666664,98.40425531914893,50.0,50.0,19.270833333333343,50.0,50.0,72.81068262411347
2007-06-01,1928.26,1536.34,,13.0475,5.25,-0.02,27.42,408444.0,382312.0,27.42,0.19552359104718198,13.0475,,,5.25,-0.043448887712253415,93.26424870466322,96.45390070921985,56.994818652849744,100.0,50.0,50.0,19.689119170984455,50.0,50.0,73.92679969132399
2007-06-08,1906.26,1507.67,,14.738,5.25,0.11,27.42,408444.0,382312.0,27.42,0.22907599760150088,14.738,,,5.25,-0.039716221570754495,92.78350515463917,100.0,37.11340206185567,99.47368421052632,50.0,50.0,20.103092783505147,50.0,50.0,72.17330439500813
2007-06-15,1942.41,1532.91,,14.738,5.25,0.11,27.42,408444.0,382312.0,27.42,0.24287195106344872,14.738,,,5.25,-0.02436372816786747,92.3076923076923,100.0,37.43589743589744,98.95287958115183,50.0,50.0,20.51282051282051,50.0,50.0,72.01664652973554
2007-06-22,1921.94,1502.56,,14.180000000000001,5.25,0.22,27.42,408444.0,382312.0,27.42,0.23912188517455935,14.180000000000001,,,5.25,-0.04182795414752083,91.83673469387756,99.30555555555556,41.83673469387755,98.4375,50.0,50.0,20.918367346938766,50.0,50.0,72.18643707482994
2007-06-29,1934.1,1503.35,,16.568,5.25,0.16,27.42,408444.0,408444.0,27.42,0.227820699199482,16.568,,,5.25,-0.030085476211560325,91.37055837563452,97.93103448275862,14.720812182741113,100.0,50.0,50.0,21.31979695431471,50.0,50.0,69.49791703133205
2007-07-06,1988.31,1530.44,,15.13,5.26,0.2,27.41,416403.0,408444.0,27.41,0.29640544822684856,15.13,,,5.26,0.005477656600557657,90.9090909090909,100.0,32.32323232323232,99.48453608247422,50.0,50.0,5.050505050505052,50.0,50.0,71.32135790898677
2007-07-13,2032.16,1552.5,,16.012,5.26,0.17,27.41,416403.0,408444.0,27.41,0.38982471258472007,16.012,,,5.26,0.050124351943386936,90.45226130653266,100.0,21.608040201005025,98.97435897435898,50.0,50.0,5.527638190954775,50.0,50.0,70.06664089679165
2007-07-20,2035.88,1534.1,,15.88,5.26,0.17,27.41,416403.0,408444.0,27.41,0.4022370994848059,15.88,,,5.26,0.0677683033314358,90.0,100.0,23.5,98.46938775510205,50.0,50.0,6.0,50.0,50.0,70.07448979591837
2007-07-27,1956.19,1458.95,,19.674,5.26,0.24,27.41,416403.0,408444.0,27.41,0.29523273521816873,19.674,,,5.26,0.07264189773243368,89.55223880597015,97.98657718120806,1.492537313432834,97.96954314720813,50.0,50.0,6.46766169154229,50.0,50.0,67.45260852077975
2007-08-03,1918.56,1433.06,,22.887999999999998,5.02,0.25,26.15,362475.0,416403.0,26.15,0.27577401851260785,22.887999999999998,,,5.02,0.11174933840899137,42.07920792079208,97.33333333333334,0.0,100.0,50.0,50.0,27.72277227722772,50.0,50.0,58.09584158415842
2007-08-10,1925.14,1453.64,,24.146,5.02,0.34,26.15,362475.0,416403.0,26.15,0.29487334705462964,24.146,,,5.02,0.10684558474187189,41.87192118226601,97.35099337748345,0.0,99.49748743718592,50.0,50.0,28.07881773399015,50.0,50.0,57.96605118044468
2007-08-17,1888.78,1445.94,,29.148000000000003,5.02,0.5,26.15,362475.0,416403.0,26.15,0.19811476345736656,29.148000000000003,,,5.02,0.06550449632229438,41.66666666666667,90.78947368421053,0.0,99.0,50.0,50.0,28.431372549019613,50.0,50.0,57.048070175438596
2007-08-24,1961.38,1479.37,,23.562,5.02,0.33,26.15,362475.0,416403.0,26.15,0.2591513128330232,23.562,,,5.02,0.07707939242738893,41.46341463414634,96.07843137254902,0.9756097560975547,98.50746268656717,50.0,50.0,28.78048780487805,50.0,50.0,57.65099895072699
2007-08-31,1988.73,1473.99,,24.253999999999998,5.02,0.39,26.15,362475.0,362475.0,26.15,0.2511906484551454,24.253999999999998,,,5.02,0.12611143541193193,41.262135922330096,95.45454545454545,0.4854368932038824,93.56435643564357,50.0,50.0,29.126213592233015,50.0,50.0,56.597100486747706
2007-09-07,1958.35,1453.55,,24.395,4.94,0.48,26.73,359104.0,362475.0,26.73,0.24362581046668907,24.395,,,4.94,0.0926658764388335,70.53140096618358,94.83870967741936,0.4830917874396192,93.10344827586206,50.0,50.0,33.81642512077295,50.0,50.0,62.29385522292617
2007-09-14,2000.82,1484.25,,25.458000000000002,4.94,0.42,26.73,359104.0,362475.0,26.73,0.2256621989169585,25.458000000000002,,,4.94,0.0876212594089465,70.1923076923077,91.66666666666666,0.4807692307692264,92.64705882352942,50.0,50.0,34.13461538461539,50.0,50.0,61.76300904977376
2007-09-21,2049.48,1525.75,,21.262,4.94,0.58,26.73,359104.0,362475.0,26.73,0.26326300412359704,21.262,,,4.94,0.09049498422781399,69.85645933014354,96.17834394904459,3.3492822966507134,92.19512195121952,50.0,50.0,34.44976076555024,50.0,50.0,62.44274332079864
2007-09-28,2091.11,1526.75,,18.119999999999997,4.94,0.62,26.73,359104.0,362475.0,26.73,0.2641751252924498,18.119999999999997,,,4.94,0.08991160294544964,69.52380952380952,96.20253164556962,9.047619047619051,91.74757281553399,50.0,50.0,34.76190476190476,90.38461538461539,50.0,68.9260830214806
2007-10-05,2149.67,1557.59,,18.096,4.76,0.57,27.32,376979.0,359104.0,27.32,0.27585940838516687,18.096,,,4.76,0.11420404182358856,87.67772511848341,96.85534591194968,9.952606635071092,91.30434782608695,50.0,50.0,36.96682464454977,98.11320754716981,50.0,73.80521093740887
2007-10-12,2177.99,1561.8,,17.372,4.76,0.47,27.32,376979.0,359104.0,27.32,0.26098737269932415,17.372,,,4.76,0.11271446422544362,87.26415094339622,94.375,12.264150943396217,90.86538461538461,50.0,50.0,37.264150943396224,96.29629629629629,50.0,73.30445895823254
2007-10-19,2131.08,1500.63,,19.854,4.76,0.61,27.32,376979.0,359104.0,27.32,0.24655178464886118,19.854,,,4.76,0.11220452421574256,86.85446009389672,92.54658385093167,5.164319248826288,90.43062200956938,50.0,50.0,37.558685446009385,94.54545454545455,50.0,71.95224414931445
2007-10-26,2194.59,1535.28,,20.716,4.76,0.64,27.32,376979.0,359104.0,27.32,0.2776998270853106,20.716,,,4.76,0.1177142191394207,86.44859813084112,96.91358024691358,4.672897196261687,90.0,50.0,50.0,37.850467289719624,98.21428571428571,50.0,72.81878183256688
2007-11-02,2213.86,1509.65,,21.137999999999998,4.49,0.65,25.73,379593.0,376979.0,25.73,0.2992288641885468,21.137999999999998,,,4.49,0.15694622818909498,27.906976744186046,98.77300613496932,4.186046511627907,93.8388625592417,50.0,50.0,42.325581395348834,100.0,50.0,62.243755996859825
2007-11-09,2034.3,1453.7,,25.369999999999997,4.49,0.81,25.73,379593.0,376979.0,25.73,0.1617202802793658,25.369999999999997,,,4.49,0.0777580332589809,27.77777777777778,80.48780487804879,0.9259259259259238,93.39622641509435,50.0,50.0,42.592592592592595,79.3103448275862,50.0,56.51455721236891
2007-11-16,2048.62,1458.74,,26.936,4.49,0.82,25.73,379593.0,376979.0,25.73,0.13769874546696492,26.936,,,4.49,0.07346944817596746,27.64976958525346,73.93939393939394,0.4608294930875587,92.95774647887323,50.0,50.0,42.85714285714286,76.27118644067797,50.0,55.1218364713856
2007-11-23,2028.9,1440.7,,25.835,4.49,0.94,25.73,379593.0,376979.0,25.73,0.1175249100813538,25.835,,,4.49,0.06733321061393815,27.522935779816514,66.86746987951807,0.9174311926605441,92.5233644859813,50.0,50.0,43.11926605504587,71.66666666666667,50.0,53.524632268248155
2007-11-30,2089.1,1481.14,,25.228,4.49,0.93,25.73,379593.0,379593.0,25.73,0.17687818288341073,25.228,,,4.49,0.05060820254154086,27.397260273972602,82.03592814371258,2.2831050228310517,93.95348837209302,50.0,50.0,43.37899543378996,68.85245901639344,50.0,55.2915706937589
2007-12-07,2130.0,1504.66,,22.348000000000003,4.24,1.0,25.96,355292.0,379593.0,25.96,0.19246897061375767,22.348000000000003,,,4.24,0.060421698523943634,37.27272727272727,83.33333333333334,5.0,93.51851851851852,50.0,50.0,45.45454545454546,69.35483870967742,50.0,57.6911045943304
2007-12-14,2072.11,1467.95,,22.526,4.24,0.93,25.96,355292.0,379593.0,25.96,0.14572366965984007,22.526,,,4.24,0.06858554364983283,37.10407239819005,75.14792899408283,4.9773755656108705,93.08755760368663,50.0,50.0,45.70135746606335,74.60317460317461,50.0,57.38254007462882
2007-12-21,2111.77,1484.46,,21.578,4.24,0.99,25.96,355292.0,379593.0,25.96,0.20768496119775137,21.578,,,4.24,0.08189950885698583,36.93693693693694,85.88235294117646,5.85585585585585,92.66055045871559,50.0,50.0,45.945945945945944,81.25,50.0,59.645254408482955
2007-12-28,2107.05,1478.49,,19.565,4.24,0.99,25.96,355292.0,379593.0,25.96,0.1992999032386591,19.565,,,4.24,0.07979279303998532,36.771300448430495,84.7953216374269,9.865470852017935,92.23744292237443,50.0,50.0,46.18834080717489,80.0,50.0,59.61898549740651
2008-01-04,1963.52,1411.63,,23.025,3.94,1.14,24.02,365592.0,355292.0,24.02,0.09982635971545406,23.025,,,3.94,0.06474383711648768,0.0,57.55813953488372,4.464285714285708,85.9090909090909,50.0,50.0,50.44642857142857,66.66666666666666,50.0,45.31704167925098
2008-01-11,1912.81,1401.02,,24.094,3.94,1.23,24.02,365592.0,355292.0,24.02,0.03686016446138085,24.094,,,3.94,0.042513959411302205,0.0,24.277456647398843,4.0,85.52036199095022,50.0,50.0,50.666666666666664,61.19402985074627,50.0,40.38606443367084
2008-01-18,1844.09,1325.19,,25.252,3.94,1.3,24.02,365592.0,355292.0,24.02,0.02631329968110152,25.252,,,3.94,0.09171045365748598,0.0,16.666666666666664,2.212389380530979,85.13513513513513,50.0,50.0,50.88495575221239,86.76470588235294,50.0,43.06026914473036
2008-01-25,1789.17,1330.61,,29.2225,3.94,1.38,24.02,365592.0,355292.0,24.02,0.009137210443493249,29.2225,,,3.94,0.05725647525965516,0.0,10.285714285714285,0.0,84.75336322869956,50.0,50.0,51.10132158590308,63.76811594202898,50.0,38.55510848675598
2008-02-01,1855.27,1395.42,,26.588,2.98,1.53,23.5,377088.0,365592.0,23.5,0.031777457692157896,26.588,,,2.98,0.049125454964544346,0.0,20.454545454545457,1.3157894736842195,90.17857142857143,50.0,50.0,62.719298245614034,60.0,50.0,40.31826725905674
2008-02-08,1773.74,1331.29,,27.774,2.98,1.71,23.5,377088.0,365592.0,23.5,-0.006603081438004366,27.774,,,2.98,0.054390890048643614,0.0,5.649717514124294,0.8733624454148554,89.77777777777777,50.0,50.0,62.882096069869,63.38028169014085,50.0,38.93234459975752
2008-02-15,1780.38,1349.99,,25.874000000000002,2.98,1.85,23.5,377088.0,365592.0,23.5,-0.022569434913175423,25.874000000000002,,,2.98,0.05135509810945216,0.0,3.932584269662921,2.173913043478265,89.38053097345133,50.0,50.0,63.04347826086957,62.5,50.0,38.65279699192861
2008-02-22,1773.44,1353.11,,24.7925,2.98,1.81,23.5,377088.0,365592.0,23.5,-0.036053419720943336,24.7925,,,2.98,0.04445638928586093,0.0,3.35195530726257,4.761904761904773,88.98678414096916,50.0,50.0,63.20346320346321,57.534246575342465,50.0,38.02618324473781
2008-02-29,1745.27,1330.63,,23.538,2.98,1.88,23.5,377088.0,377088.0,23.5,0.011146967318065082,23.538,,,2.98,0.05897764900802471,0.0,12.777777777777777,7.327586206896555,92.10526315789474,50.0,50.0,63.362068965517246,66.21621621621621,50.0,41.27747175487647
2008-03-07,1707.5,1293.37,,26.288,2.61,2.03,22.61,349419.0,377088.0,22.61,-0.021344154429886353,26.288,,,2.61,0.056332748782804254,0.0,4.972375690607735,2.1459227467811104,91.70305676855895,50.0,50.0,67.38197424892704,64.0,50.0,39.41782757589165
2008-03-14,1713.83,1288.14,,28.282,2.61,1.97,22.61,349419.0,377088.0,22.61,-0.016300947636075702,28.282,,,2.61,0.07177170968778435,0.0,6.593406593406594,0.8547008547008517,91.30434782608695,50.0,50.0,67.52136752136752,75.0,50.0,41.06146148537453
2008-03-20,1751.99,1329.51,,28.282,2.61,1.97,22.61,349419.0,377088.0,22.61,-0.02343871931506536,28.282,,,2.61,0.056922714547375186,0.0,4.371584699453552,1.2765957446808471,90.9090909090909,50.0,50.0,67.65957446808511,63.63636363636363,50.0,39.06134064749342
2008-03-28,1767.57,1315.22,,25.824,2.61,1.8,22.61,349419.0,377088.0,22.61,-0.0027026112076553588,25.824,,,2.61,0.08163934551256569,0.0,8.695652173913043,4.237288135593218,90.51724137931035,50.0,50.0,67.79661016949153,82.05128205128204,50.0,42.568002830397056
2008-04-04,1865.87,1370.4,,23.476,2.28,1.67,23.36,332303.0,349419.0,23.36,0.02919567111983845,23.476,,,2.28,0.09579455947886473,1.6877637130801686,23.243243243243246,9.28270042194093,81.11587982832617,50.0,50.0,71.30801687763713,89.87341772151899,50.0,44.63688300132588
2008-04-11,1798.72,1332.83,,22.606,2.28,1.73,23.36,332303.0,349419.0,23.36,-0.009978809477942496,22.606,,,2.28,0.11049661599995653,1.680672268907563,8.064516129032258,10.504201680672267,80.76923076923077,50.0,50.0,71.42857142857143,91.25,50.0,43.08025809579415
2008-04-18,1900.28,1390.33,,21.526,2.28,1.58,23.36,332303.0,349419.0,23.36,0.029465461105482982,21.526,,,2.28,0.13032802757987727,1.6736401673640167,24.06417112299465,12.13389121338912,80.42553191489363,50.0,50.0,71.5481171548117,98.76543209876543,50.0,46.22722824906674
2008-04-25,1918.58,1397.84,,20.256,2.28,1.47,23.36,332303.0,349419.0,23.36,0.014552684737660249,20.256,,,2.28,0.14204573381355634,1.6666666666666667,15.957446808510639,14.583333333333343,80.08474576271186,50.0,50.0,71.66666666666667,98.78048780487805,50.0,45.43888769170779
2008-05-02,1981.87,1413.9,,19.546,1.98,1.42,23.7,341610.0,332303.0,23.7,0.045455504562958104,19.546,,,1.98,0.15410568374192057,5.394190871369295,34.39153439153439,16.59751037344398,78.05907172995781,50.0,50.0,73.85892116182572,98.79518072289156,50.0,48.23548335842852
2008-05-09,1960.29,1388.28,,19.130000000000003,1.98,1.52,23.7,341610.0,332303.0,23.7,0.03238904776199569,19.130000000000003,,,1.98,0.1299958675021382,5.371900826446281,26.842105263157894,17.768595041322314,77.73109243697479,50.0,50.0,73.96694214876032,95.23809523809523,50.0,46.84960322537018
2008-05-16,2031.27,1425.35,,17.240000000000002,1.98,1.38,23.7,341610.0,332303.0,23.7,0.07081969287216716,17.240000000000002,,,1.98,0.1308147340495609,5.349794238683128,50.78534031413613,23.86831275720165,77.40585774058577,50.0,50.0,74.07407407407408,96.47058823529412,50.0,50.45467358975268
2008-05-23,1958.96,1375.93,,18.156,1.98,1.39,23.7,341610.0,332303.0,23.7,0.036898240042344765,18.156,,,1.98,0.11623302097141552,5.327868852459016,30.729166666666668,20.08196721311475,77.08333333333334,50.0,50.0,74.18032786885246,90.69767441860465,50.0,46.740921654593976
2008-05-30,2032.57,1400.38,,18.67,1.98,1.4,23.7,341610.0,341610.0,23.7,0.05409540207233454,18.67,,,1.98,0.14515551315658604,5.3061224489795915,39.89637305699482,19.591836734693885,78.42323651452283,50.0,50.0,74.28571428571429,97.70114942528735,50.0,49.0793279165119
2008-06-06,1990.39,1360.68,,20.612000000000002,2.0,1.54,22.42,346892.0,341610.0,22.42,0.044133538971598885,20.612000000000002,,,2.0,0.17290026347123866,0.0,34.02061855670103,14.22764227642277,78.099173553719,50.0,50.0,72.35772357723577,100.0,50.0,47.06308969411582
2008-06-13,1966.01,1360.03,,22.994,2.0,1.22,22.42,346892.0,341610.0,22.42,0.012149855076940552,22.994,,,2.0,0.160618511449387,0.0,14.871794871794872,9.716599190283404,77.77777777777779,50.0,50.0,72.46963562753037,98.87640449438202,50.0,44.08773597780103
2008-06-20,1928.39,1317.93,,21.753999999999998,2.0,1.28,22.42,346892.0,341610.0,22.42,0.003355984057775041,21.753999999999998,,,2.0,0.17939411475831157,0.0,11.73469387755102,11.693548387096769,77.45901639344262,50.0,50.0,72.58064516129032,100.0,50.0,44.02014105483547
2008-06-27,1855.72,1278.38,,22.714000000000002,2.0,1.34,22.42,346892.0,341610.0,22.42,-0.040525308929217685,22.714000000000002,,,2.0,0.17473119933045722,0.0,3.0456852791878175,10.441767068273094,77.14285714285715,50.0,50.0,72.69076305220884,98.9010989010989,50.0,42.630538061208966
2008-07-03,1816.35,1262.9,,22.714000000000002,2.0,1.34,20.91,343297.0,346892.0,20.91,-0.08648550779305042,22.714000000000002,,,2.0,0.1425079408903447,0.0,0.5050505050505051,10.799999999999997,80.48780487804879,50.0,50.0,72.8,92.3913043478261,50.0,41.98710659082876
2008-07-11,1810.88,1239.49,,25.448,2.01,1.37,20.91,343297.0,346892.0,20.91,-0.10888906385323993,25.448,,,2.01,0.13828769375686112,0.0,0.0,4.7808764940239,80.16194331983806,50.0,50.0,70.91633466135458,90.32258064516128,50.0,40.95562454374743
2008-07-18,1823.23,1260.68,,26.236,2.01,1.45,20.91,343297.0,346892.0,20.91,-0.10445114643299214,26.236,,,2.01,0.11709199535123238,0.0,0.5,3.1746031746031775,79.83870967741935,50.0,50.0,71.03174603174602,84.04255319148936,50.0,39.8548110381192
2008-07-25,1846.55,1257.76,,22.378,2.01,1.43,20.91,343297.0,346892.0,20.91,-0.05604772542544445,22.378,,,2.01,0.13129229307291035,0.0,3.9800995024875623,12.648221343873516,79.51807228915662,50.0,50.0,71.14624505928853,89.47368421052632,50.0,41.976739718313
2008-08-01,1826.56,1260.31,,22.596,2.0,1.46,21.4,324814.0,343297.0,21.4,-0.047952631140021684,22.596,,,2.0,0.11283338717308933,1.574803149606299,4.9504950495049505,12.204724409448815,79.2,50.0,50.0,73.22834645669292,80.20833333333334,50.0,40.91674247680674
2008-08-08,1926.23,1296.32,,21.334,2.0,1.43,21.4,324814.0,343297.0,21.4,0.0005661925885909191,21.334,,,2.0,0.15654886509793386,1.5686274509803921,13.30049261083744,14.90196078431373,78.88446215139442,50.0,50.0,73.33333333333333,94.84536082474226,50.0,44.325987992890276
2008-08-15,1957.56,1298.2,,20.552,2.0,1.44,21.4,324814.0,343297.0,21.4,0.036415040396446274,20.552,,,2.0,0.17955479644687378,1.5625,32.35294117647059,17.578125,78.57142857142857,50.0,50.0,73.4375,100.0,50.0,47.59552258403362
2008-08-22,1931.47,1292.2,,20.262,2.0,1.45,21.4,324814.0,343297.0,21.4,-0.015249467211861045,20.262,,,2.0,0.16676697498377702,1.556420233463035,9.75609756097561,17.89883268482491,78.26086956521739,50.0,50.0,73.5408560311284,95.95959595959596,50.0,44.252794938170695
2008-08-29,1872.54,1282.83,,20.259999999999998,2.0,1.47,21.4,324814.0,324814.0,21.4,-0.058424220482418465,20.259999999999998,,,2.0,0.13712582327921163,1.550387596899225,3.8834951456310676,18.217054263565885,72.83464566929135,50.0,50.0,73.64341085271317,87.0,50.0,41.2580385836846
2008-09-05,1768.23,1242.31,,22.627499999999998,1.81,1.43,20.36,345745.0,324814.0,20.36,-0.09708172696402584,22.627499999999998,,,1.81,0.0990932338528634,0.0,0.966183574879227,11.583011583011583,72.54901960784314,50.0,50.0,77.22007722007723,71.28712871287128,50.0,37.52613602362912
2008-09-12,1767.13,1251.7,,24.536,1.81,1.51,20.36,345745.0,324814.0,20.36,-0.11679711318359465,24.536,,,1.81,0.09370320143066069,0.0,0.0,6.92307692307692,72.265625,50.0,50.0,77.3076923076923,69.6078431372549,50.0,36.641296662895925
2008-09-19,1745.06,1255.08,,32.678,1.81,1.62,20.36,345745.0,324814.0,20.36,-0.14853523820676473,32.678,,,1.81,0.07752447105348903,0.0,0.0,0.0,71.98443579766537,50.0,50.0,77.39463601532567,60.19417475728155,50.0,34.486324657172
2008-09-26,1672.04,1213.27,,34.464,1.81,1.74,20.36,345745.0,324814.0,20.36,-0.200405526251608,34.464,,,1.81,0.056588291726580864,0.0,0.0,0.0,71.70542635658916,50.0,50.0,77.48091603053436,47.11538461538461,50.0,32.47428443649374
2008-10-03,1470.84,1099.23,,43.263999999999996,0.97,2.03,16.39,277568.0,345745.0,16.39,-0.31578335279368464,43.263999999999996,,,0.97,0.02615304331033752,0.0,0.0,0.0,79.92277992277992,50.0,50.0,100.0,39.04761904761905,50.0,32.74324324324324
2008-10-10,1269.8,899.22,,59.426,0.97,2.27,16.39,277568.0,345745.0,16.39,-0.41698538560783105,59.426,,,0.97,0.06442349098144462,0.0,0.0,0.0,79.61538461538461,50.0,50.0,100.0,51.886792452830186,50.0,34.61378809869375
2008-10-17,1311.72,940.55,,63.462,0.97,2.34,16.39,277568.0,345745.0,16.39,-0.38448110817050507,63.462,,,0.97,0.040742163818450194,0.0,0.4694835680751174,0.0,79.3103448275862,50.0,50.0,100.0,39.25233644859813,50.0,32.72005056442425
2008-10-24,1202.27,876.77,,64.532,0.97,2.19,16.39,277568.0,345745.0,16.39,-0.45216646389530624,64.532,,,0.97,0.040505241052480545,0.0,0.0,0.0,79.00763358778626,50.0,50.0,100.0,38.88888888888889,50.0,32.55470737913486
2008-10-31,1334.78,968.75,,67.954,0.97,2.45,16.39,277568.0,277568.0,16.39,-0.39708021284092043,67.954,,,0.97,0.025908060473994854,0.0,0.9302325581395349,0.0,61.97718631178707,50.0,50.0,100.0,37.61467889908257,50.0,29.4097232779608
2008-11-07,1271.62,930.99,,55.15,0.39,2.5,15.26,227334.0,277568.0,15.26,-0.37491028855134445,55.15,,,0.39,0.015103588867696138,0.0,1.8518518518518516,1.492537313432834,61.74242424242424,50.0,50.0,100.0,37.27272727272727,50.0,29.576021408110957
2008-11-14,1179.63,873.29,,62.803999999999995,0.39,2.5,15.26,227334.0,277568.0,15.26,-0.4241831086292235,62.803999999999995,,,0.39,0.002623166063224547,0.0,0.4608294930875576,1.1152416356877382,61.50943396226415,50.0,50.0,100.0,36.03603603603604,50.0,29.14392722135223
2008-11-21,1085.57,800.03,,72.91600000000001,0.39,2.11,15.26,227334.0,277568.0,15.26,-0.46494652274631576,72.91600000000001,,,0.39,0.007362306509668293,0.0,0.0,0.0,61.278195488721806,50.0,50.0,100.0,37.5,50.0,29.155075187969924
2008-11-28,1185.75,896.24,,59.09,0.39,1.93,15.26,227334.0,277568.0,15.26,-0.43241108611363743,59.09,,,0.39,-0.014659112446383182,0.0,0.91324200913242,2.2140221402214024,61.04868913857678,50.0,50.0,100.0,33.6283185840708,50.0,28.86400308767247
2008-12-05,1177.87,876.07,,63.15599999999999,0.16,1.74,15.38,210185.0,227334.0,15.38,-0.4470093896713615,63.15599999999999,,,0.16,0.0002441968426939445,1.4705882352941175,0.9090909090909091,1.470588235294116,34.701492537313435,50.0,50.0,100.0,35.96491228070175,50.0,24.691272878500826
2008-12-12,1206.65,879.73,,56.638,0.16,1.82,15.38,210185.0,227334.0,15.38,-0.41767087654612933,56.638,,,0.16,0.020386553733577117,1.465201465201465,2.262443438914027,2.930402930402934,34.572490706319705,50.0,50.0,100.0,40.0,50.0,25.580622125887817
2008-12-19,1217.19,887.88,,50.248000000000005,0.16,1.39,15.38,210185.0,227334.0,15.38,-0.423616208204492,50.248000000000005,,,0.16,0.02340421951038607,1.4598540145985401,2.2522522522522523,3.649635036496349,34.44444444444444,50.0,50.0,100.0,40.51724137931034,50.0,25.704790783736165
2008-12-26,1185.44,872.8,,44.292500000000004,0.16,1.27,15.38,210185.0,227334.0,15.38,-0.4373935122564724,44.292500000000004,,,0.16,0.021348113823406067,1.4545454545454546,1.345291479820628,4.0,34.31734317343174,50.0,50.0,100.0,40.17094017094017,50.0,25.555106865346303
2009-01-02,1263.7,931.8,,41.18,0.15,1.58,15.17,205007.0,210185.0,15.17,-0.3564109354628422,41.18,,,0.15,0.0034792098276186234,0.0,5.357142857142857,4.710144927536234,21.691176470588236,50.0,50.0,100.0,36.440677966101696,50.0,22.9843850952319
2009-01-09,1223.01,890.35,,41.282,0.15,1.68,15.17,205007.0,210185.0,15.17,-0.36062128491590906,41.282,,,0.15,0.008676232116609728,0.0,5.333333333333334,4.693140794223822,21.611721611721613,50.0,50.0,100.0,38.655462184873954,50.0,23.297743297263366
2009-01-16,1198.14,850.12,,47.072,0.15,1.63,15.17,205007.0,210185.0,15.17,-0.3502811684896072,47.072,,,0.15,0.04081712244774771,0.0,6.1946902654867255,3.9568345323741028,21.532846715328464,50.0,50.0,100.0,45.83333333333333,50.0,24.38995869385494
2009-01-23,1175.89,831.95,,49.4075,0.15,1.82,15.17,205007.0,210185.0,15.17,-0.3427734647909365,49.4075,,,0.15,0.039131425423006405,0.0,6.607929515418502,3.9426523297491087,21.454545454545453,50.0,50.0,100.0,43.80165289256198,50.0,24.119282890527607
2009-01-30,1180.25,825.88,,43.013999999999996,0.15,1.93,15.17,205007.0,205007.0,15.17,-0.36383922555746606,43.013999999999996,,,0.15,0.05568844491900482,0.0,5.263157894736842,5.357142857142861,21.3768115942029,50.0,50.0,100.0,52.459016393442624,50.0,25.38397177905562
2009-02-06,1277.49,868.6,,43.906,0.22,2.06,14.12,199655.0,205007.0,14.12,-0.2797760663907901,43.906,,,0.22,0.08227587257882663,0.0,7.860262008733625,4.982206405693944,21.299638989169676,50.0,50.0,96.79715302491103,69.91869918699187,50.0,28.26319197771675
2009-02-13,1236.85,826.84,,43.804,0.22,1.92,14.12,199655.0,205007.0,14.12,-0.3052887585796291,43.804,,,0.22,0.09598980468107976,0.0,7.82608695652174,5.319148936170208,21.223021582733814,50.0,50.0,96.80851063829788,75.80645161290323,50.0,29.1621569552272
2009-02-20,1172.71,770.05,,48.375,0.22,1.82,14.12,199655.0,205007.0,14.12,-0.33873714363045837,48.375,,,0.22,0.10229709176897239,0.0,7.35930735930736,4.240282685512369,21.14695340501792,50.0,50.0,96.81978798586573,76.8,50.0,29.133596764571347
2009-02-27,1116.99,735.09,,46.757999999999996,0.22,2.02,14.12,199655.0,205007.0,14.12,-0.3599901447913503,46.757999999999996,,,0.22,0.09210626015412415,0.0,6.0344827586206895,4.929577464788736,21.071428571428573,50.0,50.0,96.83098591549296,72.22222222222221,50.0,28.343286153703833
2009-03-06,1064.7,683.38,,50.128,0.18,1.92,13.32,203967.0,199655.0,13.32,-0.37645680819912153,50.128,,,0.18,0.11266667584077328,0.0,4.721030042918455,3.8596491228070136,20.99644128113879,50.0,50.0,96.84210526315789,80.31496062992126,50.0,29.279092042524088
2009-03-13,1168.52,756.55,,44.239999999999995,0.18,1.91,13.32,203967.0,199655.0,13.32,-0.31818208340383813,44.239999999999995,,,0.18,0.11447817073645372,0.0,8.547008547008547,5.944055944055947,20.921985815602838,50.0,50.0,96.85314685314685,82.8125,50.0,30.30787906685513
2009-03-20,1187.18,768.54,,42.834,0.18,1.76,13.32,203967.0,199655.0,13.32,-0.3223819770660791,42.834,,,0.18,0.11688857180924672,0.0,8.51063829787234,7.665505226480846,20.848056537102476,50.0,50.0,96.86411149825784,83.72093023255815,50.0,30.598616829954935
2009-03-27,1251.47,815.94,,41.962,0.18,1.88,13.32,203967.0,199655.0,13.32,-0.2919827786169713,41.962,,,0.18,0.10444456712661809,0.0,10.16949152542373,7.986111111111114,20.774647887323944,50.0,50.0,96.875,75.38461538461539,50.0,29.566079021572577
2009-04-03,1316.16,842.5,,42.739999999999995,0.15,1.95,14.98,208010.0,203967.0,14.98,-0.29461323672067175,42.739999999999995,,,0.15,0.11353560012252839,2.768166089965398,10.126582278481013,7.9584775086505175,22.105263157894736,50.0,50.0,100.0,80.91603053435115,50.0,31.18102279084958
2009-04-09,1340.28,856.56,,42.739999999999995,0.15,1.95,14.98,208010.0,203967.0,14.98,-0.2548701298701299,42.739999999999995,,,0.15,0.11838855260824266,2.7586206896551726,11.344537815126051,8.275862068965523,22.02797202797203,50.0,50.0,100.0,85.60606060606061,50.0,32.04659893858677
2009-04-17,1353.92,869.6,,36.275999999999996,0.15,1.99,14.98,208010.0,203967.0,14.98,-0.2875155240280379,36.275999999999996,,,0.15,0.12905129059593312,2.7491408934707904,10.87866108786611,9.62199312714776,21.951219512195124,50.0,50.0,100.0,86.46616541353383,50.0,32.238611146178066
2009-04-24,1373.28,866.23,,37.678,0.15,2.04,14.98,208010.0,203967.0,14.98,-0.28422062150131866,37.678,,,0.15,0.14653801486544404,2.73972602739726,11.25,9.589041095890423,21.875,50.0,50.0,100.0,93.28358208955224,50.0,33.28688662850133
2009-05-01,1396.62,877.52,,36.83,0.18,2.29,16.0,214401.0,208010.0,16.0,-0.2953019118307457,36.83,,,0.18,0.1530072861183831,8.532423208191126,9.95850622406639,9.897610921501709,24.91349480968858,50.0,50.0,95.56313993174061,93.33333333333333,50.0,34.8756955464203
2009-05-08,1394.16,929.23,,33.166,0.18,2.29,16.0,214401.0,208010.0,16.0,-0.28879910625468674,33.166,,,0.18,0.13263343488182,8.503401360544217,11.15702479338843,10.884353741496597,24.82758620689655,50.0,50.0,95.578231292517,88.23529411764706,50.0,34.332218256353556
2009-05-15,1355.11,882.88,,32.562,0.18,2.26,16.0,214401.0,208010.0,16.0,-0.33287549168746655,32.562,,,0.18,0.14967811060877756,8.47457627118644,8.23045267489712,11.52542372881355,24.742268041237114,50.0,50.0,95.59322033898304,92.7007299270073,50.0,34.69382968458007
2009-05-22,1363.17,887.0,,30.410000000000004,0.18,2.53,16.0,214401.0,208010.0,16.0,-0.304135868011598,30.410000000000004,,,0.18,0.15572061056783337,8.445945945945946,10.245901639344263,11.824324324324323,24.65753424657534,50.0,50.0,95.60810810810811,94.20289855072464,50.0,35.16992076533519
2009-05-29,1435.57,919.14,,30.892500000000002,0.18,2.55,16.0,214401.0,214401.0,16.0,-0.2937168215608811,30.892500000000002,,,0.18,0.1765590381470309,8.417508417508419,11.428571428571429,11.784511784511793,28.668941979522184,50.0,50.0,95.62289562289563,98.56115107913669,50.0,36.67796365156593
2009-06-05,1493.21,940.09,,30.098000000000003,0.21,2.52,16.38,217140.0,214401.0,16.38,-0.24979024211335465,30.098000000000003,,,0.21,0.21206806060213157,10.06711409395973,14.227642276422763,12.416107382550337,28.57142857142857,50.0,50.0,92.61744966442953,100.0,50.0,37.60520777307485
2009-06-12,1489.97,946.21,,28.552,0.21,2.51,16.38,217140.0,214401.0,16.38,-0.24213508578288,28.552,,,0.21,0.19733678300547897,10.033444816053512,14.5748987854251,13.37792642140468,28.474576271186443,50.0,50.0,92.64214046822742,99.29078014184397,50.0,37.61251020969233
2009-06-19,1471.23,921.23,,30.610000000000003,0.21,2.54,16.38,217140.0,214401.0,16.38,-0.23706822789995807,30.610000000000003,,,0.21,0.20829702643535108,10.0,14.919354838709678,12.0,28.37837837837838,50.0,50.0,92.66666666666667,99.29577464788733,50.0,37.492796885936365
2009-06-26,1480.2,918.9,,28.618000000000002,0.21,2.42,16.38,217140.0,214401.0,16.38,-0.2023581143707025,28.618000000000002,,,0.21,0.21624292062277994,9.966777408637874,15.261044176706829,13.621262458471762,28.28282828282828,50.0,50.0,92.69102990033223,100.0,50.0,37.77771611968866
2009-07-02,1446.28,896.42,,28.618000000000002,0.21,2.42,16.69,228734.0,217140.0,16.69,-0.20374377185013903,28.618000000000002,,,0.21,0.23463081345314507,12.91390728476821,15.2,13.907284768211923,29.86577181208054,50.0,50.0,92.71523178807946,100.0,50.0,38.67334885994933
2009-07-10,1419.84,879.13,,29.99,0.16,2.41,16.69,228734.0,217140.0,16.69,-0.21593921187488962,29.99,,,0.16,0.2598947250332896,12.871287128712872,15.139442231075698,12.871287128712865,29.76588628762542,50.0,50.0,97.02970297029702,100.0,50.0,38.53597873811552
2009-07-17,1527.26,940.38,,25.396,0.16,2.65,16.69,228734.0,217140.0,16.69,-0.16233278302792298,25.396,,,0.16,0.29372524310875125,12.828947368421053,16.666666666666664,18.75,29.666666666666668,50.0,50.0,97.03947368421052,100.0,50.0,39.28078947368421
2009-07-24,1599.06,979.26,,23.651999999999997,0.16,2.65,16.69,228734.0,217140.0,16.69,-0.1340283230890038,23.651999999999997,,,0.16,0.29285526830451447,12.786885245901638,17.391304347826086,21.967213114754102,29.568106312292358,50.0,50.0,97.04918032786885,99.31972789115646,50.0,39.56127320228096
2009-07-31,1603.36,987.48,,25.244,0.16,2.39,16.69,228734.0,228734.0,16.69,-0.12219691660826915,25.244,,,0.16,0.2943225755605752,12.745098039215685,17.716535433070867,19.607843137254903,42.05298013245033,50.0,50.0,97.05882352941177,100.0,50.0,41.705324597378194
2009-08-07,1619.49,1010.48,,25.156,0.16,2.57,18.09,236251.0,228734.0,18.09,-0.15924370402288412,25.156,,,0.16,0.29158813184646815,14.332247557003258,16.862745098039216,20.195439739413672,41.914191419141915,50.0,50.0,97.06840390879479,97.98657718120806,50.0,41.65206392973347
2009-08-14,1611.58,1004.09,,25.082,0.16,2.48,18.09,236251.0,228734.0,18.09,-0.1767404319663255,25.082,,,0.16,0.25126493810088,14.285714285714285,16.40625,20.454545454545453,41.776315789473685,50.0,50.0,97.07792207792208,96.66666666666667,50.0,41.39108424470267
2009-08-21,1637.78,1026.13,,26.086000000000002,0.16,2.43,18.09,236251.0,228734.0,18.09,-0.1520551704142441,26.086000000000002,,,0.16,0.25908581540613185,14.239482200647249,17.509727626459142,16.8284789644013,41.63934426229508,50.0,50.0,97.0873786407767,96.68874172185431,50.0,41.130304877235936
2009-08-28,1643.24,1028.93,,24.89,0.16,2.45,18.09,236251.0,228734.0,18.09,-0.12245399297211268,24.89,,,0.16,0.24899124209933932,14.193548387096774,18.6046511627907,20.967741935483872,41.50326797385621,50.0,50.0,97.09677419354838,95.39473684210526,50.0,41.447840772112535
2009-09-04,1638.07,1016.4,,27.284000000000002,0.15,2.51,18.83,254107.0,236251.0,18.83,-0.07361033349733914,27.284000000000002,,,0.15,0.2577397523229482,15.434083601286176,21.62162162162162,15.434083601286176,45.928338762214985,50.0,50.0,100.0,96.07843137254902,50.0,42.403685358061495
2009-09-11,1685.46,1042.73,,24.41,0.15,2.44,18.83,254107.0,236251.0,18.83,-0.046216181039312354,24.41,,,0.15,0.2423284951991178,15.384615384615385,25.0,22.115384615384613,45.77922077922078,50.0,50.0,100.0,94.15584415584416,50.0,43.1520979020979
2009-09-18,1725.24,1068.3,,23.708000000000002,0.15,2.46,18.83,254107.0,236251.0,18.83,-0.01135777566387397,23.708000000000002,,,0.15,0.2508758634896796,15.335463258785943,29.50191570881226,23.642172523961662,45.63106796116505,50.0,50.0,100.0,94.83870967741936,50.0,43.91093847383344
2009-09-25,1694.15,1044.38,,24.238,0.15,2.36,18.83,254107.0,236251.0,18.83,0.013223367862013058,24.238,,,0.15,0.24238465229109063,15.286624203821656,36.25954198473282,22.929936305732483,45.483870967741936,50.0,50.0,100.0,93.58974358974359,50.0,44.427021822160604
2009-10-02,1662.49,1025.21,,26.526,0.12,2.36,19.36,265404.0,254107.0,19.36,0.130299692692611,26.526,,,0.12,0.2270656978167932,16.507936507936506,80.22813688212928,16.19047619047619,56.59163987138264,50.0,50.0,100.0,91.71974522292994,50.0,50.9924683067788
2009-10-09,1727.76,1071.49,,24.904,0.12,2.42,19.36,265404.0,254107.0,19.36,0.3606552212946921,24.904,,,0.12,0.21570045689877437,16.455696202531644,99.24242424242425,21.20253164556962,56.41025641025641,50.0,50.0,100.0,90.50632911392405,50.0,53.55027883508896
2009-10-16,1739.32,1087.68,,22.401999999999997,0.12,2.46,19.36,265404.0,254107.0,19.36,0.32598420394596395,22.401999999999997,,,0.12,0.22265693609243786,16.40378548895899,98.86792452830188,28.70662460567823,56.23003194888179,50.0,50.0,100.0,91.19496855345912,50.0,54.31622153557343
2009-10-23,1753.63,1079.6,,21.514,0.12,2.47,19.36,265404.0,254107.0,19.36,0.4585991499413611,21.514,,,0.12,0.23714129967423192,16.352201257861633,100.0,30.50314465408806,56.05095541401274,50.0,50.0,100.0,92.5,50.0,54.78492669150342
2009-10-30,1667.13,1036.19,,26.5,0.12,2.51,19.36,265404.0,265404.0,19.36,0.2489923433075114,26.5,,,0.12,0.2188711174681539,16.30094043887147,93.63295880149812,16.300940438871464,65.39682539682539,50.0,50.0,100.0,90.06211180124224,50.0,53.90698252945612
2009-11-06,1730.76,1069.3,,27.186,0.12,2.68,19.81,250988.0,265404.0,19.81,0.3610669854201729,27.186,,,0.12,0.21402873817868218,17.8125,98.88059701492537,15.3125,65.18987341772153,50.0,50.0,100.0,88.27160493827161,50.0,54.43433959772166
2009-11-13,1788.61,1093.48,,23.326,0.12,2.61,19.81,250988.0,265404.0,19.81,0.516246619702788,23.326,,,0.12,0.21291425430836985,17.75700934579439,100.0,26.16822429906543,64.98422712933754,50.0,50.0,100.0,87.73006134969326,50.0,55.52489438480017
2009-11-20,1764.39,1091.38,,22.35,0.12,2.61,19.81,250988.0,265404.0,19.81,0.6253120480484908,22.35,,,0.12,0.19280340048683087,17.70186335403727,100.0,29.8136645962733,64.77987421383648,50.0,50.0,100.0,85.36585365853658,50.0,55.48699453770584
2009-11-27,1765.46,1091.49,,21.740000000000002,0.12,2.53,19.81,250988.0,265404.0,19.81,0.4888973223698081,21.740000000000002,,,0.12,0.21308594048663365,17.647058823529413,99.2619926199262,30.650154798761605,64.57680250783699,50.0,50.0,100.0,87.87878787878788,50.0,55.81150899220202
2009-12-04,1791.91,1105.98,,22.252000000000002,0.12,2.64,20.32,262399.0,250988.0,20.32,0.5213138971193767,22.252000000000002,,,0.12,0.21871911732437843,18.82716049382716,99.63235294117648,30.24691358024691,53.43750000000001,50.0,50.0,100.0,89.7590361445783,50.0,54.328611231418044
2009-12-11,1792.06,1106.41,,22.472,0.12,2.72,20.32,262399.0,250988.0,20.32,0.4851531098495834,22.472,,,0.12,0.2155857428572413,18.76923076923077,98.53479853479854,28.92307692307692,53.271028037383175,50.0,50.0,100.0,88.02395209580838,50.0,53.762707531429896
2009-12-18,1807.36,1102.47,,21.474,0.12,2.73,20.32,262399.0,250988.0,20.32,0.4848626755066998,21.474,,,0.12,0.25212571721778443,18.711656441717793,98.17518248175182,32.20858895705521,53.105590062111794,50.0,50.0,100.0,95.83333333333334,50.0,55.17821829303942
2009-12-24,1869.84,1126.48,,21.474,0.12,2.73,20.32,262399.0,250988.0,20.32,0.5773383722499661,21.474,,,0.12,0.27003704819105334,18.654434250764528,99.63636363636364,32.415902140672785,52.94117647058824,50.0,50.0,100.0,97.63313609467455,50.0,55.603222879490886
2009-12-31,1860.31,1115.1,,19.8025,0.12,2.82,20.32,262399.0,262399.0,20.32,0.47211363456516575,19.8025,,,0.12,0.2510015929586237,18.597560975609756,97.46376811594203,36.58536585365854,63.580246913580254,50.0,50.0,100.0,94.11764705882352,50.0,57.13579245766882
2010-01-08,1892.59,1144.98,,19.148,0.11,2.87,20.53,266455.0,262399.0,20.53,0.5474853026549251,19.148,,,0.11,0.2256229043638145,21.27659574468085,99.27797833935018,38.297872340425535,63.38461538461539,50.0,50.0,100.0,89.47368421052632,50.0,57.32874718451046
2010-01-15,1864.52,1136.03,,17.838,0.11,2.81,20.53,266455.0,262399.0,20.53,0.5561787437194317,17.838,,,0.11,0.24353455112800104,21.21212121212121,99.28057553956835,42.121212121212125,63.190184049079754,50.0,50.0,100.0,92.44186046511628,50.0,58.10872671789546
2010-01-22,1794.82,1091.76,,21.46,0.11,2.78,20.53,266455.0,262399.0,20.53,0.5263502538502749,21.46,,,0.11,0.24465741349158598,21.148036253776432,98.56630824372759,32.3262839879154,62.99694189602446,50.0,50.0,100.0,92.48554913294798,50.0,57.002474550020736
2010-01-29,1741.04,1073.87,,24.29,0.11,2.81,20.53,266455.0,262399.0,20.53,0.47514509637788604,24.29,,,0.11,0.22682711351911689,21.084337349397593,96.42857142857143,22.59036144578313,62.80487804878049,50.0,50.0,100.0,88.50574712643679,50.0,55.12807230363241
2010-02-05,1746.12,1066.19,,23.572,0.13,2.82,19.92,263657.0,266455.0,19.92,0.36683653101002744,23.572,,14667.0,0.13,0.23651955786639467,18.31831831831832,94.66192170818505,24.62462462462463,66.8693009118541,50.0,50.0,94.5945945945946,89.71428571428571,50.0,55.47917375238492
2010-02-12,1779.11,1075.51,,24.919999999999998,0.13,2.85,19.92,263657.0,266455.0,19.92,0.4384201802967216,24.919999999999998,,14667.0,0.13,0.23782543697372016,18.263473053892216,95.39007092198581,20.65868263473054,66.66666666666666,50.0,50.0,94.61077844311377,90.3409090909091,50.0,55.216507748526155
2010-02-19,1823.32,1109.17,,21.155,0.13,2.83,19.92,263657.0,266455.0,19.92,0.5547918922836848,21.155,,14667.0,0.13,0.22674110487042365,18.208955223880597,98.93992932862191,33.73134328358209,66.46525679758308,50.0,50.0,94.6268656716418,87.00564971751412,50.0,56.40231057376103
2010-02-26,1818.68,1104.49,,20.236,0.13,2.8,19.92,263657.0,266455.0,19.92,0.6281972085694589,20.236,,14667.0,0.13,0.25745989401613845,18.154761904761905,100.0,36.60714285714286,66.26506024096386,50.0,50.0,94.64285714285714,95.50561797752809,50.0,58.04522020666937
2010-03-05,1888.56,1138.7,,18.657999999999998,0.16,2.78,21.0,277798.0,263657.0,21.0,0.7737954353338967,18.657999999999998,,-574.0,0.16,0.2707200899674995,24.33234421364985,100.0,41.246290801186944,63.36336336336337,50.0,50.0,89.61424332344214,97.76536312849163,50.0,59.56130779752782
2010-03-12,1924.43,1149.99,,17.984,0.16,2.74,21.0,277798.0,263657.0,21.0,0.6468952178824496,17.984,,-574.0,0.16,0.2754283209536783,24.2603550295858,99.65034965034964,43.19526627218935,63.17365269461078,50.0,50.0,89.64497041420118,97.77777777777777,50.0,59.667563742874655
2010-03-19,1932.43,1159.9,,17.238,0.16,2.68,21.0,277798.0,263657.0,21.0,0.6277481089640997,17.238,,-574.0,0.16,0.2694708119997822,24.188790560471976,98.95470383275261,45.427728613569315,62.98507462686567,50.0,50.0,89.67551622418878,96.13259668508287,50.0,59.51229836897989
2010-03-26,1952.63,1166.59,,17.387999999999998,0.16,2.82,21.0,277798.0,263657.0,21.0,0.5602691235107513,17.387999999999998,,-574.0,0.16,0.2806668409230626,24.11764705882353,97.91666666666666,44.41176470588235,62.797619047619044,50.0,50.0,89.70588235294117,97.8021978021978,50.0,59.48860698125404
2010-04-01,1959.56,1178.1,,17.387999999999998,0.16,2.82,21.8,295550.0,277798.0,21.8,0.4888463408704107,17.387999999999998,,9770.0,0.16,0.26487981211277223,26.68621700879765,95.15570934256056,44.57478005865103,70.32640949554896,50.0,50.0,89.73607038123167,95.08196721311475,50.0,60.634455319897924
2010-04-09,1994.43,1194.37,,16.498,0.2,2.82,21.8,295550.0,277798.0,21.8,0.488069657086579,16.498,,9770.0,0.2,0.27565297410273537,26.608187134502927,94.82758620689656,50.877192982456144,70.11834319526628,50.0,50.0,82.16374269005848,97.28260869565217,50.0,61.50236014946954
2010-04-16,2012.84,1192.13,,16.324,0.2,2.81,21.8,295550.0,277798.0,21.8,0.4866757267785393,16.324,,9770.0,0.2,0.28731149164020353,26.53061224489796,94.50171821305841,52.478134110787174,69.91150442477876,50.0,50.0,82.21574344023324,97.83783783783784,50.0,61.653888517761175
2010-04-23,2055.33,1217.28,,16.496000000000002,0.2,2.74,21.8,295550.0,277798.0,21.8,0.4966576371897937,16.496000000000002,,9770.0,0.2,0.27212568254130265,26.453488372093027,95.54794520547945,50.872093023255815,69.70588235294117,50.0,50.0,82.26744186046511,95.6989247311828,50.0,61.245557934608556
2010-04-30,2000.63,1186.69,,20.369999999999997,0.2,2.72,21.8,295550.0,295550.0,21.8,0.4324798441952715,20.369999999999997,,10023.0,0.2,0.267177942414606,26.3768115942029,91.80887372013652,34.78260869565217,71.8475073313783,50.0,50.0,82.31884057971014,93.58288770053476,50.0,59.240672509550485
2010-05-07,1849.44,1110.88,,28.538,0.2,2.62,20.48,268566.0,295550.0,20.48,0.3265622310208298,28.538,,10023.0,0.2,0.2363001648832641,21.38728323699422,89.79591836734694,13.0057803468208,71.6374269005848,50.0,50.0,82.3699421965318,84.04255319148936,50.0,54.35466470699122
2010-05-14,1907.1,1135.68,,28.119999999999997,0.2,2.65,20.48,268566.0,295550.0,20.48,0.4073396255654522,28.119999999999997,,10023.0,0.2,0.25955272428050247,21.32564841498559,91.52542372881356,13.8328530259366,71.42857142857143,50.0,50.0,82.42074927953891,92.06349206349206,50.0,55.798132499715074
2010-05-21,1822.77,1087.69,,37.12,0.2,2.44,20.48,268566.0,295550.0,20.48,0.3371553071150333,37.12,,10023.0,0.2,0.24721001333044756,21.26436781609195,89.52702702702703,8.333333333333343,71.22093023255815,50.0,50.0,82.47126436781609,87.36842105263159,50.0,54.254480739550175
2010-05-28,1852.39,1089.41,,33.94,0.2,2.55,20.48,268566.0,295550.0,20.48,0.2903515676699848,33.94,,10023.0,0.2,0.25155930519614045,21.20343839541547,87.20538720538721,9.455587392550143,71.01449275362319,50.0,50.0,82.52148997134671,89.52879581151832,50.0,54.3628209503645
2010-06-04,1832.04,1064.88,,32.6625,0.18,2.48,19.74,263202.0,268566.0,19.74,0.2269138299368474,32.6625,,-25024.5,0.18,0.25475671261608057,16.28571428571429,81.87919463087249,10.285714285714292,67.05202312138728,50.0,50.0,85.14285714285714,90.10416666666666,50.0,52.196206803268694
2010-06-11,1847.15,1091.6,,32.672000000000004,0.18,2.49,19.74,263202.0,268566.0,19.74,0.23972294744189493,32.672000000000004,,-25024.5,0.18,0.23884818307245048,16.23931623931624,82.94314381270902,10.256410256410248,66.85878962536023,50.0,50.0,85.18518518518519,83.93782383419689,50.0,51.351937238723735
2010-06-18,1913.48,1117.51,,25.874000000000002,0.18,2.5,19.74,263202.0,268566.0,19.74,0.30059881867552996,25.874000000000002,,-25024.5,0.18,0.25186084274017373,16.193181818181817,88.66666666666667,18.181818181818173,66.66666666666666,50.0,50.0,85.22727272727272,89.17525773195877,50.0,53.573106841611995
2010-06-25,1838.52,1076.76,,27.422000000000004,0.18,2.47,19.74,263202.0,268566.0,19.74,0.2420753952168626,27.422000000000004,,-25024.5,0.18,0.23434126944317912,16.147308781869686,82.72425249169434,15.297450424929181,66.4756446991404,50.0,50.0,85.26912181303116,80.51282051282051,50.0,51.22865622063853
2010-07-02,1728.34,1022.58,,32.13,0.18,2.37,19.67,267468.0,263202.0,19.67,0.19502447658821254,32.13,,-3147.0,0.18,0.2010899803941213,16.101694915254235,77.48344370860927,11.01694915254238,60.285714285714285,50.0,50.0,85.31073446327683,72.44897959183673,50.0,47.83882265354228
2010-07-09,1814.79,1077.96,,26.795,0.18,2.44,19.67,267468.0,263202.0,19.67,0.27816514536849235,26.795,,-3147.0,0.18,0.1986968329931037,16.056338028169016,86.79867986798679,16.619718309859152,60.11396011396012,50.0,50.0,85.35211267605634,72.08121827411168,50.0,49.42177658240771
2010-07-16,1803.48,1064.88,,25.054,0.18,2.35,19.67,267468.0,263202.0,19.67,0.18085984049867077,25.054,,-3147.0,0.18,0.1917080022951574,16.01123595505618,76.31578947368422,22.19101123595506,59.94318181818182,50.0,50.0,85.3932584269663,70.70707070707071,50.0,48.475076384782184
2010-07-23,1875.38,1102.66,,24.728,0.18,2.42,19.67,267468.0,263202.0,19.67,0.17280152089352496,24.728,,-3147.0,0.18,0.2028999837555292,15.966386554621847,75.08196721311475,23.529411764705884,59.773371104815865,50.0,50.0,85.43417366946778,72.8643216080402,50.0,48.74490959304162
2010-07-30,1864.0,1101.6,,23.56,0.18,2.39,19.67,267468.0,267468.0,19.67,0.1625586268835446,23.56,,-3147.0,0.18,0.2028572750978016,15.921787709497206,74.50980392156863,27.09497206703911,65.5367231638418,50.0,50.0,85.47486033519553,72.5,50.0,50.006641388683114
2010-08-06,1902.88,1121.64,,22.137999999999998,0.19,2.36,19.77,268371.0,267468.0,19.77,0.17498718732440466,22.137999999999998,,-11997.0,0.19,0.21682937869533558,18.384401114206128,75.2442996742671,32.31197771587743,65.35211267605634,50.0,50.0,80.50139275766017,77.11442786069652,50.0,51.767938416135635
2010-08-13,1818.8,1079.25,,24.374000000000002,0.19,2.14,19.77,268371.0,267468.0,19.77,0.1285818885813923,24.374000000000002,,-11997.0,0.19,0.21654936328977226,18.333333333333332,68.18181818181817,24.444444444444443,65.1685393258427,50.0,50.0,80.55555555555556,76.73267326732673,50.0,50.033167361679986
2010-08-20,1825.75,1071.69,,25.39,0.19,2.13,19.77,268371.0,267468.0,19.77,0.11477121469306018,25.39,,-11997.0,0.19,0.20642647364418798,18.282548476454295,65.0485436893204,20.22160664819944,64.9859943977591,50.0,50.0,80.60941828254848,72.41379310344827,50.0,48.54404355994313
2010-08-27,1791.64,1064.59,,26.327999999999996,0.19,2.1,19.77,268371.0,267468.0,19.77,0.09030938876853045,26.327999999999996,,-11997.0,0.19,0.17864606190477206,18.23204419889503,59.67741935483871,17.403314917127076,64.80446927374301,50.0,50.0,80.66298342541437,67.64705882352942,50.0,46.85989394687551
2010-09-03,1870.31,1104.51,,24.330000000000002,0.19,2.2,20.38,288540.0,268371.0,20.38,0.14177660295347572,24.330000000000002,,-14858.0,0.19,0.19517312537743536,23.96694214876033,71.06109324758843,25.06887052341598,67.1309192200557,50.0,50.0,80.71625344352617,69.7560975609756,50.0,50.87458676556064
2010-09-10,1892.34,1109.55,,22.9625,0.19,2.23,20.38,288540.0,268371.0,20.38,0.12274393934000205,22.9625,,-14858.0,0.19,0.1982329619792722,23.9010989010989,67.62820512820514,29.395604395604394,66.94444444444444,50.0,50.0,80.76923076923077,70.3883495145631,50.0,50.9434172623493
2010-09-17,1955.83,1125.59,,21.72,0.19,2.27,20.38,288540.0,268371.0,20.38,0.13365676659479253,21.72,,-14858.0,0.19,0.216576496621543,23.835616438356162,69.6485623003195,33.97260273972603,66.7590027700831,50.0,50.0,80.82191780821918,77.29468599033817,50.0,52.63303443484786
2010-09-24,2023.84,1148.67,,22.387999999999998,0.19,2.17,20.38,288540.0,268371.0,20.38,0.19460496414130968,22.387999999999998,,-14858.0,0.19,0.21546762008621267,23.770491803278688,77.70700636942675,31.967213114754102,66.57458563535911,50.0,50.0,80.87431693989072,75.0,50.0,53.009085850827
2010-10-01,1996.6,1146.24,,22.918,0.19,2.12,21.24,303428.0,288540.0,21.24,0.20096962989251055,22.918,,-7774.0,0.19,0.19288761046271974,29.155313351498634,79.36507936507937,29.42779291553134,71.07438016528926,50.0,50.0,80.92643051771117,68.42105263157895,50.0,53.85419781015129
2010-10-08,2027.03,1165.15,,21.81,0.19,2.06,21.24,303428.0,288540.0,21.24,0.17321271472889754,21.81,,-7774.0,0.19,0.18465816545977243,29.076086956521742,75.0,33.69565217391305,70.87912087912088,50.0,50.0,80.97826086956522,67.14285714285714,50.0,53.51445293836598
2010-10-15,2097.73,1176.19,,19.174,0.19,2.22,21.24,303428.0,288540.0,21.24,0.20606328910148797,19.174,,-7774.0,0.19,0.20055318615384765,28.997289972899733,79.81072555205047,42.27642276422764,70.68493150684931,50.0,50.0,81.02981029810297,70.61611374407583,50.0,55.42009207009302
2010-10-22,2104.21,1183.08,,19.512,0.19,2.24,21.24,303428.0,288540.0,21.24,0.19991674412504334,19.512,,-7774.0,0.19,0.1882213171695325,28.91891891891892,78.9308176100629,41.62162162162162,70.49180327868852,50.0,50.0,81.08108108108108,66.98113207547169,50.0,54.65333846063818
2010-10-29,2124.45,1183.26,,20.572,0.19,2.29,21.24,303428.0,303428.0,21.24,0.27431574022421756,20.572,,-7774.0,0.19,0.17581595672425765,28.84097035040431,86.20689655172413,38.274932614555254,75.20435967302453,50.0,50.0,81.13207547169812,64.31924882629107,50.0,55.62518698283135
2010-11-05,2186.71,1225.85,,19.948,0.19,2.2,21.7,309340.0,303428.0,21.7,0.2634391827867526,19.948,,2502.0,0.19,0.23165809889324285,31.451612903225808,85.625,40.053763440860216,75.0,50.0,50.0,81.18279569892474,81.77570093457945,50.0,58.8370540649181
2010-11-12,2137.95,1199.21,,19.018,0.19,2.25,21.7,309340.0,303428.0,21.7,0.19531367933758603,19.018,,2502.0,0.19,0.22151877937419073,31.36729222520107,76.94704049844236,43.96782841823056,74.79674796747967,50.0,50.0,81.23324396782841,79.06976744186046,50.0,57.72776589710176
2010-11-19,2135.27,1199.73,,20.266,0.19,2.36,21.7,309340.0,303428.0,21.7,0.21020295966311298,20.266,,2502.0,0.19,0.21968639506052234,31.283422459893046,79.8136645962733,38.770053475935825,74.5945945945946,50.0,50.0,81.28342245989305,78.70370370370371,50.0,57.443912173707574
2010-11-26,2153.91,1189.4,,20.195,0.19,2.36,21.7,309340.0,303428.0,21.7,0.22002764152118992,20.195,,2502.0,0.19,0.22799283009612847,31.2,80.80495356037152,40.0,74.39353099730458,50.0,50.0,81.33333333333333,81.5668202764977,50.0,58.06245304823406
2010-12-03,2191.17,1224.71,,20.766,0.18,2.54,22.4,313678.0,309340.0,22.4,0.22281252964713638,20.766,,1642.0,0.18,0.2147736313271279,33.51063829787234,80.8641975308642,37.23404255319149,75.53763440860214,50.0,50.0,86.17021276595744,73.85321100917432,50.0,57.30399146352186
2010-12-10,2215.34,1240.4,,17.722,0.18,2.68,22.4,313678.0,309340.0,22.4,0.2361974487461358,17.722,,1642.0,0.18,0.22413486992338172,33.42175066312997,82.15384615384616,48.0106100795756,75.33512064343164,50.0,50.0,86.20689655172414,79.45205479452055,50.0,59.322002614040876
2010-12-17,2218.29,1243.91,,17.32,0.18,2.72,22.4,313678.0,309340.0,22.4,0.22736477514164322,17.32,,1642.0,0.18,0.2124865567802119,33.33333333333333,81.28834355828221,49.735449735449734,75.1336898395722,50.0,50.0,86.24338624338624,71.81818181818181,50.0,58.19160431105578
2010-12-23,2230.27,1256.77,,17.32,0.18,2.72,22.4,313678.0,309340.0,22.4,0.19275980832584616,17.32,,1642.0,0.18,0.20844367964669164,33.24538258575198,74.92354740061162,49.868073878627975,74.93333333333332,50.0,50.0,86.27968337730871,71.04072398190046,50.0,57.270818190371656
2010-12-31,2217.86,1257.64,,17.548000000000002,0.18,2.69,22.4,313678.0,313678.0,22.4,0.19219914960409845,17.548000000000002,,1464.0,0.18,0.2386193346957799,33.1578947368421,74.39024390243902,48.15789473684211,76.86170212765957,50.0,50.0,86.3157894736842,85.13513513513513,50.0,59.479574342594304
2011-01-07,2276.7,1271.5,,17.31,0.17,2.74,22.98,326868.0,313678.0,22.98,0.2029546811512266,17.31,,1464.0,0.17,0.2826853765315408,36.48293963254593,78.11550151975683,50.13123359580052,76.657824933687,50.0,50.0,86.35170603674541,97.75784753363229,50.0,62.64565708656856
2011-01-14,2323.43,1293.24,,16.503999999999998,0.17,2.76,22.98,326868.0,313678.0,22.98,0.2461276897002982,16.503999999999998,,1464.0,0.17,0.28404283382624906,36.38743455497382,83.93939393939394,55.23560209424084,76.45502645502646,50.0,50.0,86.38743455497382,97.76785714285714,50.0,63.80085772647945
2011-01-21,2268.32,1283.35,,17.409999999999997,0.17,2.81,22.98,326868.0,313678.0,22.98,0.2638147557972388,17.409999999999997,,1464.0,0.17,0.3033232869122625,36.29242819843342,86.10271903323263,48.302872062663184,76.2532981530343,50.0,50.0,86.42297650130548,100.0,50.0,63.64669279748709
2011-01-28,2270.51,1276.34,,17.613999999999997,0.17,2.82,22.98,326868.0,313678.0,22.98,0.3041113357533429,17.613999999999997,,1464.0,0.17,0.30915279405668794,36.19791666666667,89.7590361445783,47.65625,76.05263157894737,50.0,50.0,86.45833333333333,100.0,50.0,63.96576635489326
2011-02-04,2338.2,1310.87,,17.416,0.16,2.91,23.49,348979.0,326868.0,23.49,0.3390832245206514,17.416,,18620.0,0.16,0.3335700396310116,38.18181818181819,90.69069069069069,48.311688311688314,80.83989501312337,50.0,100.0,90.9090909090909,100.0,50.0,72.90159645277755
2011-02-11,2379.15,1329.15,,15.947999999999999,0.16,2.79,23.49,348979.0,326868.0,23.49,0.33726975847474305,15.947999999999999,,18620.0,0.16,0.351752994071576,38.082901554404145,90.41916167664671,60.10362694300518,80.6282722513089,50.0,98.11320754716981,90.93264248704664,100.0,50.0,73.70731254369002
2011-02-18,2392.47,1343.01,,16.412,0.16,2.81,23.49,348979.0,326868.0,23.49,0.31215036307395305,16.412,,18620.0,0.16,0.3565203577934568,37.98449612403101,89.25373134328358,56.58914728682171,80.4177545691906,50.0,96.29629629629629,90.95607235142118,100.0,50.0,72.88590198158116
2011-02-25,2346.29,1319.88,,20.8675,0.16,2.7,23.49,348979.0,326868.0,23.49,0.2901060109529987,20.8675,,18620.0,0.16,0.3524496649651824,37.88659793814433,86.90476190476191,36.08247422680413,80.20833333333334,50.0,94.54545454545455,90.97938144329896,99.56521739130434,50.0,70.16823922939454
2011-03-04,2359.96,1321.15,,19.544,0.14,2.81,22.9,355413.0,348979.0,22.9,0.24960816706908973,19.544,,11020.0,0.14,0.36063542954075345,35.732647814910024,83.08605341246292,41.13110539845758,87.53246753246754,50.0,85.71428571428571,94.34447300771208,100.0,50.0,69.84295352531032
2011-03-11,2299.26,1304.28,,20.532,0.14,2.76,22.9,355413.0,348979.0,22.9,0.19477455662196097,20.532,,11020.0,0.14,0.32906194580021175,35.64102564102564,73.37278106508876,37.43589743589744,87.30569948186529,50.0,84.21052631578947,94.35897435897436,97.84482758620689,50.0,67.69985759164072
2011-03-18,2221.07,1279.21,,25.131999999999998,0.14,2.67,22.9,355413.0,348979.0,22.9,0.14936634185973108,25.131999999999998,,11020.0,0.14,0.30557474175638255,35.54987212276215,67.55162241887905,20.46035805626599,87.08010335917312,50.0,82.75862068965517,94.37340153452685,96.99570815450643,50.0,64.89977285171992
2011-03-25,2316.36,1313.8,,19.18,0.14,2.67,22.9,355413.0,348979.0,22.9,0.18627697003528576,19.18,,11020.0,0.14,0.3115567629537206,35.45918367346938,72.05882352941177,42.3469387755102,86.85567010309279,50.0,81.35593220338984,94.38775510204081,97.43589743589743,50.0,67.4263845002241
2011-04-01,2342.92,1332.41,,18.09,0.1,2.66,23.14,360883.0,355413.0,23.14,0.19563575496540042,18.09,,1605.0,0.1,0.28339345003512895,37.404580152671755,74.48680351906158,46.31043256997456,89.7172236503856,50.0,51.66666666666667,100.0,93.19148936170212,50.0,63.92819937114393
2011-04-08,2321.18,1328.17,,17.326,0.1,2.76,23.14,360883.0,355413.0,23.14,0.16383127008719267,17.326,,1605.0,0.1,0.2939584262475111,37.309644670050766,69.2982456140351,50.253807106598984,89.48717948717949,50.0,50.81967213114754,100.0,95.33898305084746,50.0,63.83458970334582
2011-04-15,2307.58,1319.68,,16.438,0.1,2.72,23.14,360883.0,355413.0,23.14,0.14642991991415122,16.438,,1605.0,0.1,0.2651521086433706,37.21518987341772,66.1807580174927,56.708860759493675,89.25831202046037,50.0,50.0,100.0,88.60759493670885,50.0,62.91325041692123
2011-04-21,2377.3,1337.38,,16.438,0.1,2.72,23.14,360883.0,355413.0,23.14,0.15665124335264902,16.438,,1605.0,0.1,0.2823459428635343,37.121212121212125,67.44186046511628,56.81818181818182,89.03061224489795,50.0,49.2063492063492,100.0,92.01680672268907,50.0,63.40806745531194
2011-04-29,2404.08,1363.61,,15.222,0.1,2.71,23.14,360883.0,360883.0,23.14,0.2016614766348599,15.222,,1605.0,0.1,0.24860445920771002,37.02770780856423,76.23188405797102,65.23929471032746,90.83969465648855,50.0,48.4375,100.0,82.00836820083683,50.0,63.99532238799557
2011-05-06,2383.18,1340.2,,17.274,0.09,2.62,23.06,355736.0,360883.0,23.06,0.28859546673587677,17.274,,5699.0,0.09,0.2503610681127463,36.93467336683417,86.9942196531792,50.753768844221106,90.60913705583756,50.0,67.6923076923077,100.0,82.5,50.0,66.74010874006737
2011-05-13,2379.24,1337.77,,16.624000000000002,0.09,2.61,23.06,355736.0,360883.0,23.06,0.24756960830580454,16.624000000000002,,5699.0,0.09,0.23275117845807347,36.84210526315789,82.70893371757924,54.13533834586467,90.37974683544304,50.0,66.66666666666666,100.0,75.93360995850622,50.0,65.36542285748324
2011-05-20,2351.43,1333.27,,16.994,0.09,2.6,23.06,355736.0,360883.0,23.06,0.29003110650274033,16.994,,5699.0,0.09,0.2313505862530637,36.75,87.06896551724138,52.5,90.15151515151516,50.0,65.67164179104478,100.0,75.20661157024794,50.0,65.4072865935356
2011-05-27,2336.09,1331.1,,17.046,0.09,2.59,23.06,355736.0,360883.0,23.06,0.2611221179125347,17.046,,5699.0,0.09,0.19880047651280086,36.65835411471321,83.95415472779369,52.119700748129674,89.92443324937027,50.0,64.70588235294117,100.0,62.139917695473244,50.0,62.83140745723966
2011-06-03,2292.31,1300.16,,17.447499999999998,0.09,2.57,22.1,345273.0,355736.0,22.1,0.25123359751970487,17.447499999999998,,-4875.0,0.09,0.1961666261157473,31.343283582089555,83.14285714285714,47.76119402985075,88.69346733668341,50.0,24.637681159420293,100.0,60.65573770491803,50.0,54.7807559267996
2011-06-10,2221.09,1270.98,,18.395999999999997,0.09,2.58,22.1,345273.0,355736.0,22.1,0.2024415992204207,18.395999999999997,,-4875.0,0.09,0.19522151339835703,31.265508684863523,75.21367521367522,43.92059553349876,88.47117794486216,50.0,24.285714285714285,100.0,60.40816326530612,50.0,53.29969597869186
2011-06-17,2192.96,1271.5,,20.754,0.09,2.56,22.1,345273.0,355736.0,22.1,0.1460584902899429,20.754,,-4875.0,0.09,0.17242683982605533,31.18811881188119,64.20454545454545,35.39603960396039,88.25,50.0,23.943661971830984,100.0,54.87804878048781,50.0,50.19002979016555
2011-06-24,2217.06,1268.45,,19.552,0.09,2.53,22.1,345273.0,355736.0,22.1,0.20589387115723512,19.552,,-4875.0,0.09,0.202484518814392,31.11111111111111,75.92067988668555,40.0,88.02992518703242,50.0,23.61111111111111,100.0,63.56275303643725,50.0,53.25416996442257
2011-07-01,2361.39,1339.67,,17.878,0.07,2.72,22.61,344572.0,345273.0,22.61,0.3662763113739196,17.878,,-22897.0,0.07,0.23928566386402772,34.23645320197045,91.80790960451978,46.30541871921182,81.8407960199005,50.0,5.47945205479452,100.0,79.83870967741935,50.0,55.02384920827181
2011-07-08,2405.89,1343.8,,16.075,0.07,2.63,22.61,344572.0,345273.0,22.61,0.3257126168868023,16.075,,-22897.0,0.07,0.2444194773130124,34.15233415233415,89.5774647887324,60.44226044226044,81.6377171215881,50.0,5.405405405405405,100.0,81.12449799196787,50.0,56.29826324083261
2011-07-15,2356.67,1316.14,,19.7,0.07,2.57,22.61,344572.0,345273.0,22.61,0.3067347572471,19.7,,-22897.0,0.07,0.2485875213638069,34.068627450980394,89.04494382022472,39.21568627450981,81.43564356435643,50.0,5.333333333333334,100.0,82.0,50.0,54.17910321765818
2011-07-22,2429.5,1345.02,,18.866,0.07,2.59,22.61,344572.0,345273.0,22.61,0.29547078458765674,18.866,,-22897.0,0.07,0.24631953436677256,33.98533007334964,87.6750700280112,43.276283618581914,81.23456790123457,50.0,5.263157894736842,100.0,81.27490039840637,50.0,54.24863374608317
2011-07-29,2362.81,1292.28,,22.31,0.07,2.46,22.61,344572.0,344572.0,22.61,0.26760193133047205,22.31,,-22897.0,0.07,0.26821788703695537,33.90243902439025,84.35754189944134,30.0,81.03448275862068,50.0,5.194805194805195,100.0,89.28571428571429,50.0,53.661677651440655
2011-08-05,2194.38,1199.38,,27.098000000000003,0.1,2.3,20.05,308866.0,344572.0,20.05,0.15318885058437726,27.098000000000003,,-32296.0,0.1,0.21399066998290694,18.97810218978102,64.9025069637883,14.111922141119223,80.83538083538083,50.0,0.0,96.83698296836982,66.00790513833992,50.0,42.446667808842264
2011-08-12,2182.05,1178.81,,40.282,0.1,2.04,20.05,308866.0,344572.0,20.05,0.19971959533758543,40.282,,-32296.0,0.1,0.2066442760863889,18.932038834951456,73.05555555555556,6.796116504854368,80.63725490196079,50.0,0.0,96.84466019417476,63.38582677165354,50.0,42.255265982243365
2011-08-19,2038.22,1123.53,,36.404,0.1,1.87,20.05,308866.0,344572.0,20.05,0.11637409283855948,36.404,,-32296.0,0.1,0.18579811474022112,18.886198547215496,56.50969529085873,7.74818401937047,80.440097799511,50.0,0.0,96.85230024213075,56.470588235294116,50.0,39.28302738548929
2011-08-26,2161.97,1176.8,,37.992000000000004,0.1,1.99,20.05,308866.0,344572.0,20.05,0.20669889040208944,37.992000000000004,,-32296.0,0.1,0.23721865299413158,18.84057971014493,75.41436464088397,7.004830917874401,80.2439024390244,50.0,0.0,96.85990338164251,77.34375,50.0,44.56378772974689
2011-09-02,2167.83,1173.97,,32.506,0.08,1.82,19.7,298277.0,308866.0,19.7,0.15907523351743835,32.506,,-28518.0,0.08,0.28099912469421473,14.93975903614458,65.0137741046832,10.120481927710841,68.3698296836983,50.0,4.878048780487805,98.79518072289157,92.21789883268482,50.0,43.67261437760357
2011-09-09,2163.66,1154.23,,35.805,0.08,1.76,19.7,298277.0,308866.0,19.7,0.14337803988712383,35.805,,-28518.0,0.08,0.30226219006290456,14.903846153846153,62.08791208791209,8.413461538461547,68.20388349514563,50.0,4.819277108433735,98.79807692307692,96.12403100775194,50.0,43.690860081718895
2011-09-16,2306.09,1216.01,,34.61,0.08,1.9,19.7,298277.0,308866.0,19.7,0.17908509430778752,34.61,,-28518.0,0.08,0.35262559876995025,14.86810551558753,68.76712328767123,8.63309352517986,68.03874092009686,50.0,4.761904761904762,98.8009592326139,99.22779922779922,50.0,44.934414214229065
2011-09-23,2206.86,1136.43,,37.102,0.08,1.61,19.7,298277.0,308866.0,19.7,0.09043204996442422,37.102,,-28518.0,0.08,0.38319374505296033,14.832535885167463,50.81967213114754,7.655502392344488,67.8743961352657,50.0,4.705882352941177,98.80382775119617,100.0,50.0,42.753691729294644
2011-09-30,2139.18,1131.42,,39.922000000000004,0.08,1.67,19.7,298277.0,298277.0,19.7,0.07141139937894425,39.922000000000004,,-12673.0,0.08,0.425109272590259,14.797136038186157,46.321525885558586,6.921241050119335,65.3012048192771,50.0,24.418604651162788,98.80668257756564,100.0,50.0,44.62714198406049
2011-10-07,2202.76,1155.46,,39.31,0.07,1.8,20.16,317028.0,298277.0,20.16,0.08669333951643554,39.31,,-12673.0,0.07,0.44977180394514193,20.714285714285715,49.45652173913043,7.142857142857139,65.14423076923077,50.0,24.137931034482758,100.0,100.0,50.0,46.13857665947246
2011-10-14,2371.94,1224.58,,31.216,0.07,1.98,20.16,317028.0,298277.0,20.16,0.13071748985808473,31.216,,-12673.0,0.07,0.506284125846902,20.665083135391924,59.62059620596206,11.63895486935867,64.98800959232614,50.0,23.863636363636363,100.0,100.0,50.0,47.728770839893855
2011-10-21,2335.93,1238.25,,33.098,0.07,1.93,20.16,317028.0,298277.0,20.16,0.11012208857480954,33.098,,-12673.0,0.07,0.5306469475215041,20.61611374407583,54.864864864864856,10.189573459715646,64.83253588516746,50.0,23.595505617977526,100.0,100.0,50.0,46.935146180597286
2011-10-28,2401.29,1285.09,,28.266000000000002,0.07,2.06,20.16,317028.0,298277.0,20.16,0.13031137470874832,28.266000000000002,,-12673.0,0.07,0.47247105197957007,20.56737588652482,59.56873315363881,15.130023640661932,64.67780429594272,50.0,23.333333333333332,100.0,99.24528301886792,50.0,47.803522745907685
2011-11-04,2356.32,1253.23,,31.625999999999998,0.08,1.84,20.35,303930.0,317028.0,20.35,0.07756401168879279,31.625999999999998,,-20518.0,0.08,0.5068802345146941,22.641509433962266,46.774193548387096,11.79245283018868,72.14285714285714,50.0,18.681318681318682,97.87735849056604,99.62406015037594,50.0,47.05197150608625
2011-11-11,2355.78,1263.85,,31.268,0.08,1.8,20.35,303930.0,317028.0,20.35,0.10188732196730532,31.268,,-20518.0,0.08,0.5498216248460206,22.58823529411765,52.27882037533512,12.0,71.97149643705463,50.0,18.478260869565215,97.88235294117646,100.0,50.0,47.717713992968356
2011-11-18,2253.95,1215.65,,32.474000000000004,0.08,1.72,20.35,303930.0,317028.0,20.35,0.05558079306129904,32.474000000000004,,-20518.0,0.08,0.5567769874215536,22.535211267605636,39.839572192513366,11.502347417840369,71.80094786729858,50.0,18.27956989247312,97.88732394366197,100.0,50.0,46.104131758391475
2011-11-25,2150.88,1158.67,,33.332499999999996,0.08,1.69,20.35,303930.0,317028.0,20.35,-0.0014067440143737953,33.332499999999996,,-20518.0,0.08,0.5211283507969735,22.482435597189696,21.6,9.836065573770497,71.63120567375887,50.0,18.085106382978726,97.89227166276346,98.88475836431226,50.0,43.511190410185236
2011-12-02,2302.04,1244.28,,29.1,0.07,1.8,20.52,301616.0,303930.0,20.52,0.05059853868024833,29.1,,-17955.0,0.07,0.5341117654061973,26.168224299065418,38.56382978723404,14.485981308411212,67.45283018867924,50.0,22.105263157894736,100.0,99.25925925925925,50.0,46.656090361657654
2011-12-09,2318.68,1255.19,,28.322000000000003,0.07,1.85,20.52,301616.0,303930.0,20.52,0.04664746720593671,28.322000000000003,,-17955.0,0.07,0.4947945144202983,26.107226107226104,36.60477453580902,15.617715617715618,67.29411764705883,50.0,21.875,100.0,97.41697416974169,50.0,46.18252702944571
2011-12-16,2238.18,1219.66,,25.304,0.07,1.62,20.52,301616.0,303930.0,20.52,0.008966365984609759,25.304,,-17955.0,0.07,0.46513243724538844,26.046511627906977,24.33862433862434,22.093023255813947,67.13615023474179,50.0,21.649484536082475,100.0,96.69117647058823,50.0,45.174845765051835
2011-12-23,2287.57,1265.33,,22.292,0.07,1.75,20.52,301616.0,303930.0,20.52,0.025691956579248387,22.292,,-17955.0,0.07,0.47998581691279196,25.986078886310903,28.759894459102902,33.4106728538283,66.97892271662764,50.0,21.428571428571427,100.0,97.06959706959707,50.0,46.820401761455614
2011-12-30,2277.83,1257.6,,22.869999999999997,0.07,1.64,20.52,301616.0,301616.0,20.52,0.027039578692974242,22.869999999999997,,-17955.0,0.07,0.4528626600176169,25.925925925925924,29.736842105263158,30.324074074074076,64.48598130841121,50.0,21.21212121212121,100.0,95.98540145985402,50.0,45.97311868153447
2012-01-06,2356.17,1277.81,,21.825,0.08,1.73,21.21,309844.0,301616.0,21.21,0.034905784688364916,21.825,,-27528.0,0.08,0.4913565384813203,29.79214780600462,33.07086614173229,34.18013856812932,64.33566433566433,50.0,8.0,96.76674364896074,97.0909090909091,50.0,45.68900329907767
2012-01-13,2371.98,1289.09,,20.838,0.08,1.65,21.21,309844.0,301616.0,21.21,0.020895830733011156,20.838,,-27528.0,0.08,0.46335616787679945,29.723502304147466,27.486910994764397,38.24884792626728,64.18604651162791,50.0,7.920792079207921,96.7741935483871,95.65217391304348,50.0,45.15744784375868
2012-01-20,2437.02,1315.38,,20.310000000000002,0.08,1.79,21.21,309844.0,301616.0,21.21,0.07437222261409326,20.310000000000002,,-27528.0,0.08,0.4914091799176381,29.655172413793103,47.78067885117493,40.22988505747126,64.03712296983758,50.0,7.8431372549019605,96.7816091954023,97.11191335740072,50.0,47.95764417706291
2012-01-27,2461.77,1316.33,,18.598000000000003,0.08,1.71,21.21,309844.0,301616.0,21.21,0.08423658120862698,18.598000000000003,,-27528.0,0.08,0.49195244813137595,29.587155963302752,49.73958333333333,47.477064220183486,63.888888888888886,50.0,7.766990291262135,96.78899082568807,97.12230215827337,50.0,48.86728148210923
2012-02-03,2529.17,1344.9,,18.494,0.1,1.74,21.8,323021.0,309844.0,21.8,0.0816739372166626,18.494,,1509.5,0.1,0.4314426467684054,33.63844393592677,49.09090909090909,47.59725400457666,69.9769053117783,50.0,63.46153846153846,91.99084668192219,93.9068100358423,50.0,58.579418509279314
2012-02-10,2547.32,1342.64,,18.598,0.1,1.69,21.8,323021.0,309844.0,21.8,0.07068490847571618,18.598,,1509.5,0.1,0.435701361497449,33.56164383561644,45.854922279792746,47.48858447488584,69.81566820276498,50.0,62.857142857142854,92.00913242009132,93.92857142857143,50.0,58.048455307541836
2012-02-17,2584.24,1361.23,,19.344,0.1,1.72,21.8,323021.0,309844.0,21.8,0.08015565503433697,19.344,,1509.5,0.1,0.435931578653284,33.48519362186788,48.837209302325576,44.41913439635535,69.6551724137931,50.0,62.264150943396224,92.02733485193622,93.95017793594306,50.0,57.96949764667183
2012-02-24,2604.21,1365.74,,17.622500000000002,0.1,1.67,21.8,323021.0,309844.0,21.8,0.10992673539928988,17.622500000000002,,1509.5,0.1,0.47353112150046783,33.409090909090914,56.44329896907217,51.13636363636363,69.4954128440367,50.0,61.6822429906542,92.04545454545455,95.74468085106383,50.0,59.69186330992752
2012-03-02,2641.58,1369.63,,17.826,0.13,1.71,22.05,330815.0,323021.0,22.05,0.11933253105984853,17.826,,3606.5,0.13,0.47685598324999257,35.374149659863946,59.12596401028277,50.34013605442177,75.28604118993135,50.0,76.85185185185185,85.03401360544217,95.75971731448763,50.0,63.647182007787464
2012-03-09,2646.85,1370.87,,18.61,0.13,1.71,22.05,330815.0,323021.0,22.05,0.15117472578133828,18.61,,3606.5,0.13,0.4531283997254767,35.294117647058826,66.15384615384615,47.05882352941176,75.11415525114155,50.0,76.14678899082568,85.06787330316742,94.01408450704226,50.0,63.74784639070015
2012-03-16,2712.78,1404.17,,15.128,0.13,1.94,22.05,330815.0,323021.0,22.05,0.22138428775319996,15.128,,3606.5,0.13,0.45800037847892594,35.214446952595935,78.77237851662404,69.75169300225734,74.94305239179954,50.0,75.45454545454545,85.10158013544017,94.03508771929825,50.0,67.38393851934028
2012-03-23,2728.55,1397.11,,15.228,0.13,1.88,22.05,330815.0,323021.0,22.05,0.17794729662055975,15.228,,3606.5,0.13,0.4680054853428497,35.13513513513514,70.40816326530613,68.46846846846847,74.77272727272727,50.0,74.77477477477478,85.13513513513513,94.75524475524476,50.0,66.21144730430444
2012-03-30,2755.27,1408.47,,15.26,0.13,1.9,22.05,330815.0,330815.0,22.05,0.17599832687415695,15.26,,3606.5,0.13,0.4216412134283636,35.056179775280896,69.46564885496184,68.08988764044943,77.55102040816327,50.0,74.10714285714286,85.1685393258427,90.94076655052264,50.0,65.87247266631576
2012-04-05,2762.5,1398.08,,15.26,0.13,1.9,21.78,335154.0,330815.0,21.78,0.1901274351838289,15.26,,-8053.5,0.13,0.4289332474139238,32.95964125560538,71.57360406091371,68.16143497757848,77.37556561085974,50.0,38.05309734513274,85.20179372197309,91.31944444444444,50.0,60.330387314579895
2012-04-13,2698.99,1370.26,,19.194,0.14,1.75,21.78,335154.0,330815.0,21.78,0.16961925480373363,19.194,,-8053.5,0.14,0.41772745416111,32.88590604026846,68.35443037974683,43.847874720357936,77.20090293453724,50.0,37.719298245614034,82.99776286353467,90.3114186851211,50.0,57.26527039348608
2012-04-20,2676.04,1378.53,,18.490000000000002,0.14,1.7,21.78,335154.0,330815.0,21.78,0.1256635679131788,18.490000000000002,,-8053.5,0.14,0.35723512523838274,32.8125,59.59595959595959,47.54464285714286,77.02702702702703,50.0,37.391304347826086,83.03571428571428,89.3103448275862,50.0,56.33859167840615
2012-04-27,2741.34,1403.36,,17.29,0.14,1.7,21.78,335154.0,330815.0,21.78,0.1402865129280224,17.29,,-8053.5,0.14,0.3636046483159907,32.73942093541203,62.468513853904284,54.342984409799556,76.85393258426966,50.0,37.06896551724138,83.07349665924276,89.69072164948454,50.0,57.326065230708295
2012-05-04,2637.92,1369.1,,17.47,0.16,1.64,20.94,315147.0,335154.0,20.94,0.10689079297409365,17.47,,-3998.0,0.16,0.41875099580832376,27.77777777777778,53.768844221105525,51.77777777777778,78.69955156950674,50.0,47.863247863247864,78.66666666666666,90.41095890410958,50.0,57.09264493748083
2012-05-11,2615.98,1353.39,,19.357999999999997,0.16,1.57,20.94,315147.0,335154.0,20.94,0.09950236209882157,19.357999999999997,,-3998.0,0.16,0.3975294981496602,27.716186252771617,52.130325814536334,43.23725055432372,78.52348993288591,50.0,47.45762711864407,78.7139689578714,89.76109215017065,50.0,55.83963748197273
2012-05-18,2478.53,1295.22,,23.14,0.16,1.39,20.94,315147.0,335154.0,20.94,0.05405221503510638,23.14,,-3998.0,0.16,0.3579850155126598,27.654867256637168,38.5,27.876106194690266,78.34821428571429,50.0,47.05882352941176,78.76106194690266,88.43537414965986,50.0,52.36539229408578
2012-05-25,2527.05,1317.82,,22.024,0.16,1.45,20.94,315147.0,335154.0,20.94,0.08174342598101947,22.024,,-3998.0,0.16,0.3265579441385089,27.593818984547465,48.12967581047381,32.89183222958057,78.17371937639199,50.0,46.666666666666664,78.80794701986756,85.76271186440678,50.0,53.51918438453598
2012-06-01,2458.83,1278.04,,23.9725,0.16,1.22,20.55,320952.0,315147.0,20.55,0.07264287988971829,23.9725,,-5884.0,0.16,0.28718708641212554,26.651982378854626,45.77114427860697,25.991189427312776,70.22222222222221,50.0,42.97520661157025,78.85462555066078,81.75675675675676,50.0,49.77184723718409
2012-06-08,2559.21,1325.66,,23.182,0.16,1.37,20.55,320952.0,315147.0,20.55,0.1522315619808292,23.182,,-5884.0,0.16,0.31660427206543895,26.593406593406595,66.25310173697271,27.912087912087912,70.06651884700665,50.0,42.62295081967213,78.9010989010989,85.52188552188552,50.0,52.89396116202168
2012-06-15,2571.23,1342.84,,22.541999999999998,0.16,1.31,20.55,320952.0,315147.0,20.55,0.17249288632715598,22.541999999999998,,-5884.0,0.16,0.29001384740523006,26.535087719298247,69.05940594059405,30.701754385964904,69.91150442477876,50.0,42.27642276422765,78.94736842105263,81.87919463087249,50.0,52.87173510105262
2012-06-22,2585.53,1335.02,,18.426,0.16,1.38,20.55,320952.0,315147.0,20.55,0.16619757697130444,18.426,,-5884.0,0.16,0.29389788940205075,26.477024070021884,68.64197530864197,48.14004376367615,69.75717439293598,50.0,41.935483870967744,78.99343544857769,82.94314381270902,50.0,54.63453177068902
2012-06-29,2615.72,1362.16,,19.268,0.16,1.34,20.55,320952.0,320952.0,20.55,0.10770351360851027,19.268,,-5884.0,0.16,0.2890292175580229,26.419213973799128,54.679802955665025,44.104803493449786,72.4669603524229,50.0,41.6,79.03930131004367,81.33333333333333,50.0,52.739952362220734
2012-07-06,2612.29,1354.68,,17.015,0.16,1.3,21.0,313525.0,320952.0,21.0,0.08578945837091467,17.015,,-3221.5,0.16,0.29891563907926044,29.193899782135073,49.14004914004914,57.29847494553377,72.3076923076923,50.0,51.587301587301596,79.08496732026144,83.72093023255815,50.0,55.77705273614987
2012-07-13,2584.97,1356.78,,17.944,0.16,1.27,21.0,313525.0,320952.0,21.0,0.09687397896184002,17.944,,-3221.5,0.16,0.24975426630650155,29.130434782608695,51.470588235294116,50.21739130434783,72.14912280701753,50.0,51.181102362204726,79.13043478260869,70.52980132450331,50.0,53.267774333461176
2012-07-20,2618.04,1362.66,,16.294,0.16,1.27,21.0,313525.0,320952.0,21.0,0.07760444535912736,16.294,,-3221.5,0.16,0.24571674922186926,29.067245119305856,45.965770171149146,63.1236442516269,71.99124726477024,50.0,50.78125,79.17570498915401,68.64686468646865,50.0,53.5143475801907
2012-07-27,2647.03,1385.97,,18.532,0.16,1.33,21.0,313525.0,320952.0,21.0,0.12028897795421556,18.532,,-3221.5,0.16,0.2473844534873899,29.004329004329005,58.78048780487804,47.4025974025974,71.83406113537117,50.0,50.3875968992248,79.22077922077922,69.4078947368421,50.0,53.494238827487756
2012-08-03,2676.0,1390.99,,17.826,0.13,1.36,21.41,320395.0,313525.0,21.41,0.21947885051814175,17.826,,-5074.0,0.13,0.2758084297183123,33.69330453563715,79.31873479318735,50.9719222462203,67.75599128540306,50.0,43.84615384615385,85.7451403887689,78.36065573770492,50.0,56.88120117588331
2012-08-10,2722.96,1405.87,,15.456,0.13,1.38,21.41,320395.0,313525.0,21.41,0.24789074494168317,15.456,,-5074.0,0.13,0.28947795192911396,33.62068965517241,83.49514563106796,68.10344827586206,67.6086956521739,50.0,43.51145038167939,85.77586206896552,81.37254901960785,50.0,59.45606536193323
2012-08-17,2780.3,1418.16,,14.184000000000001,0.13,1.52,21.41,320395.0,313525.0,21.41,0.3640823856109743,14.184000000000001,,-5074.0,0.13,0.3155557436012264,33.5483870967742,92.7360774818402,75.26881720430107,67.46203904555314,50.0,43.18181818181818,85.80645161290323,85.66775244299674,50.0,61.83549105952757
2012-08-24,2778.05,1411.13,,15.057999999999998,0.13,1.4,21.41,320395.0,313525.0,21.41,0.2849623260267258,15.057999999999998,,-5074.0,0.13,0.31913913445724984,33.47639484978541,87.43961352657004,71.24463519313305,67.31601731601732,50.0,42.857142857142854,85.83690987124463,86.03896103896103,50.0,60.7637948137575
2012-08-31,2772.24,1406.58,,17.04,0.13,1.35,21.41,320395.0,320395.0,21.41,0.2788087626797304,17.04,,-13892.5,0.13,0.30849759092122464,33.40471092077088,87.2289156626506,56.74518201284797,71.92224622030238,50.0,25.37313432835821,85.86723768736617,84.46601941747572,50.0,57.244807646486564
2012-09-07,2825.11,1437.92,,16.425,0.14,1.42,21.78,339159.0,320395.0,21.78,0.30570884519748964,16.425,,-13892.5,0.14,0.2971700358054854,35.256410256410255,90.14423076923077,61.53846153846153,71.76724137931035,50.0,25.185185185185183,82.6923076923077,82.9032258064516,50.0,58.153800994457285
2012-09-14,2855.23,1465.77,,15.41,0.14,1.61,21.78,339159.0,320395.0,21.78,0.23812600548981178,15.41,,-13892.5,0.14,0.28291712907623334,35.18123667377399,80.57553956834532,68.01705756929637,71.61290322580646,50.0,25.0,82.72921108742004,78.45659163987139,50.0,56.91582916651174
2012-09-21,2861.64,1460.15,,14.14,0.14,1.5,21.78,339159.0,320395.0,21.78,0.29670210162855803,14.14,,-13892.5,0.14,0.29102801897572683,35.1063829787234,89.23444976076556,75.74468085106383,71.45922746781116,50.0,24.817518248175183,82.76595744680851,80.76923076923077,50.0,59.00455194895982
2012-09-28,2799.19,1440.67,,15.392000000000001,0.14,1.42,21.78,339159.0,320395.0,21.78,0.30853411120148855,15.392000000000001,,-13892.5,0.14,0.278489632282084,35.03184713375796,90.45346062052506,67.94055201698514,71.30620985010707,50.0,24.637681159420293,82.80254777070064,76.6773162939297,50.0,57.68720729393488
2012-10-05,2811.94,1460.93,,15.268,0.16,1.48,21.58,342325.0,339159.0,21.58,0.27655305162614163,15.268,,-20236.5,0.16,0.26404963995041375,34.11016949152542,85.95238095238096,68.64406779661017,79.7008547008547,50.0,17.985611510791365,77.7542372881356,72.92993630573248,50.0,56.98421241088424
2012-10-12,2720.14,1428.59,,15.9,0.16,1.42,21.58,342325.0,339159.0,21.58,0.14679966609610684,15.9,,-20236.5,0.16,0.2504814518704517,34.038054968287526,63.657957244655584,64.90486257928119,79.53091684434968,50.0,17.857142857142858,77.80126849894292,68.88888888888889,50.0,53.264521914832
2012-10-19,2678.32,1433.19,,15.530000000000001,0.16,1.49,21.58,342325.0,339159.0,21.58,0.14657545388774507,15.530000000000001,,-20236.5,0.16,0.1997810621426337,33.9662447257384,63.270142180094794,66.87763713080169,79.36170212765957,50.0,17.73049645390071,77.84810126582279,49.36708860759494,50.0,50.4231738620423
2012-10-26,2665.83,1411.94,,17.942,0.16,1.48,21.58,342325.0,339159.0,21.58,0.11016578589008397,17.942,,-20236.5,0.16,0.23642691781254865,33.89473684210526,54.37352245862884,49.05263157894737,79.19320594479831,50.0,17.6056338028169,77.89473684210526,62.14511041009464,50.0,49.426421923351676
2012-11-02,2656.28,1414.2,,17.62666666666667,0.16,1.47,20.9,351441.0,342325.0,20.9,0.12730019691722694,17.62666666666667,,-11097.5,0.16,0.21220027992107493,26.47058823529412,58.490566037735846,50.63025210084034,81.77966101694916,50.0,36.36363636363637,77.94117647058823,52.51572327044025,50.0,50.4282537098335
2012-11-09,2584.1,1379.85,,18.436,0.16,1.34,20.9,351441.0,342325.0,20.9,0.09691906714548892,18.436,,-11097.5,0.16,0.18286453914630685,26.41509433962264,49.88235294117647,46.540880503144656,81.60676532769557,50.0,36.11111111111111,77.9874213836478,44.827586206896555,50.0,47.75301162786652
2012-11-16,2534.16,1359.88,,17.130000000000003,0.16,1.34,20.9,351441.0,342325.0,20.9,0.12431952793983903,17.130000000000003,,-11097.5,0.16,0.19026229243202897,26.359832635983267,58.21596244131455,55.23012552301255,81.43459915611815,50.0,35.86206896551724,78.03347280334728,45.9375,50.0,49.70905776538451
2012-11-23,2639.59,1409.15,,15.1925,0.16,1.41,20.9,351441.0,342325.0,20.9,0.22721397753477657,15.1925,,-11097.5,0.16,0.20409539024472578,26.304801670146137,79.15690866510539,70.56367432150313,81.26315789473684,50.0,35.61643835616438,78.0793319415449,51.09034267912772,50.0,54.44954238233863
2012-11-30,2677.88,1416.18,,15.572,0.16,1.37,20.9,351441.0,351441.0,20.9,0.16326388768222966,15.572,,-16670.5,0.16,0.2139524989021866,26.25,67.05607476635514,66.875,88.02521008403362,50.0,23.12925170068027,78.125,54.037267080745345,50.0,52.40374460430251
2012-12-07,2640.54,1418.07,,16.54,0.16,1.39,21.24,355009.0,351441.0,21.24,0.1388117377128366,16.54,,-16670.5,0.16,0.1917804775177554,31.392931392931395,61.07226107226107,59.25155925155925,87.84067085953879,50.0,22.972972972972975,78.17047817047816,46.13003095975232,50.0,50.709184877039306
2012-12-14,2628.09,1413.58,,16.226,0.16,1.48,21.24,355009.0,351441.0,21.24,0.17420850869903237,16.226,,-16670.5,0.16,0.17191070918496876,31.327800829875518,68.83720930232559,62.655601659751035,87.65690376569037,50.0,22.818791946308725,78.21576763485477,41.66666666666667,50.0,51.24264691799985
2012-12-21,2664.67,1430.15,,16.956,0.16,1.51,21.24,355009.0,351441.0,21.24,0.16484741450534846,16.956,,-16670.5,0.16,0.15550490216932045,31.262939958592135,67.51740139211137,56.52173913043478,87.47390396659708,50.0,22.666666666666664,78.26086956521739,40.0,50.0,50.15215278580275
2012-12-28,2606.36,1402.43,,19.877499999999998,0.16,1.46,21.24,355009.0,351441.0,21.24,0.14422937620454568,19.877499999999998,,-16670.5,0.16,0.1433633536471235,31.198347107438018,62.03703703703704,38.84297520661158,87.29166666666667,50.0,22.516556291390728,78.30578512396694,38.34355828220859,50.0,47.409928572633106
2013-01-04,2724.49,1466.47,,15.2725,0.14,1.66,21.9,388123.0,355009.0,21.9,0.15632148783831368,15.2725,,-24167.5,0.14,0.1587741780572054,40.20618556701031,65.1270207852194,69.0721649484536,88.14968814968816,50.0,10.526315789473683,83.29896907216495,41.284403669724774,50.0,51.402247888297396
2013-01-11,2748.26,1472.05,,13.613999999999999,0.14,1.63,21.9,388123.0,355009.0,21.9,0.15863540164756884,13.613999999999999,,-24167.5,0.14,0.1781927743440348,40.123456790123456,65.43778801843318,79.01234567901236,87.96680497925311,50.0,10.457516339869281,83.33333333333334,43.90243902439025,50.0,52.7664786890424
2013-01-18,2743.24,1485.98,,13.303999999999998,0.14,1.61,21.9,388123.0,355009.0,21.9,0.12565346201508398,13.303999999999998,,-24167.5,0.14,0.1673339915639287,40.04106776180698,57.24137931034483,80.49281314168378,87.78467908902692,50.0,10.38961038961039,83.36755646817248,41.94528875379939,50.0,51.577937491307466
2013-01-25,2736.73,1502.96,,12.6175,0.14,1.7,21.9,388123.0,355009.0,21.9,0.11169199397181706,12.6175,,-24167.5,0.14,0.17232030542308618,39.959016393442624,53.21100917431193,85.04098360655738,87.60330578512396,50.0,10.32258064516129,83.40163934426229,42.42424242424242,50.0,51.56184124199456
2013-02-01,2763.96,1513.17,,13.675999999999998,0.15,1.77,22.05,390351.0,388123.0,22.05,0.09283282657947067,13.675999999999998,,44355.5,0.15,0.16368416966068522,40.695296523517385,48.05491990846682,78.52760736196319,98.14432989690721,50.0,100.0,80.3680981595092,41.389728096676734,50.0,65.63284902586062
2013-02-08,2775.56,1517.93,,13.663999999999998,0.15,1.74,22.05,390351.0,388123.0,22.05,0.08960005024888895,13.663999999999998,,44355.5,0.15,0.14872508016670416,40.61224489795918,47.26027397260274,78.57142857142857,97.94238683127571,50.0,99.36305732484077,80.40816326530611,38.55421686746988,50.0,64.96804547192325
2013-02-15,2764.67,1519.79,,12.736,0.15,1.72,22.05,390351.0,388123.0,22.05,0.06981936662229526,12.736,,44355.5,0.15,0.14607873518316694,40.52953156822811,40.546697038724375,84.52138492871691,97.74127310061603,50.0,98.73417721518987,80.44806517311609,38.13813813813814,50.0,64.54792491227431
2013-02-22,2737.28,1515.6,,14.095,0.15,1.7,22.05,390351.0,388123.0,22.05,0.0510980297287853,14.095,,44355.5,0.15,0.13287456355085636,40.447154471544714,34.54545454545455,75.60975609756098,97.54098360655738,50.0,98.11320754716981,80.48780487804878,36.227544910179645,50.0,62.504350967302344
2013-03-01,2747.75,1518.2,,16.291999999999998,0.14,1.61,22.42,403933.0,390351.0,22.42,0.04019185487473398,16.291999999999998,,20866.5,0.14,0.12166972094706963,44.01622718052739,31.292517006802722,61.4604462474645,98.15950920245399,50.0,97.5,83.56997971602433,34.02985074626866,50.0,61.102581370050274
2013-03-08,2804.11,1551.18,,13.334,0.14,1.79,22.42,403933.0,390351.0,22.42,0.05941402043939026,13.334,,20866.5,0.14,0.10824807284930138,43.92712550607287,38.23529411764706,80.16194331983806,97.95918367346938,50.0,96.8944099378882,83.60323886639677,29.761904761904763,50.0,63.020954993509456
2013-03-15,2799.41,1560.7,,11.652000000000001,0.14,1.76,22.42,403933.0,390351.0,22.42,0.03193403077286017,11.652000000000001,,20866.5,0.14,0.10310052782181245,43.83838383838384,27.313769751693002,92.72727272727273,97.75967413441956,50.0,96.29629629629629,83.63636363636364,29.080118694362017,50.0,62.72126000340147
2013-03-22,2800.81,1556.89,,13.596,0.14,1.67,22.42,403933.0,390351.0,22.42,0.02648293049421846,13.596,,20866.5,0.14,0.09981340599085242,43.75,25.225225225225223,78.4274193548387,97.5609756097561,50.0,95.70552147239265,83.66935483870968,28.698224852071007,50.0,60.841306520936534
2013-03-28,2818.69,1569.19,,13.596,0.14,1.67,22.42,403933.0,403933.0,22.42,0.023017707883437932,13.596,,20866.5,0.14,0.10646332964242267,43.66197183098591,24.044943820224717,78.4708249496982,98.17444219066938,50.0,95.1219512195122,83.70221327967806,29.793510324483773,50.0,60.87358894551385
2013-04-05,2771.75,1553.28,,13.675999999999998,0.15,1.48,22.6,408677.0,403933.0,22.6,0.003348416289592704,13.675999999999998,,21275.5,0.15,0.08924392142373772,45.38152610441767,19.730941704035875,77.71084337349397,97.97570850202429,50.0,97.57575757575758,79.71887550200803,25.882352941176475,50.0,60.36944667062172
2013-04-12,2856.48,1588.85,,12.538,0.15,1.53,22.6,408677.0,403933.0,22.6,0.058351457397026296,12.538,,21275.5,0.15,0.08634669204336154,45.29058116232465,38.03131991051455,85.37074148296593,97.77777777777777,50.0,96.98795180722891,79.75951903807615,25.513196480938415,50.0,63.13412101324837
2013-04-19,2780.46,1555.25,,16.054,0.15,1.49,22.6,408677.0,403933.0,22.6,0.03902034349262351,16.054,,21275.5,0.15,0.07516106026251435,45.2,31.473214285714285,62.2,97.58064516129032,50.0,96.40718562874252,79.8,23.391812865497073,50.0,59.57115161745391
2013-04-26,2840.55,1582.24,,13.741999999999999,0.15,1.48,22.6,408677.0,403933.0,22.6,0.036190330276434146,13.741999999999999,,21275.5,0.15,0.08650565665820453,45.10978043912176,29.84409799554566,76.64670658682635,97.38430583501007,50.0,95.83333333333334,79.84031936127744,25.94752186588921,50.0,61.06422183615766
2013-05-03,2944.59,1614.42,,13.632,0.11,1.56,23.41,401606.0,408677.0,23.41,0.11625447322132598,13.632,,10965.5,0.11,0.13887193675137288,51.79282868525896,55.55555555555556,77.88844621513944,99.19678714859438,50.0,85.20710059171599,90.43824701195219,38.662790697674424,50.0,66.24998240538795
2013-05-10,2981.02,1633.7,,12.774000000000001,0.11,1.64,23.41,401606.0,408677.0,23.41,0.1395423512412175,12.774000000000001,,10965.5,0.11,0.12459535967676594,51.689860834990064,61.86252771618626,84.29423459244532,98.99799599198397,50.0,84.70588235294117,90.4572564612326,35.65217391304348,50.0,67.0642466706397
2013-05-17,3028.96,1667.47,,12.73,0.11,1.69,23.41,401606.0,408677.0,23.41,0.22207921630966743,12.73,,10965.5,0.11,0.1286967066838225,51.587301587301596,79.42477876106194,84.52380952380952,98.8,50.0,84.21052631578947,90.47619047619048,36.127167630057805,50.0,69.13546881304579
2013-05-24,2991.02,1649.6,,13.654,0.11,1.75,23.41,401606.0,408677.0,23.41,0.1836014325003461,13.654,,10965.5,0.11,0.10046745763713494,51.48514851485149,71.96467991169978,77.42574257425743,98.60279441117764,50.0,83.72093023255815,90.4950495049505,29.394812680115272,50.0,66.391229980713
2013-05-31,2981.76,1630.74,,15.035,0.11,1.86,23.41,401606.0,401606.0,23.41,0.21267432071351022,15.035,,11522.5,0.11,0.09617889907627131,51.38339920948617,77.97356828193833,69.76284584980237,96.41434262948208,50.0,87.86127167630057,90.51383399209486,28.735632183908045,50.0,66.45390987304813
2013-06-07,2990.87,1643.38,,16.363999999999997,0.09,1.85,22.93,407681.0,401606.0,22.93,0.1686692377725938,16.363999999999997,,11522.5,0.09,0.11370270316406628,47.928994082840234,68.79120879120879,58.777120315581854,96.22266401590457,50.0,87.35632183908046,94.67455621301775,33.5243553008596,50.0,64.17063699692513
2013-06-14,2943.86,1626.73,,16.932,0.09,1.85,22.93,407681.0,401606.0,22.93,0.14492285793180693,16.932,,11522.5,0.09,0.08281108008816873,47.83464566929133,62.71929824561403,54.13385826771653,96.03174603174604,50.0,86.85714285714286,94.68503937007874,25.142857142857146,50.0,61.592345035817885
2013-06-21,2877.94,1592.43,,17.887999999999998,0.09,2.14,22.93,407681.0,401606.0,22.93,0.11309480067916433,17.887999999999998,,11522.5,0.09,0.08644796845118385,47.74066797642436,54.26695842450766,46.36542239685658,95.84158415841584,50.0,86.36363636363636,94.69548133595285,25.64102564102564,50.0,59.7488952951256
2013-06-28,2909.6,1606.28,,17.901999999999997,0.09,2.16,22.93,407681.0,401606.0,22.93,0.11235147492850928,17.901999999999997,,11522.5,0.09,0.11265397327307936,47.647058823529406,54.14847161572053,46.27450980392157,95.65217391304348,50.0,85.87570621468926,94.70588235294117,32.67045454545455,50.0,60.65399475735391
2013-07-05,2963.22,1631.89,,15.975000000000001,0.09,2.33,23.49,412101.0,407681.0,23.49,0.13433807119423946,15.975000000000001,,11488.5,0.09,0.1189482309566876,52.64187866927593,60.348583877995644,62.62230919765167,97.43589743589743,50.0,85.39325842696628,94.71624266144813,36.26062322946176,50.0,64.81898050590557
2013-07-12,3079.07,1680.19,,14.238,0.09,2.24,23.49,412101.0,407681.0,23.49,0.19114341752515518,14.238,,11488.5,0.09,0.12947270153620183,52.5390625,72.82608695652173,73.6328125,97.24409448818898,50.0,84.91620111731844,94.7265625,37.85310734463277,50.0,67.52955746194931
2013-07-19,3044.93,1692.09,,13.66,0.09,2.18,23.49,412101.0,407681.0,23.49,0.16305709614826358,13.66,,11488.5,0.09,0.08908080159229992,52.436647173489284,67.67895878524945,77.58284600389864,97.05304518664047,50.0,84.44444444444444,94.73684210526316,26.197183098591548,50.0,65.43288135436833
2013-07-26,3076.23,1691.65,,12.764,0.09,2.27,23.49,412101.0,407681.0,23.49,0.1621439877900892,12.764,,11488.5,0.09,0.11470799009478205,52.33463035019456,67.31601731601732,84.43579766536965,96.86274509803921,50.0,83.97790055248619,94.74708171206225,34.831460674157306,50.0,67.24512621614153
2013-08-02,3143.52,1709.67,,13.030000000000001,0.08,2.33,23.36,414442.0,412101.0,23.36,0.1747085201793721,13.030000000000001,,24670.5,0.08,0.12772103582107186,50.48543689320388,70.19438444924407,82.52427184466019,99.21722113502935,50.0,97.8021978021978,97.28155339805825,37.53501400560224,50.0,69.93252227249137
2013-08-09,3118.57,1691.42,,12.736,0.08,2.25,23.36,414442.0,412101.0,23.36,0.14528674677556785,12.736,,24670.5,0.08,0.14741255017537713,50.3875968992248,62.5,84.68992248062015,99.0234375,50.0,97.26775956284153,97.28682170542636,42.737430167597765,50.0,69.87150883747287
2013-08-16,3073.91,1655.83,,13.452000000000002,0.08,2.48,23.36,414442.0,412101.0,23.36,0.10560371182965844,13.452000000000002,,24670.5,0.08,0.1385780011299409,50.29013539651837,50.32258064516129,78.72340425531915,98.83040935672514,50.0,96.73913043478261,97.29206963249517,40.66852367688023,50.0,67.36969898321489
2013-08-23,3124.27,1663.5,,14.937999999999999,0.08,2.42,23.36,414442.0,412101.0,23.36,0.12462698655531756,14.937999999999999,,24670.5,0.08,0.18123117389253807,50.19305019305019,57.2961373390558,69.3050193050193,98.63813229571986,50.0,96.21621621621622,97.29729729729729,49.72222222222222,50.0,68.490278028794
2013-08-30,3073.81,1632.97,,16.413999999999998,0.08,2.39,23.36,414442.0,414442.0,23.36,0.10878206793062661,16.413999999999998,,24670.5,0.08,0.16501970504622343,50.09633911368015,52.03426124197003,57.80346820809248,99.22330097087378,50.0,95.6989247311828,97.30250481695569,45.98337950138504,50.0,66.15626580222414
2013-09-06,3133.38,1655.17,,16.0275,0.08,2.48,23.44,432852.0,414442.0,23.44,0.10911787505619253,16.0275,,11383.5,0.08,0.16407404214964272,52.69230769230769,52.13675213675214,60.96153846153846,99.03100775193798,50.0,81.28342245989305,97.3076923076923,45.85635359116022,50.0,64.78757344403247
2013-09-13,3178.28,1687.99,,14.486,0.08,2.45,23.44,432852.0,414442.0,23.44,0.11314324940547693,14.486,,11383.5,0.08,0.12537968723767667,52.5911708253359,53.94456289978679,71.92307692307692,98.8394584139265,50.0,80.85106382978722,97.3076923076923,36.63911845730027,50.0,64.59851926291918
2013-09-20,3224.73,1709.91,,13.756,0.08,2.41,23.44,432852.0,414442.0,23.44,0.1268817880655848,13.756,,11383.5,0.08,0.10477214672482216,52.490421455938694,58.08510638297872,75.57692307692308,98.64864864864865,50.0,80.42328042328042,97.3076923076923,30.21978021978022,50.0,64.37920521805334
2013-09-27,3230.3,1691.75,,14.384,0.08,2.3,23.44,432852.0,414442.0,23.44,0.1540124107331049,14.384,,11383.5,0.08,0.14198788187685674,52.39005736137668,65.81740976645435,71.92307692307692,98.45857418111753,50.0,80.0,97.3076923076923,41.0958904109589,50.0,66.45533525080253
2013-10-04,3242.57,1690.5,,16.630000000000003,0.09,2.33,23.83,445022.0,432852.0,23.83,0.15314338143772632,16.630000000000003,,8092.5,0.09,0.14877936849297324,56.48854961832062,65.46610169491525,53.84615384615385,100.0,50.0,70.68062827225131,93.07692307692308,43.44262295081967,50.0,64.65674519512999
2013-10-11,3233.83,1703.2,,18.31,0.09,2.35,23.83,445022.0,432852.0,23.83,0.1888468975861537,18.31,,8092.5,0.09,0.0935200644687324,56.38095238095238,73.15010570824523,42.88461538461539,99.8076923076923,50.0,70.3125,93.07692307692308,27.247956403269757,50.0,61.94211777551652
2013-10-18,3353.88,1744.5,,15.192000000000002,0.09,2.27,23.83,445022.0,432852.0,23.83,0.2522327429134681,15.192000000000002,,8092.5,0.09,0.11934931514253155,56.27376425855514,85.0210970464135,67.3076923076923,99.61538461538461,50.0,69.94818652849742,93.07692307692308,36.141304347826086,50.0,67.03224659026763
2013-10-25,3383.83,1759.77,,13.24,0.09,2.21,23.83,445022.0,432852.0,23.83,0.26933450370053613,13.24,,8092.5,0.09,0.10558109976949526,56.166982922201136,86.73684210526315,80.38461538461539,99.42307692307692,50.0,69.58762886597938,93.07692307692308,30.35230352303523,50.0,67.56742288003937
2013-11-01,3379.76,1761.64,,13.48,0.08,2.32,24.64,456378.0,445022.0,24.64,0.2723658650443477,13.48,,23249.0,0.08,0.1085150077290955,57.57575757575758,86.76470588235294,78.26923076923077,100.0,50.0,95.38461538461539,97.3076923076923,31.351351351351354,50.0,71.76423430835196
2013-11-08,3366.84,1770.61,,13.136000000000001,0.08,2.45,24.64,456378.0,445022.0,24.64,0.3029062342788593,13.136000000000001,,23249.0,0.08,0.09831793851624027,57.46691871455577,90.77568134171908,81.34615384615384,99.8076923076923,50.0,94.89795918367348,97.3076923076923,28.30188679245283,50.0,71.96644240033639
2013-11-15,3422.58,1798.18,,12.486,0.08,2.4,24.64,456378.0,445022.0,24.64,0.3505777062221802,12.486,,23249.0,0.08,0.10405869320959371,57.35849056603774,93.09623430962343,86.92307692307692,99.61538461538461,50.0,94.41624365482234,97.3076923076923,29.838709677419356,50.0,72.90456615327552
2013-11-22,3422.02,1804.76,,12.962,0.08,2.44,24.64,456378.0,445022.0,24.64,0.2964210350849943,12.962,,23249.0,0.08,0.0713778024000915,57.250470809792844,89.77035490605428,82.5,99.42307692307692,50.0,93.93939393939394,97.3076923076923,20.64343163538874,50.0,70.55611443305632
2013-11-29,3487.82,1805.81,,13.07,0.08,2.47,24.64,456378.0,456378.0,24.64,0.30245567389128714,13.07,,23249.0,0.08,0.11728180628833407,57.14285714285714,90.41666666666667,81.73076923076923,100.0,50.0,93.46733668341709,97.3076923076923,36.096256684491976,50.0,72.88618735683471
2013-12-06,3504.26,1805.09,,14.469999999999999,0.09,2.58,24.86,478502.0,456378.0,24.86,0.3270997598975969,14.469999999999999,,24421.5,0.09,0.1265675767943617,59.66228893058161,92.3076923076923,70.38461538461539,99.8076923076923,50.0,95.5,92.11538461538461,38.4,50.0,73.09822701688556
2013-12-13,3456.4,1775.32,,14.824000000000002,0.09,2.54,24.86,478502.0,456378.0,24.86,0.31517565988988205,14.824000000000002,,24421.5,0.09,0.1309277596187688,59.55056179775281,91.49377593360995,68.26923076923077,99.61538461538461,50.0,95.02487562189054,92.11538461538461,40.42553191489361,50.0,72.96461890979369
2013-12-20,3531.19,1818.32,,14.796000000000001,0.09,2.52,24.86,478502.0,456378.0,24.86,0.3251884848780524,14.796000000000001,,24421.5,0.09,0.13648155059535605,59.439252336448604,91.51138716356108,68.26923076923077,99.42307692307692,50.0,94.55445544554455,92.11538461538461,41.37931034482759,50.0,72.98235871854979
2013-12-27,3574.02,1841.4,,12.5775,0.09,2.62,24.86,478502.0,456378.0,24.86,0.3712687426142205,12.5775,,24421.5,0.09,0.147301333236586,59.32835820895522,94.21487603305785,85.57692307692308,99.23076923076923,50.0,94.08866995073892,92.11538461538461,44.44444444444444,50.0,75.37065469426626
2014-01-03,3538.73,1831.37,,13.8175,0.07,2.6,24.86,487549.0,478502.0,24.86,0.2988596030816777,13.8175,,990.5,0.07,0.11400178743160594,59.217877094972074,89.07216494845362,73.84615384615384,100.0,50.0,50.98039215686274,100.0,34.03693931398417,50.0,65.66945031805126
2014-01-10,3565.08,1842.37,,12.874,0.07,2.49,24.86,487549.0,478502.0,24.86,0.297213509638826,12.874,,990.5,0.07,0.1097881831105818,59.10780669144982,88.88888888888889,82.6923076923077,99.8076923076923,50.0,50.73170731707317,100.0,31.57894736842105,50.0,66.06944159239615
2014-01-17,3591.25,1838.7,,12.562,0.07,2.44,24.86,487549.0,478502.0,24.86,0.30912716350009495,12.562,,990.5,0.07,0.15048554076429643,58.998144712430424,90.75975359342917,85.57692307692308,99.61538461538461,50.0,50.48543689320388,100.0,45.93175853018373,50.0,68.64184022566727
2014-01-24,3541.48,1790.29,,14.405,0.07,2.38,24.86,487549.0,478502.0,24.86,0.29405531418883113,14.405,,990.5,0.07,0.15709807859655878,58.88888888888889,87.29508196721312,69.8076923076923,99.42307692307692,50.0,50.24154589371981,100.0,47.64397905759162,50.0,66.81293943346314
2014-01-31,3521.92,1782.59,,17.254,0.07,2.33,24.86,487549.0,487549.0,24.86,0.27422972836075776,17.254,,24165.5,0.07,0.146400056032016,58.78003696857671,84.66257668711657,49.42307692307693,100.0,50.0,93.75,100.0,44.12532637075718,50.0,70.5391232440906
2014-02-07,3561.91,1797.02,,18.604,0.07,2.41,24.59,502093.0,487549.0,24.59,0.2833121964576517,18.604,,24165.5,0.07,0.14512860988053244,56.08856088560885,86.12244897959184,41.15384615384615,99.8076923076923,50.0,93.30143540669856,100.0,43.48958333333333,50.0,69.1518280964468
2014-02-14,3663.88,1838.63,,14.356,0.07,2.43,24.59,502093.0,487549.0,24.59,0.325250391547635,14.356,,24165.5,0.07,0.16238478559463698,55.98526703499079,91.44602851323829,70.1923076923077,99.61538461538461,50.0,92.85714285714286,100.0,48.57142857142857,50.0,73.33486254287246
2014-02-21,3662.6,1836.25,,14.709999999999999,0.07,2.4,24.59,502093.0,487549.0,24.59,0.3380436053308393,14.709999999999999,,24165.5,0.07,0.16979264667439398,55.88235294117647,92.6829268292683,68.46153846153847,99.42307692307692,50.0,92.41706161137441,100.0,50.0,50.0,73.40328874176134
2014-02-28,3696.1,1859.45,,14.057999999999998,0.07,2.33,24.59,502093.0,487549.0,24.59,0.34513693021563085,14.057999999999998,,19466.5,0.07,0.15872255644389743,55.779816513761475,92.90060851926978,71.92307692307692,99.23076923076923,50.0,85.37735849056604,100.0,47.80361757105943,50.0,72.33502888815465
2014-03-07,3703.4,1878.04,,14.462,0.08,2.42,24.96,487932.0,502093.0,24.96,0.3207042519729968,14.462,,19466.5,0.08,0.17078659397578844,61.35531135531136,90.68825910931174,69.03846153846153,100.0,50.0,84.97652582159625,95.57692307692308,50.25773195876289,50.0,73.34263818507971
2014-03-14,3627.87,1841.13,,15.501999999999999,0.08,2.29,24.96,487932.0,502093.0,24.96,0.2959409304103364,15.501999999999999,,19466.5,0.08,0.19411729925173304,61.24314442413162,87.27272727272727,60.76923076923077,99.8076923076923,50.0,84.57943925233646,95.57692307692308,55.78406169665809,50.0,72.81818899221048
2014-03-21,3653.07,1866.52,,14.959999999999999,0.08,2.3,24.96,487932.0,502093.0,24.96,0.3042905445210493,14.959999999999999,,19466.5,0.08,0.15637020849461059,61.131386861313864,89.31451612903226,65.57692307692308,99.61538461538461,50.0,84.18604651162791,95.57692307692308,46.666666666666664,50.0,72.06038782295236
2014-03-28,3571.49,1857.62,,14.613999999999999,0.08,2.28,24.96,487932.0,502093.0,24.96,0.26707442109632473,14.613999999999999,,19466.5,0.08,0.13019509555814968,61.02003642987249,82.69617706237425,68.46153846153847,99.42307692307692,50.0,83.79629629629629,95.57692307692308,38.87468030690537,50.0,70.27050271624734
2014-04-04,3539.38,1865.09,,13.48,0.09,2.31,24.79,475195.0,487932.0,24.79,0.2769477766753856,13.48,,10644.0,0.09,0.12056379361223812,58.54545454545455,84.33734939759037,76.92307692307692,99.23076923076923,50.0,70.04608294930875,89.61538461538461,36.224489795918366,50.0,68.32400490243198
2014-04-11,3446.85,1815.69,,15.440000000000001,0.09,2.26,24.79,475195.0,487932.0,24.79,0.20667744916820707,15.440000000000001,,10644.0,0.09,0.1178514255882035,58.43920145190563,74.14829659318637,60.76923076923077,99.03846153846155,50.0,69.72477064220183,89.61538461538461,35.36895674300254,50.0,65.25354114319029
2014-04-17,3534.53,1864.85,,15.440000000000001,0.09,2.26,24.79,475195.0,487932.0,24.79,0.2712033260683484,15.440000000000001,,10644.0,0.09,0.09237784625139178,58.333333333333336,83.0,60.96153846153846,98.84615384615385,50.0,69.40639269406392,89.61538461538461,25.380710659898476,50.0,64.73319370822257
2014-04-25,3533.1,1863.4,,13.418000000000001,0.09,2.25,24.79,475195.0,487932.0,24.79,0.2438084173839572,13.418000000000001,,10644.0,0.09,0.10310688200575502,58.22784810126582,79.04191616766467,77.3076923076923,98.65384615384616,50.0,69.0909090909091,89.61538461538461,28.607594936708864,50.0,66.27383670297715
2014-05-02,3587.64,1881.14,,13.45,0.09,2.18,24.94,475362.0,475195.0,24.94,0.21838354405876537,13.45,,6027.0,0.09,0.10177402300575022,61.191335740072205,75.2988047808765,77.11538461538461,96.73076923076923,50.0,62.89592760180995,89.61538461538461,28.030303030303028,50.0,65.03613523961349
2014-05-09,3555.7,1878.48,,13.368,0.09,2.22,24.94,475362.0,475195.0,24.94,0.19277965260212948,13.368,,6027.0,0.09,0.09028125610221327,61.08108108108108,69.98011928429423,77.6923076923077,96.53846153846153,50.0,62.612612612612615,89.61538461538461,24.43324937027708,50.0,63.816863673918824
2014-05-16,3587.2,1877.86,,12.428,0.09,2.14,24.94,475362.0,475195.0,24.94,0.1843008821509693,12.428,,6027.0,0.09,0.11707787598202857,60.97122302158273,68.25396825396825,87.11538461538461,96.34615384615385,50.0,62.33183856502242,89.61538461538461,35.175879396984925,50.0,66.06472464293999
2014-05-23,3677.33,1900.53,,12.136,0.09,2.17,24.94,475362.0,475195.0,24.94,0.2294568408101585,12.136,,6027.0,0.09,0.14634979217583943,60.86175942549371,77.62376237623762,89.23076923076923,96.15384615384616,50.0,62.05357142857143,89.61538461538461,44.611528822055135,50.0,68.71773763861047
2014-05-30,3736.82,1923.57,,11.54,0.09,2.11,24.94,475362.0,475362.0,24.94,0.2532262824640481,11.54,,6027.0,0.09,0.1506675946992535,60.752688172043015,81.02766798418972,93.65384615384616,96.73076923076923,50.0,61.77777777777778,89.61538461538461,46.75,50.0,69.92994753610111
2014-06-06,3794.57,1949.44,,11.588,0.1,2.19,25.56,502270.0,475362.0,25.56,0.2687177978314004,11.588,,-469.0,0.1,0.17461838635137505,65.83184257602862,82.84023668639054,93.26923076923077,96.53846153846153,50.0,46.017699115044245,83.26923076923077,52.618453865336654,50.0,69.60646601847587
2014-06-13,3775.56,1936.16,,11.696000000000002,0.1,2.15,25.56,502270.0,475362.0,25.56,0.2825202285434769,11.696000000000002,,-469.0,0.1,0.19893606503955685,65.71428571428571,85.23622047244095,92.3076923076923,96.34615384615385,50.0,45.81497797356828,83.26923076923077,58.95522388059702,50.0,70.65981080075177
2014-06-20,3802.64,1962.87,,11.358,0.1,2.13,25.56,502270.0,475362.0,25.56,0.3213062120822532,11.358,,-469.0,0.1,0.167716789364732,65.59714795008912,90.96267190569745,95.1923076923077,96.15384615384616,50.0,45.614035087719294,83.26923076923077,50.86848635235732,50.0,70.33425151163608
2014-06-27,3844.44,1960.96,,11.518,0.1,2.09,25.56,502270.0,475362.0,25.56,0.3212950233709102,11.518,,-469.0,0.1,0.1642776472426244,65.48042704626334,90.7843137254902,93.46153846153847,95.96153846153847,50.0,45.414847161572055,83.26923076923077,50.0,50.0,69.92166089977808
2014-07-03,3923.01,1985.44,,11.518,0.1,2.09,25.82,498671.0,502270.0,25.82,0.3239010265859439,11.518,,-1880.0,0.1,0.15310400263401802,72.64653641207815,90.99804305283757,93.46153846153847,100.0,50.0,43.47826086956522,83.26923076923077,46.666666666666664,50.0,71.31696542534476
2014-07-11,3904.58,1967.57,,11.926,0.09,2.05,25.82,498671.0,502270.0,25.82,0.26810368065682155,11.926,,-1880.0,0.09,0.16186590915004828,72.51773049645391,82.03125,89.23076923076923,99.8076923076923,50.0,43.290043290043286,89.61538461538461,49.26108374384236,50.0,70.11842669283517
2014-07-18,3939.89,1978.22,,12.276,0.09,1.99,25.82,498671.0,502270.0,25.82,0.29391808678688847,12.276,,-1880.0,0.09,0.1509139212460735,72.38938053097344,85.96491228070175,87.11538461538461,99.61538461538461,50.0,43.103448275862064,89.61538461538461,46.19164619164619,50.0,69.83023744231282
2014-07-25,3965.17,1978.34,,12.22,0.09,1.95,25.82,498671.0,502270.0,25.82,0.2889705906255384,12.22,,-1880.0,0.09,0.14726749500946212,72.26148409893993,85.21400778210116,87.3076923076923,99.42307692307692,50.0,42.91845493562232,89.61538461538461,44.36274509803921,50.0,69.39708083561243
2014-08-01,3879.67,1925.15,,14.63,0.09,2.05,25.62,501000.0,498671.0,25.62,0.2341801547310023,14.63,,-6320.0,0.09,0.16288182799847362,65.60846560846561,76.31067961165049,65.38461538461539,98.46153846153847,50.0,31.62393162393162,89.61538461538461,49.877750611246945,50.0,63.76576547190643
2014-08-08,3888.09,1931.59,,16.157999999999998,0.09,1.99,25.62,501000.0,498671.0,25.62,0.24675412127994556,16.157999999999998,,-6320.0,0.09,0.14325877072632665,65.49295774647888,78.29457364341084,54.61538461538461,98.26923076923076,50.0,31.48936170212766,89.61538461538461,42.4390243902439,50.0,61.73319830036081
2014-08-15,3987.51,1955.06,,13.366,0.09,1.92,25.62,501000.0,498671.0,25.62,0.2972110439147537,13.366,,-6320.0,0.09,0.21626394426501805,65.37785588752196,87.62088974854933,75.57692307692308,98.07692307692307,50.0,31.35593220338983,89.61538461538461,65.69343065693431,50.0,68.35902083791738
2014-08-22,4052.75,1988.4,,11.908,0.09,1.87,25.62,501000.0,498671.0,25.62,0.29718302195392843,11.908,,-6320.0,0.09,0.18489658355911875,65.26315789473685,87.45173745173746,89.23076923076923,97.88461538461539,50.0,31.223628691983123,89.61538461538461,55.8252427184466,50.0,68.14647847702801
2014-08-29,4082.56,2003.37,,11.828,0.09,1.87,25.62,501000.0,501000.0,25.62,0.3281757818472839,11.828,,-6320.0,0.09,0.1767556546043223,65.14886164623468,92.29287090558766,90.57692307692308,98.46153846153847,50.0,31.092436974789916,89.61538461538461,53.99515738498789,50.0,68.64882522265336
2014-09-05,4089.92,2007.71,,12.335,0.09,1.94,25.92,503901.0,501000.0,25.92,0.30527417676757995,12.335,,1572.5,0.09,0.150841828831624,73.77622377622379,89.03846153846153,85.38461538461539,98.26923076923076,50.0,54.39330543933054,89.61538461538461,45.893719806763286,50.0,71.70983700369729
2014-09-12,4069.23,1985.54,,13.030000000000001,0.09,2.04,25.92,503901.0,501000.0,25.92,0.28032457807367495,13.030000000000001,,1572.5,0.09,0.13172622472863615,73.64746945898779,83.65384615384616,78.84615384615384,98.07692307692307,50.0,54.166666666666664,89.61538461538461,39.51807228915663,50.0,69.35912781209412
2014-09-19,4100.09,2010.4,,12.728,0.09,2.0,25.92,503901.0,501000.0,25.92,0.2714521835936652,12.728,,1572.5,0.09,0.08883536489797206,73.5191637630662,81.53846153846153,81.73076923076923,97.88461538461539,50.0,53.941908713692946,89.61538461538461,22.596153846153847,50.0,66.76146521351333
2014-09-26,4053.72,1982.85,,14.475999999999999,0.09,1.95,25.92,503901.0,501000.0,25.92,0.25490511717177955,14.475999999999999,,1572.5,0.09,0.14245558291004,73.3913043478261,78.84615384615384,65.57692307692308,97.6923076923077,50.0,53.71900826446281,89.61538461538461,41.96642685851319,50.0,67.63492229185776
2014-10-03,4027.31,1967.9,,15.942000000000002,0.09,1.88,25.16,492888.0,503901.0,25.16,0.24201173760319739,15.942000000000002,,-4799.5,0.09,0.12517054640797687,61.111111111111114,75.76923076923077,56.15384615384615,100.0,50.0,37.86008230452675,89.61538461538461,36.36363636363637,50.0,61.06347233013899
2014-10-10,3870.86,1906.13,,17.554,0.09,1.86,25.16,492888.0,503901.0,25.16,0.1969893284433628,17.554,,-4799.5,0.09,0.07538024640024821,61.005199306759096,68.26923076923077,45.769230769230774,99.8076923076923,50.0,37.704918032786885,89.61538461538461,19.570405727923628,50.0,56.52695381007378
2014-10-17,3815.47,1886.76,,24.174,0.09,1.83,25.16,492888.0,503901.0,25.16,0.13762865695850768,24.174,,-4799.5,0.09,0.10965263376982115,60.89965397923876,53.65384615384615,22.307692307692307,99.61538461538461,50.0,37.55102040816327,89.61538461538461,30.0,50.0,53.912583857072235
2014-10-24,4042.02,1964.58,,17.032,0.09,1.88,25.16,492888.0,503901.0,25.16,0.19451036251821163,17.032,,-4799.5,0.09,0.15452128302792922,60.79447322970639,66.92307692307692,50.19230769230769,99.42307692307692,50.0,37.39837398373984,89.61538461538461,47.74346793349169,50.0,60.87632477967985
2014-10-31,4158.21,2018.05,,14.825999999999999,0.09,1.85,25.16,492888.0,492888.0,25.16,0.2303270054678439,14.825999999999999,,5654.5,0.09,0.15442609446507793,60.689655172413794,74.61538461538461,63.46153846153847,95.96153846153847,50.0,63.1578947368421,89.61538461538461,47.6303317535545,50.0,66.32924193111917
2014-11-07,4160.5,2031.92,,14.116,0.09,1.81,26.61,496341.0,492888.0,26.61,0.23572845754476002,14.116,,5654.5,0.09,0.1583592869863264,87.4354561101549,74.8076923076923,68.26923076923077,95.76923076923077,50.0,62.903225806451616,89.61538461538461,49.40898345153664,50.0,72.3762303030369
2014-11-14,4224.99,2039.82,,13.142,0.09,1.78,26.61,496341.0,492888.0,26.61,0.23444594428764254,13.142,,5654.5,0.09,0.19651605506619796,87.2852233676976,74.61538461538461,76.73076923076923,95.57692307692308,50.0,62.65060240963856,89.61538461538461,59.66981132075472,50.0,74.63587596386773
2014-11-21,4251.32,2063.5,,13.658000000000001,0.09,1.78,26.61,496341.0,492888.0,26.61,0.2423422423013306,13.658000000000001,,5654.5,0.09,0.19562790472787572,87.13550600343054,75.96153846153845,71.92307692307692,95.38461538461539,50.0,62.4,89.61538461538461,59.29411764705882,50.0,74.158141924668
2014-11-28,4337.79,2067.56,,12.567499999999999,0.09,1.71,26.61,496341.0,492888.0,26.61,0.24369663572088007,12.567499999999999,,5654.5,0.09,0.22267262015011569,86.98630136986301,76.34615384615384,82.6923076923077,95.1923076923077,50.0,62.15139442231076,89.61538461538461,68.7793427230047,50.0,76.60225546115454
2014-12-05,4311.57,2075.37,,12.762,0.12,1.66,26.79,495756.0,496341.0,26.79,0.2303795951213663,12.762,,-2285.0,0.12,0.20606237773708536,89.57264957264958,73.84615384615385,80.76923076923077,95.96153846153847,50.0,43.25396825396825,74.03846153846153,62.52927400468384,50.0,72.9935547148662
2014-12-12,4199.28,2002.33,,17.758,0.12,1.54,26.79,495756.0,496341.0,26.79,0.21492882768198118,17.758,,-2285.0,0.12,0.23449136180388064,89.419795221843,70.38461538461539,44.99999999999999,95.76923076923077,50.0,43.08300395256917,74.03846153846153,71.26168224299066,50.0,70.22027735831797
2014-12-19,4281.78,2070.65,,19.346,0.12,1.5,26.79,495756.0,496341.0,26.79,0.21256007181714942,19.346,,-2285.0,0.12,0.23530854536106616,89.26746166950596,70.0,38.26923076923077,95.57692307692308,50.0,42.91338582677165,74.03846153846153,71.56177156177156,50.0,69.45553517295191
2014-12-26,4314.09,2088.77,,14.73,0.12,1.52,26.79,495756.0,496341.0,26.79,0.2070693504792922,14.73,,-2285.0,0.12,0.23302968863556894,89.1156462585034,69.42307692307692,65.1923076923077,95.38461538461539,50.0,42.745098039215684,74.03846153846153,70.69767441860465,50.0,71.8587758896045
2015-01-02,4230.24,2058.2,,16.9925,0.11,1.46,26.49,485872.0,495756.0,26.49,0.19541191331353325,16.9925,,-23726.0,0.11,0.18466367931611272,84.88964346349745,65.96153846153847,51.15384615384615,95.1923076923077,50.0,7.8125,75.76923076923077,55.91647331786543,50.0,61.702659305763916
2015-01-09,4213.28,2044.81,,18.982,0.11,1.39,26.49,485872.0,495756.0,26.49,0.18181920181314304,18.982,,-23726.0,0.11,0.1900282921358234,84.7457627118644,62.69230769230769,40.0,95.0,50.0,7.782101167315175,75.76923076923077,56.71296296296296,50.0,60.24648908499153
2015-01-16,4142.14,2019.42,,20.996000000000002,0.11,1.34,26.49,485872.0,495756.0,26.49,0.15339784197702766,20.996000000000002,,-23726.0,0.11,0.16443722650745274,84.60236886632826,56.34615384615385,32.5,94.8076923076923,50.0,7.751937984496124,75.76923076923077,50.57736720554272,50.0,57.74679262869455
2015-01-23,4278.14,2051.82,,17.95,0.11,1.29,26.49,485872.0,495756.0,26.49,0.20800908094920767,17.95,,-23726.0,0.11,0.17908804185035265,84.45945945945947,69.61538461538461,44.03846153846154,94.61538461538461,50.0,7.722007722007722,75.76923076923077,54.60829493087558,50.0,61.02989882828593
2015-01-30,4148.43,1994.99,,18.582,0.11,1.21,26.49,485872.0,485872.0,26.49,0.17788876521897157,18.582,,-23726.0,0.11,0.15685952400777592,84.31703204047217,61.73076923076923,41.730769230769226,91.73076923076923,50.0,7.6923076923076925,75.76923076923077,47.58620689655172,50.0,58.24749128873104
2015-02-06,4228.68,2055.47,,17.845999999999997,0.11,1.3,27.0,504923.0,485872.0,27.0,0.18719451081021155,17.845999999999997,,13232.0,0.11,0.12913386152052508,92.5925925925926,63.26923076923077,45.38461538461539,91.53846153846153,50.0,83.14176245210729,75.76923076923077,36.92660550458716,50.0,70.13646601971499
2015-02-13,4384.03,2096.99,,16.554,0.11,1.36,27.0,504923.0,485872.0,27.0,0.19655392643863867,16.554,,13232.0,0.11,0.1559373169259719,92.43697478991596,66.15384615384615,53.46153846153846,91.34615384615384,50.0,82.82442748091603,75.76923076923077,47.139588100686495,50.0,72.70892037214665
2015-02-20,4443.05,2110.3,,15.21,0.11,1.46,27.0,504923.0,485872.0,27.0,0.21308633211379902,15.21,,13232.0,0.11,0.16093315883179593,92.28187919463086,70.1923076923077,62.88461538461539,91.15384615384615,50.0,82.50950570342205,75.76923076923077,49.31506849315068,50.0,74.34929273764286
2015-02-27,4440.67,2104.5,,13.868,0.11,1.37,27.0,504923.0,485872.0,27.0,0.20144747165931665,13.868,,13232.0,0.11,0.1445195107031887,92.12730318257957,67.3076923076923,71.73076923076923,90.96153846153847,50.0,82.1969696969697,75.76923076923077,41.68564920273349,50.0,73.63093039454832
2015-03-06,4399.23,2071.26,,14.074000000000002,0.11,1.51,26.73,518055.0,504923.0,26.73,0.18788950693956896,14.074000000000002,,9188.0,0.11,0.15115332089537903,87.123745819398,62.69230769230769,70.76923076923077,100.0,50.0,69.0566037735849,75.76923076923077,45.45454545454545,50.0,72.20142154809915
2015-03-13,4314.9,2053.4,,16.008000000000003,0.11,1.45,26.73,518055.0,504923.0,26.73,0.18937558402037546,16.008000000000003,,9188.0,0.11,0.12822380830265656,86.97829716193655,62.88461538461539,57.69230769230769,99.8076923076923,50.0,68.796992481203,75.76923076923077,36.054421768707485,50.0,69.40414080064312
2015-03-20,4458.54,2108.06,,14.466,0.11,1.33,26.73,518055.0,504923.0,26.73,0.22049125803776004,14.466,,9188.0,0.11,0.1251608424705768,86.83333333333333,71.53846153846153,68.46153846153847,99.61538461538461,50.0,68.53932584269663,75.76923076923077,34.841628959276015,50.0,71.23534834850102
2015-03-27,4332.86,2061.02,,14.668000000000001,0.11,1.37,26.73,518055.0,504923.0,26.73,0.21317993330514717,14.668000000000001,,9188.0,0.11,0.10926768233205841,86.68885191347754,70.0,67.3076923076923,99.42307692307692,50.0,68.28358208955224,75.76923076923077,28.442437923250562,50.0,69.87359646153901
2015-04-02,4316.01,2066.96,18.852,14.668000000000001,0.11,1.37,26.79,549964.0,518055.0,26.79,0.2194254360933272,14.668000000000001,,5285.0,0.11,0.08392900329242736,88.53820598006644,70.96153846153847,67.5,100.0,50.0,61.33828996282528,75.76923076923077,20.495495495495494,50.0,68.24809363014602
2015-04-10,4422.02,2102.06,19.619,13.834,0.12,1.39,26.79,549964.0,518055.0,26.79,0.28291628588421336,13.834,,5285.0,0.12,0.10433883778997055,88.39137645107795,83.84615384615385,72.6923076923077,99.8076923076923,50.0,61.111111111111114,71.34615384615384,26.96629213483146,50.0,71.18603962326083
2015-04-17,4351.8,2081.18,19.537,13.388,0.12,1.36,26.79,549964.0,518055.0,26.79,0.23122451924301113,13.388,,5285.0,0.12,0.11649925758505164,88.24503311258279,73.65384615384616,76.92307692307692,99.61538461538461,50.0,60.88560885608856,71.34615384615384,32.511210762331835,50.0,71.12006802681807
2015-04-24,4536.78,2117.69,20.066,12.806000000000001,0.12,1.39,26.79,549964.0,518055.0,26.79,0.2840791373015199,12.806000000000001,,5285.0,0.12,0.14593568859849593,88.09917355371901,84.03846153846153,81.53846153846153,99.42307692307692,50.0,60.66176470588235,71.34615384615384,42.95302013422819,50.0,74.29666782137576
2015-05-01,4479.06,2108.29,18.98,13.234,0.12,1.52,26.81,541671.0,549964.0,26.81,0.24846974612837425,13.234,,-1214.0,0.12,0.15804198671510172,89.27392739273927,77.11538461538461,78.26923076923077,100.0,50.0,44.68864468864469,71.34615384615384,49.330357142857146,50.0,72.03840498404236
2015-05-08,4458.65,2116.1,19.025,14.059999999999999,0.12,1.57,26.81,541671.0,549964.0,26.81,0.2539443710099276,14.059999999999999,,-1214.0,0.12,0.14083472122491547,89.12685337726523,78.26923076923077,71.15384615384616,99.8076923076923,50.0,44.52554744525548,71.34615384615384,40.75723830734967,50.0,70.09086546142073
2015-05-15,4494.29,2122.73,19.29,13.318000000000001,0.12,1.59,26.81,541671.0,549964.0,26.81,0.25286853256021424,13.318000000000001,,-1214.0,0.12,0.17439319902313288,88.98026315789474,77.88461538461539,77.5,99.61538461538461,50.0,44.36363636363637,71.34615384615384,54.44444444444444,50.0,72.64418782971416
2015-05-22,4527.16,2126.06,19.582,12.540000000000001,0.12,1.57,26.81,541671.0,549964.0,26.81,0.23109973812521578,12.540000000000001,,-1214.0,0.12,0.1781642535492367,88.83415435139574,72.6923076923077,84.8076923076923,99.42307692307692,50.0,44.20289855072464,71.34615384615384,55.654101995565405,50.0,72.84538095222265
2015-05-29,4508.25,2107.39,19.71,13.620000000000001,0.12,1.51,26.81,541671.0,541671.0,26.81,0.206440235280265,13.620000000000001,,-1214.0,0.12,0.1845706274617931,88.68852459016394,66.53846153846153,74.42307692307693,99.23076923076923,50.0,44.04332129963899,71.34615384615384,57.30088495575221,50.0,71.227797394803
2015-06-05,4477.19,2092.83,19.737,14.158000000000001,0.13,1.68,26.5,547957.0,541671.0,26.5,0.1798939010217231,14.158000000000001,,-3432.5,0.13,0.17073424634745615,82.65139116202947,58.84615384615385,70.1923076923077,99.03846153846155,50.0,37.76978417266187,66.34615384615384,52.980132450331126,50.0,67.05045803354716
2015-06-12,4453.79,2094.11,19.765,13.922,0.13,1.65,26.5,547957.0,541671.0,26.5,0.17963692803186815,13.922,,-3432.5,0.13,0.17269968087018084,82.51633986928104,58.65384615384615,71.92307692307692,98.84615384615385,50.0,37.634408602150536,66.34615384615384,53.964757709251096,50.0,67.26621984364337
2015-06-19,4513.42,2109.76,20.084,14.37,0.13,1.61,26.5,547957.0,541671.0,26.5,0.18691750994046252,14.37,,-3432.5,0.13,0.1653250663336996,82.38172920065253,60.0,69.03846153846153,98.65384615384616,50.0,37.5,66.34615384615384,51.868131868131876,50.0,66.74310408188875
2015-06-26,4484.28,2101.61,19.847,13.228,0.13,1.77,26.5,547957.0,541671.0,26.5,0.16643256234978288,13.228,,-3432.5,0.13,0.17150674580031589,82.24755700325733,55.38461538461539,79.23076923076923,98.46153846153847,50.0,37.36654804270463,66.34615384615384,53.289473684210535,50.0,67.34022235199643
2015-07-02,4433.39,2076.78,19.391,13.228,0.13,1.77,26.38,530744.0,547957.0,26.38,0.13009908208238063,13.228,,-2584.5,0.13,0.16408679402684778,78.53658536585367,45.38461538461539,79.42307692307692,99.23076923076923,50.0,41.843971631205676,66.34615384615384,50.984682713347915,50.0,65.88161522485377
2015-07-10,4420.15,2076.62,19.327,17.912,0.13,1.77,26.38,530744.0,547957.0,26.38,0.13204237075434477,17.912,,-2584.5,0.13,0.17939220171291992,78.4090909090909,46.15384615384615,44.80769230769231,99.03846153846155,50.0,41.69611307420495,66.34615384615384,56.76855895196506,50.0,63.29767283189753
2015-07-17,4661.6,2126.64,20.011,12.912,0.13,1.66,26.38,530744.0,547957.0,26.38,0.18318024107272035,12.912,,-2584.5,0.13,0.219915241837487,78.28200972447326,59.03846153846154,82.3076923076923,98.84615384615385,50.0,41.54929577464789,66.34615384615384,69.71677559912854,50.0,70.45400495865343
2015-07-24,4557.37,2079.65,19.993,12.594,0.13,1.57,26.38,530744.0,547957.0,26.38,0.14935046921065176,12.594,,-2584.5,0.13,0.22119040456703565,78.15533980582524,50.57692307692307,85.57692307692308,98.65384615384616,50.0,41.40350877192983,66.34615384615384,69.78260869565217,50.0,69.69360096591772
2015-07-31,4588.91,2103.92,19.628,13.157999999999998,0.13,1.53,26.38,530744.0,530744.0,26.38,0.182809362651978,13.157999999999998,,-9135.5,0.13,0.2023050742021324,78.02907915993538,59.03846153846154,80.38461538461539,97.5,50.0,24.475524475524477,66.34615384615384,63.1236442516269,50.0,66.41876806413671
2015-08-07,4520.08,2077.57,18.989,13.046000000000001,0.14,1.45,25.69,515960.0,530744.0,25.69,0.1625451056945697,13.046000000000001,,-9135.5,0.14,0.18220521972090076,65.16129032258064,54.03846153846153,81.53846153846153,97.3076923076923,50.0,24.390243902439025,61.73076923076923,57.14285714285714,50.0,62.4160693751567
2015-08-14,4530.74,2091.54,19.135,13.174000000000001,0.14,1.47,25.69,515960.0,530744.0,25.69,0.1362328871902514,13.174000000000001,,-9135.5,0.14,0.15476019945153974,65.05636070853463,46.92307692307692,80.0,97.11538461538461,50.0,24.305555555555554,61.73076923076923,46.220302375809936,50.0,59.701689292950206
2015-08-21,4197.27,1970.89,17.93,17.846,0.14,1.41,25.69,515960.0,530744.0,25.69,0.035659737215471,17.846,,-9135.5,0.14,0.11419412968706077,64.95176848874597,21.73076923076923,45.57692307692308,96.92307692307692,50.0,24.22145328719723,61.73076923076923,30.387931034482758,50.0,50.793299807539654
2015-08-28,4329.12,1988.87,18.478,31.846000000000004,0.14,1.47,25.69,515960.0,530744.0,25.69,0.060393478601661776,31.846000000000004,,-9135.5,0.14,0.14762065599891305,64.84751203852326,28.653846153846153,10.0,96.73076923076923,50.0,24.137931034482758,61.73076923076923,43.44086021505376,50.0,49.956321095135124
2015-09-04,4184.72,1921.22,17.729,27.865999999999996,0.14,1.42,24.5,497279.0,515960.0,24.5,0.02317893748532973,27.865999999999996,,-8935.5,0.14,0.14514864387813375,48.717948717948715,18.653846153846153,14.038461538461533,95.76923076923077,50.0,25.773195876288657,61.73076923076923,41.41630901287554,50.0,45.7027847077336
2015-09-11,4323.23,1961.05,18.359,24.675,0.14,1.49,24.5,497279.0,515960.0,24.5,0.06241967153490946,24.675,,-8935.5,0.14,0.17624673222751208,48.64,29.423076923076923,21.15384615384616,95.57692307692308,50.0,25.684931506849317,61.73076923076923,55.24625267665952,50.0,49.71767762752633
2015-09-18,4323.86,1958.08,18.651,22.312,0.14,1.44,24.5,497279.0,515960.0,24.5,0.05457685075205654,22.312,,-8935.5,0.14,0.1699598192921008,48.56230031948881,26.923076923076923,29.230769230769226,95.38461538461539,50.0,25.597269624573375,61.73076923076923,52.56410256410257,50.0,49.759742815276084
2015-09-25,4224.74,1931.34,17.711,22.36,0.14,1.47,24.5,497279.0,515960.0,24.5,0.04218840965828918,22.36,,-8935.5,0.14,0.168687736093577,48.484848484848484,24.23076923076923,28.84615384615384,95.1923076923077,50.0,25.510204081632654,61.73076923076923,52.23880597014925,50.0,49.28624428166006
2015-10-02,4267.45,1951.36,17.419,24.490000000000002,0.12,1.41,25.49,513941.0,497279.0,25.49,0.05962789057708484,24.490000000000002,,-8821.5,0.12,0.18192060567360357,60.031847133757964,29.230769230769234,21.538461538461533,90.1923076923077,50.0,26.779661016949152,71.34615384615384,57.659574468085104,50.0,51.56840859566058
2015-10-09,4370.01,2014.89,18.094,18.368000000000002,0.12,1.47,25.49,513941.0,497279.0,25.49,0.1289506724603835,18.368000000000002,,-8821.5,0.12,0.1961339693015367,59.93640699523053,45.57692307692307,44.230769230769226,90.0,50.0,26.68918918918919,71.34615384615384,61.57112526539278,50.0,56.318636259541094
2015-10-16,4438.62,2033.11,18.085,16.594,0.12,1.43,25.49,513941.0,497279.0,25.49,0.16332194985152548,16.594,,-8821.5,0.12,0.23864966334949367,59.84126984126984,54.61538461538461,55.0,89.8076923076923,50.0,26.599326599326602,71.34615384615384,75.63559322033898,50.0,60.52272271043457
2015-10-23,4624.09,2075.15,18.085,15.268,0.12,1.43,25.49,513941.0,497279.0,25.49,0.14400473030811334,15.268,,-8821.5,0.12,0.2648625468381447,59.746434231378764,48.84615384615385,63.65384615384615,89.61538461538461,50.0,26.51006711409396,71.34615384615384,82.02959830866807,50.0,61.58792896738236
2015-10-30,4648.83,2079.36,18.167,14.946000000000002,0.12,1.41,25.49,513941.0,513941.0,25.49,0.11798826899074366,14.946000000000002,,-8821.5,0.12,0.2797843413630241,59.65189873417721,42.69230769230769,66.15384615384616,95.0,50.0,26.421404682274247,71.34615384615384,84.59915611814345,50.0,62.42192540535963
2015-11-06,4707.23,2099.2,19.025,14.716,0.12,1.44,26.23,515410.0,513941.0,26.23,0.13140968633577677,14.716,,-9403.5,0.12,0.3002881589965023,74.72353870458136,45.96153846153846,68.26923076923077,94.8076923076923,50.0,23.333333333333332,71.34615384615384,89.05263157894737,50.0,66.21029478545069
2015-11-13,4502.14,2023.04,18.094,17.264,0.12,1.42,26.23,515410.0,513941.0,26.23,0.06559778839713237,17.264,,-9403.5,0.12,0.28892012400749567,74.60567823343848,29.807692307692307,51.92307692307692,94.61538461538461,50.0,23.25581395348837,71.34615384615384,86.34453781512606,50.0,62.161188411979865
2015-11-20,4686.36,2089.17,18.852,17.262,0.12,1.33,26.23,515410.0,513941.0,26.23,0.10233057026993975,17.262,,-9403.5,0.12,0.2928374888038061,74.48818897637796,37.69230769230769,52.11538461538461,94.42307692307692,50.0,23.178807947019866,71.34615384615384,87.42138364779875,50.0,63.218435765267614
2015-11-27,4680.47,2090.11,19.418,15.465,0.12,1.3,26.23,515410.0,513941.0,26.23,0.07899875282113711,15.465,,-9403.5,0.12,0.2719478665106503,74.37106918238993,32.69230769230769,62.69230769230769,94.23076923076923,50.0,23.1023102310231,71.34615384615384,82.84518828451883,50.0,62.92018476765543
2015-12-04,4716.12,2091.69,19.217,15.925999999999998,0.24,1.32,25.97,503444.0,515410.0,25.97,0.09382893006491844,15.925999999999998,,-19467.0,0.24,0.3110178482707149,71.58555729984302,35.96153846153846,60.96153846153846,95.0,50.0,12.5,29.807692307692307,90.18789144050105,50.0,62.23183363758222
2015-12-11,4537.56,2012.37,19.098,19.356,0.24,1.25,25.97,503444.0,515410.0,25.97,0.08055666685717577,19.356,,-19467.0,0.24,0.30296363580502583,71.47335423197492,33.07692307692307,39.61538461538462,94.8076923076923,50.0,12.459016393442624,29.807692307692307,89.16666666666667,50.0,59.53467715156523
2015-12-18,4514.83,2005.52,19.108,20.236,0.24,1.22,25.97,503444.0,515410.0,25.97,0.05442829851136688,20.236,,-19467.0,0.24,0.2920154369562813,71.36150234741784,26.53846153846154,36.92307692307693,94.61538461538461,50.0,12.418300653594772,29.807692307692307,86.9022869022869,50.0,58.07808091055812
2015-12-24,4622.77,2060.99,19.479,20.236,0.24,1.22,25.97,503444.0,515410.0,25.97,0.07155159025425983,20.236,,-19467.0,0.24,0.3040649064373342,71.25,30.76923076923077,37.11538461538461,94.42307692307692,50.0,12.37785016286645,29.807692307692307,89.41908713692946,50.0,58.91954059496939
2015-12-31,4593.27,2043.94,19.096,16.6525,0.24,1.22,25.97,503444.0,503444.0,25.97,0.08581782593895393,16.6525,,-35052.0,0.24,0.2921368514690301,71.13884555382215,34.42307692307692,55.38461538461538,91.73076923076923,50.0,0.0,29.807692307692307,86.74948240165632,50.0,58.42096070178211
2016-01-08,4270.78,1922.03,17.575,22.526,0.34,1.19,24.21,487200.0,503444.0,24.21,0.013647324649679105,22.526,,-35052.0,0.34,0.2483116120360993,47.35202492211838,17.307692307692307,28.269230769230774,91.53846153846153,50.0,0.0,28.84615384615384,76.2396694214876,50.0,47.287124628416045
2016-01-15,4141.08,1880.29,16.165,24.592,0.34,1.18,24.21,487200.0,503444.0,24.21,-0.00025590636724026616,24.592,,-35052.0,0.34,0.24420453677195098,47.27838258164852,15.192307692307692,21.346153846153854,91.34615384615384,50.0,0.0,28.84615384615384,74.84536082474227,50.0,46.08248064004104
2016-01-22,4259.77,1906.9,16.361,25.6675,0.34,1.19,24.21,487200.0,503444.0,24.21,-0.004293922125035654,25.6675,,-35052.0,0.34,0.2877552060590485,47.20496894409938,14.615384615384617,17.692307692307693,91.15384615384615,50.0,0.0,28.84615384615384,85.18518518518519,50.0,47.14954079736688
2016-01-29,4279.17,1940.24,15.624,22.476,0.34,1.18,24.21,487200.0,503444.0,24.21,0.03151553720323097,22.476,,-35052.0,0.34,0.2659672715735899,47.13178294573643,20.76923076923077,28.84615384615384,90.96153846153847,50.0,0.0,28.84615384615384,80.69815195071868,50.0,48.28107938175509
2016-02-05,4024.47,1880.05,14.467,21.766,0.38,1.12,24.0,474156.0,487200.0,24.0,-0.04829166548426467,21.766,,-2637.5,0.38,0.21140512802809908,46.43962848297213,12.115384615384615,31.92307692307692,82.5,50.0,46.325878594249204,28.07692307692308,63.729508196721305,50.0,50.29238756139385
2016-02-12,4019.19,1864.78,13.953,26.474,0.38,1.03,24.0,474156.0,487200.0,24.0,-0.08322023343818352,26.474,,-2637.5,0.38,0.22676997563314205,46.36785162287481,10.76923076923077,16.153846153846146,82.3076923076923,50.0,46.17834394904459,28.07692307692308,69.52965235173824,50.0,49.352846692769305
2016-02-19,4164.09,1917.78,15.027,22.1475,0.38,1.0,24.0,474156.0,487200.0,24.0,-0.06278569901306541,22.1475,,-2637.5,0.38,0.25589076954825307,46.2962962962963,11.538461538461538,31.34615384615384,82.11538461538461,50.0,46.03174603174603,28.07692307692308,78.77551020408163,50.0,52.28034769463341
2016-02-26,4235.62,1948.05,15.885,20.0,0.38,0.96,24.0,474156.0,487200.0,24.0,-0.04617546451323795,20.0,,-2637.5,0.38,0.2583553311681306,46.22496147919877,13.076923076923078,38.84615384615384,81.92307692307692,50.0,45.88607594936709,28.07692307692308,79.22606924643586,50.0,53.21181407521019
2016-03-04,4329.0,1999.99,17.304,17.78,0.36,1.0,25.37,483909.0,474156.0,25.37,-0.01596415736390222,17.78,,11530.5,0.36,0.25447077177100286,57.692307692307686,14.615384615384617,50.0,78.26923076923077,50.0,84.85804416403786,28.07692307692308,78.2520325203252,50.0,61.84728073342369
2016-03-11,4361.83,2022.19,16.735,17.782,0.36,1.01,25.37,483909.0,474156.0,25.37,0.010876265962131315,17.782,,11530.5,0.36,0.2624305079504887,57.6036866359447,18.076923076923077,50.0,78.07692307692308,50.0,84.59119496855347,28.07692307692308,79.91886409736308,50.0,62.42032311015335
2016-03-18,4410.83,2049.58,17.267,15.442000000000002,0.36,1.04,25.37,483909.0,474156.0,25.37,-0.010700812373557245,15.442000000000002,,11530.5,0.36,0.2583830394899025,57.515337423312886,15.192307692307692,65.96153846153845,77.88461538461539,50.0,84.32601880877742,28.07692307692308,79.1497975708502,50.0,63.46290148006826
2016-03-24,4405.53,2035.94,17.052,15.442000000000002,0.36,1.04,25.37,483909.0,474156.0,25.37,0.016771832000110898,15.442000000000002,,11530.5,0.36,0.2655242884618425,57.42725880551301,19.615384615384617,66.15384615384616,77.6923076923077,50.0,84.0625,28.07692307692308,80.8080808080808,50.0,64.16988503616088
2016-04-01,4532.08,2072.78,17.855,13.934000000000001,0.37,1.03,25.92,495178.0,483909.0,25.92,0.0500624419313207,13.934000000000001,-0.10294807740766276,-7219.5,0.37,0.3006434169347729,69.1131498470948,27.692307692307693,77.5,80.76923076923077,50.0,33.021806853582554,27.307692307692307,88.91129032258065,50.0,62.7241330073819
2016-04-08,4474.93,2047.6,18.097,15.030000000000001,0.37,1.02,25.92,495178.0,483909.0,25.92,0.011965120013025743,15.030000000000001,-0.08954297821171064,-7219.5,0.37,0.277858105573491,69.00763358778626,18.653846153846153,69.8076923076923,80.57692307692308,50.0,32.91925465838509,27.307692307692307,82.897384305835,50.0,59.89709948526719
2016-04-15,4543.16,2080.73,18.452,14.458000000000002,0.37,1.02,25.92,495178.0,483909.0,25.92,0.043972609035341614,14.458000000000002,-0.09950825933989182,-7219.5,0.37,0.29608490865011117,68.90243902439023,26.73076923076923,74.61538461538461,80.38461538461539,50.0,32.81733746130031,27.307692307692307,88.15261044176707,50.0,62.06444152879969
2016-04-22,4474.19,2091.58,18.396,13.407999999999998,0.37,1.05,25.92,495178.0,483909.0,25.92,-0.013796128531689877,13.407999999999998,-0.06942922779244043,-7219.5,0.37,0.25320326553792505,68.79756468797564,15.0,82.6923076923077,80.1923076923077,50.0,32.71604938271605,27.307692307692307,77.15430861723446,50.0,59.74391279143386
2016-04-29,4341.3,2065.3,17.621,14.546000000000001,0.37,1.06,25.92,495178.0,495178.0,25.92,-0.030756453362982494,14.546000000000001,-0.04084523262226525,-7219.5,0.37,0.19504792926499603,68.69300911854104,13.653846153846153,73.65384615384616,85.1923076923077,50.0,32.61538461538461,27.307692307692307,57.4,50.0,56.579371054477434
2016-05-06,4330.17,2057.14,16.744,15.392,0.37,1.05,25.69,489867.0,495178.0,25.69,-0.028815897188610773,15.392,-0.09107897797564668,-20347.0,0.37,0.19338919549619216,64.4916540212443,13.846153846153847,67.11538461538461,85.0,50.0,11.96319018404908,27.307692307692307,57.08582834331337,50.0,51.92876050643015
2016-05-13,4326.53,2046.61,16.903,14.468,0.37,0.95,25.69,489867.0,495178.0,25.69,-0.0373273642777836,14.468,-0.08641550767659689,-20347.0,0.37,0.20101355600802528,64.39393939393939,13.461538461538462,74.42307692307693,84.8076923076923,50.0,11.926605504587156,27.307692307692307,60.1593625498008,50.0,53.014760010023
2016-05-20,4362.9,2052.32,16.987,15.545999999999998,0.37,0.96,25.69,489867.0,495178.0,25.69,-0.036283232755193184,15.545999999999998,-0.09623642815789035,-20347.0,0.37,0.21453436361506806,64.2965204236006,13.653846153846153,64.61538461538461,84.61538461538461,50.0,11.890243902439025,27.307692307692307,64.21471172962227,50.0,52.605816660298544
2016-05-27,4512.54,2099.06,18.004,14.138,0.37,0.95,25.69,489867.0,495178.0,25.69,0.0009515887539510715,14.138,-0.0875066369528349,-20347.0,0.37,0.22619885255913208,64.19939577039275,18.076923076923077,77.11538461538461,84.42307692307692,50.0,11.854103343465045,27.307692307692307,68.05555555555556,50.0,54.90325106585472
2016-06-03,4509.79,2099.13,18.265,13.8725,0.38,0.93,25.84,487636.0,489867.0,25.84,0.007281352812813502,13.8725,-0.0818620895002532,-13343.0,0.38,0.2305274484354718,68.17496229260935,18.846153846153847,78.46153846153845,83.26923076923077,50.0,21.21212121212121,25.57692307692308,69.10891089108911,50.0,57.279301120157264
2016-06-10,4461.05,2096.07,18.293,14.690000000000001,0.38,0.91,25.84,487636.0,489867.0,25.84,0.0016300723653337457,14.690000000000001,-0.07610515458137224,-13343.0,0.38,0.22685691715958933,68.07228915662651,18.269230769230766,72.11538461538461,83.07692307692308,50.0,21.148036253776432,25.57692307692308,68.57707509881423,50.0,56.43091684190621
2016-06-17,4374.38,2071.22,18.265,20.078,0.38,0.92,25.84,487636.0,489867.0,25.84,-0.030805907715213743,20.078,-0.05976369993266517,-13343.0,0.38,0.2193028672718904,67.96992481203009,14.038461538461538,38.84615384615384,82.88461538461539,50.0,21.084337349397593,25.57692307692308,66.07495069033531,50.0,52.156339706827495
2016-06-24,4285.7,2037.41,17.696,20.206,0.38,0.93,25.84,487636.0,489867.0,25.84,-0.044283586216739335,20.206,-0.06409551389914714,-13343.0,0.38,0.20454883933735757,67.86786786786787,13.26923076923077,38.653846153846146,82.6923076923077,50.0,21.02102102102102,25.57692307692308,60.82677165354331,50.0,51.19305016706592
2016-07-01,4437.45,2102.95,18.153,17.928,0.39,0.87,26.69,513221.0,487636.0,26.69,0.0009157777682540225,17.928,-0.06475982913228884,-14581.5,0.39,0.20885030397794502,86.50674662668666,18.269230769230766,48.46153846153847,81.73076923076923,50.0,19.46107784431138,24.038461538461547,61.8860510805501,50.0,56.25341866406656
2016-07-08,4528.36,2129.9,18.695,14.625,0.39,0.76,26.69,513221.0,487636.0,26.69,0.02448106964695773,14.625,-0.057181437008679725,-14581.5,0.39,0.2030365720885139,86.37724550898204,22.30769230769231,73.07692307692308,81.53846153846153,50.0,19.402985074626866,24.038461538461547,60.3921568627451,50.0,58.906258853940656
2016-07-15,4589.83,2161.74,18.937,13.124,0.39,0.89,26.69,513221.0,487636.0,26.69,-0.015396001372919299,13.124,-0.03827447986240118,-14581.5,0.39,0.22981182711055959,86.24813153961136,15.576923076923077,86.73076923076923,81.34615384615384,50.0,19.345238095238095,24.038461538461547,69.27592954990214,50.0,60.72741683930869
2016-07-22,4666.07,2175.03,18.788,12.187999999999999,0.39,0.86,26.69,513221.0,487636.0,26.69,0.023851475741491157,12.187999999999999,-0.08412257062470019,-14581.5,0.39,0.2310697253066285,86.11940298507463,22.115384615384613,93.26923076923077,81.15384615384616,50.0,19.287833827893174,24.038461538461547,69.53125,50.0,62.13520470966045
2016-07-29,4730.23,2173.6,19.217,12.668000000000001,0.39,0.79,26.69,513221.0,513221.0,26.69,0.0307959842315495,12.668000000000001,-0.05173545845205085,-14581.5,0.39,0.23339935453366278,85.99105812220567,23.846153846153847,90.1923076923077,93.26923076923077,50.0,19.230769230769234,24.038461538461547,70.37037037037037,50.0,64.30761333384285
2016-08-05,4791.21,2182.87,19.441,12.495999999999999,0.4,0.87,26.95,510157.0,513221.0,26.95,0.05998345162032526,12.495999999999999,-0.036180197104553,-33489.5,0.4,0.24579370858324423,92.26190476190477,31.73076923076923,91.53846153846153,93.07692307692308,50.0,1.4749262536873156,22.307692307692307,74.5136186770428,50.0,64.56604730737509
2016-08-12,4807.08,2184.05,19.768,11.687999999999999,0.4,0.8,26.95,510157.0,513221.0,26.95,0.06099224409257653,11.687999999999999,-0.027911501996940258,-33489.5,0.4,0.24482620469045213,92.12481426448737,31.92307692307692,95.38461538461539,92.88461538461539,50.0,1.4705882352941175,22.307692307692307,74.1747572815534,50.0,64.86022621888614
2016-08-19,4806.14,2183.87,19.675,11.882,0.4,0.82,26.95,510157.0,513221.0,26.95,0.1450633387892606,11.882,-0.047740416312963774,-33489.5,0.4,0.22550780145500204,91.98813056379822,50.38461538461539,94.23076923076923,92.6923076923077,50.0,1.466275659824047,22.307692307692307,67.05426356589147,50.0,65.82955315046313
2016-08-26,4783.69,2169.04,19.497,13.075999999999999,0.4,0.78,26.95,510157.0,513221.0,26.95,0.10500286432346528,13.075999999999999,-0.0498562034294292,-33489.5,0.4,0.22799466221686382,91.85185185185185,40.57692307692308,86.34615384615384,92.5,50.0,1.461988304093567,22.307692307692307,68.66537717601547,50.0,64.04332134623289
2016-09-02,4798.74,2179.98,19.311,12.988,0.4,0.8,26.73,540615.0,510157.0,26.73,0.14672905236192602,12.988,-0.05749672115317206,-28032.5,0.4,0.21441678580085477,86.09467455621301,51.34615384615384,87.3076923076923,92.3076923076923,50.0,4.956268221574344,22.307692307692307,62.93436293436293,50.0,63.910221892325495
2016-09-09,4681.54,2127.81,19.581,13.4925,0.4,0.88,26.73,540615.0,510157.0,26.73,0.08288016136083454,13.4925,-0.016318801809660943,-28032.5,0.4,0.21242067998103842,85.96750369276218,36.34615384615385,81.34615384615384,92.11538461538461,50.0,4.941860465116279,22.307692307692307,61.657032755298644,50.0,61.26025779853775
2016-09-16,4818.05,2139.16,19.787,16.564,0.4,0.93,26.73,540615.0,510157.0,26.73,0.11429370978708842,16.564,-0.05338544749552243,-28032.5,0.4,0.2430574749285057,85.84070796460178,43.07692307692308,58.26923076923077,91.92307692307692,50.0,4.9275362318840585,22.307692307692307,73.46153846153847,50.0,61.468810489241434
2016-09-23,4858.91,2164.69,20.393,13.812000000000001,0.4,0.85,26.73,540615.0,510157.0,26.73,0.15010864573914606,13.812000000000001,0.0013226681335885004,-28032.5,0.4,0.22461012356853538,85.71428571428571,51.92307692307693,78.84615384615384,91.73076923076923,50.0,4.913294797687861,22.307692307692307,66.73076923076923,50.0,63.51638982404877
2016-09-30,4875.7,2168.27,20.701,13.459999999999999,0.4,0.83,26.73,540615.0,540615.0,26.73,0.14253242568747138,13.459999999999999,0.04588252350593813,-18012.5,0.4,0.2210324401568644,85.58823529411764,49.03846153846153,82.3076923076923,97.5,50.0,17.002881844380404,22.307692307692307,65.57692307692308,50.0,66.17000241240368
2016-10-07,4864.52,2153.74,20.253,13.302000000000001,0.4,0.9,26.53,523760.0,540615.0,26.53,0.11315992411916675,13.302000000000001,0.006161397866021545,-18012.5,0.4,0.23973405608750764,82.37885462555066,42.69230769230769,84.8076923076923,97.3076923076923,50.0,16.954022988505745,22.307692307692307,72.88461538461539,50.0,66.07079745030909
2016-10-14,4808.48,2132.98,19.021,15.492,0.4,0.96,26.53,523760.0,540615.0,26.53,0.08332770095209763,15.492,-0.031572102389753054,-18012.5,0.4,0.2110181829059503,82.25806451612904,36.15384615384615,65.0,97.11538461538461,50.0,16.9054441260745,22.307692307692307,60.192307692307686,50.0,61.33550644521391
2016-10-21,4851.86,2141.16,19.161,14.597999999999999,0.4,0.9,26.53,523760.0,540615.0,26.53,0.049257259266147324,14.597999999999999,0.010239561303385436,-18012.5,0.4,0.21710962028346326,82.1376281112738,27.307692307692307,73.07692307692308,96.92307692307692,50.0,16.857142857142858,22.307692307692307,64.23076923076924,50.0,61.6214816662108
2016-10-28,4805.59,2126.41,18.648,14.454000000000002,0.4,1.0,26.53,523760.0,540615.0,26.53,0.033720312422695686,14.454000000000002,-0.007243734011290526,-18012.5,0.4,0.21481041376119414,82.01754385964912,23.846153846153847,74.8076923076923,96.73076923076923,50.0,16.80911680911681,22.307692307692307,62.5,50.0,61.0537224471435
2016-11-04,4660.46,2085.18,17.967,19.906,0.41,0.99,26.85,539972.0,523760.0,26.85,-0.009935779641105147,19.906,-0.04567525846664777,-33542.5,0.41,0.20656184682085943,89.92700729927007,15.96153846153846,39.61538461538462,95.57692307692308,50.0,1.4204545454545454,19.807692307692307,58.84615384615385,50.0,55.106161949364505
2016-11-11,4751.95,2164.45,19.003,16.148,0.41,1.23,26.85,539972.0,523760.0,26.85,0.05548694620780337,16.148,-0.0052492983687406625,-33542.5,0.41,0.18472238021964094,89.79591836734694,29.423076923076923,61.92307692307693,95.38461538461539,50.0,1.41643059490085,19.807692307692307,51.73076923076923,50.0,57.82357133962759
2016-11-18,4808.04,2181.9,19.273,13.553999999999998,0.41,1.27,26.85,539972.0,523760.0,26.85,0.025964714618595286,13.553999999999998,-0.003632866538815893,-33542.5,0.41,0.19606016404537274,89.66521106259097,21.73076923076923,82.5,95.1923076923077,50.0,1.4124293785310735,19.807692307692307,54.61538461538461,50.0,59.32952200391324
2016-11-25,4870.02,2213.35,19.553,12.4,0.41,1.24,26.85,539972.0,523760.0,26.85,0.04049806963830549,12.4,-0.03354575735073717,-33542.5,0.41,0.17061072905606367,89.53488372093024,26.53846153846154,94.23076923076923,95.0,50.0,1.4084507042253522,19.807692307692307,45.76923076923077,50.0,59.691321272896765
2016-12-02,4739.37,2191.95,18.471,13.514,0.54,1.29,27.87,529372.0,539972.0,27.87,0.004929900002544452,13.514,-0.04374969497574521,-23579.5,0.54,0.13814339409046372,100.0,18.269230769230766,82.88461538461539,96.53846153846153,50.0,11.797752808988763,19.038461538461533,32.69230769230769,50.0,59.53120138288677
2016-12-09,4895.9,2259.53,19.04,12.108,0.54,1.32,27.87,529372.0,539972.0,27.87,0.07897195849751837,12.108,-0.08200892571921692,-23579.5,0.54,0.1437285925236378,99.85507246376811,34.61538461538461,95.76923076923077,96.34615384615385,50.0,11.76470588235294,19.038461538461533,34.61538461538461,50.0,63.001104990491186
2016-12-16,4914.86,2258.07,19.441,12.708,0.54,1.32,27.87,529372.0,539972.0,27.87,0.08860355760903516,12.708,-0.07117630200928637,-23579.5,0.54,0.14999829021883682,99.71056439942113,37.30769230769231,92.3076923076923,96.15384615384616,50.0,11.731843575418994,19.038461538461533,37.69230769230769,50.0,63.37112018542785
2016-12-23,4940.02,2263.79,18.956,11.459999999999999,0.54,1.33,27.87,529372.0,539972.0,27.87,0.0686276842672251,11.459999999999999,-0.09547711185591035,-23579.5,0.54,0.15281742338694215,99.56647398843931,32.11538461538462,98.46153846153847,95.96153846153847,50.0,11.699164345403899,19.038461538461533,38.65384615384615,50.0,63.43932329565229
2016-12-30,4863.62,2238.83,18.713,13.087499999999999,0.54,1.25,27.87,529372.0,529372.0,27.87,0.05885785072508254,13.087499999999999,-0.0789144070719614,-23579.5,0.54,0.1519078546719661,99.42279942279943,30.19230769230769,88.46153846153847,94.8076923076923,50.0,11.666666666666666,19.038461538461533,38.46153846153847,50.0,61.93840603840604
2017-01-06,5007.08,2276.98,19.936,11.9225,0.65,1.2,28.06,553557.0,529372.0,28.06,0.1724041041683253,11.9225,-0.03806555509293408,-29205.5,0.65,0.1685817608200879,100.0,56.53846153846154,96.53846153846153,94.61538461538461,50.0,4.7091412742382275,18.07692307692308,45.0,50.0,65.9256019603665
2017-01-13,5059.51,2274.64,20.589,11.416,0.65,1.19,28.06,553557.0,529372.0,28.06,0.22178513817651435,11.416,0.05189256055531355,-29205.5,0.65,0.1717522940804117,99.85611510791367,70.38461538461539,98.84615384615384,94.42307692307692,50.0,4.696132596685083,18.07692307692308,46.34615384615385,50.0,67.95448906493165
2017-01-20,5063.2,2271.31,20.384,12.1675,0.65,1.28,28.06,553557.0,529372.0,28.06,0.1886087746521523,12.1675,0.05728084089701957,-29205.5,0.65,0.16100203718234551,99.71264367816092,61.15384615384616,95.96153846153847,94.23076923076923,50.0,4.683195592286501,18.07692307692308,42.11538461538461,50.0,65.8584696129367
2017-01-27,5168.06,2294.69,20.692,10.972,0.65,1.27,28.06,553557.0,529372.0,28.06,0.2077248625317527,10.972,0.11664789732487812,-29205.5,0.65,0.1801198417956853,99.56958393113344,67.6923076923077,99.42307692307692,94.03846153846153,50.0,4.670329670329671,18.07692307692308,50.0,50.0,68.10677392908383
2017-02-03,5161.6,2297.42,20.888,11.716,0.66,1.28,28.66,568637.0,553557.0,28.66,0.282553976051505,11.716,0.16128372354067033,-3368.5,0.66,0.17064916075262482,100.0,83.46153846153847,97.5,100.0,50.0,49.31506849315068,17.307692307692307,45.38461538461539,50.0,76.97033719704953
2017-02-10,5226.69,2316.1,21.439,11.168,0.66,1.21,28.66,568637.0,553557.0,28.66,0.30043366947071415,11.168,0.2360817752365174,-3368.5,0.66,0.16685716354439983,99.85693848354794,87.88461538461539,99.61538461538461,99.8076923076923,50.0,49.18032786885246,17.307692307692307,43.84615384615385,50.0,77.39843687703745
2017-02-17,5324.72,2351.16,21.597,11.406,0.66,1.21,28.66,568637.0,553557.0,28.66,0.2787235626511435,11.406,0.15848945391903024,-3368.5,0.66,0.17339488272846615,99.71428571428571,82.5,99.42307692307692,99.61538461538461,50.0,49.04632152588556,17.307692307692307,47.11538461538461,50.0,77.14018998712459
2017-02-24,5343.31,2367.34,21.336,11.6225,0.66,1.19,28.66,568637.0,553557.0,28.66,0.26151779432527,11.6225,0.0816361244660424,-3368.5,0.66,0.17252173639206947,99.57203994293866,78.46153846153847,98.07692307692308,99.42307692307692,50.0,48.91304347826087,17.307692307692307,46.53846153846154,50.0,76.35136451032686
2017-03-03,5373.48,2383.12,21.653,12.064,0.79,1.17,29.09,577674.0,568637.0,29.09,0.24127512127512118,12.064,0.010054051170556244,9474.0,0.79,0.18201861992311907,100.0,73.46153846153847,96.15384615384616,100.0,50.0,76.69376693766937,16.538461538461533,50.38461538461539,50.0,80.49252657911194
2017-03-10,5385.9,2372.6,21.663,11.702,0.79,1.22,29.09,577674.0,568637.0,29.09,0.2347798974283728,11.702,0.05969276465707685,9474.0,0.79,0.19592501812658925,99.85775248933145,72.3076923076923,97.3076923076923,99.8076923076923,50.0,76.48648648648648,16.538461538461533,54.42307692307692,50.0,80.98106193237771
2017-03-17,5408.76,2378.25,22.129,11.554,0.79,1.17,29.09,577674.0,568637.0,29.09,0.22624540052552478,11.554,0.05533217519695177,9474.0,0.79,0.2064441097881382,99.7159090909091,69.8076923076923,98.26923076923077,99.61538461538461,50.0,76.28032345013477,16.538461538461533,58.65384615384615,50.0,81.31792264339434
2017-03-24,5364.0,2343.98,21.616,12.540000000000001,0.79,1.14,29.09,577674.0,568637.0,29.09,0.21756065672007696,12.540000000000001,0.05009123162146656,9474.0,0.79,0.24007528088809105,99.57446808510639,67.6923076923077,93.07692307692308,99.42307692307692,50.0,76.0752688172043,16.538461538461533,72.88461538461539,50.0,82.5857993242173
2017-03-31,5436.23,2362.72,22.363,11.872,0.79,1.13,29.09,577674.0,577674.0,29.09,0.19950000882596952,11.872,0.05297828856971787,-9032.0,0.79,0.26911433471088997,99.43342776203966,63.26923076923077,96.53846153846153,100.0,84.61538461538461,34.048257372654156,16.538461538461533,81.73076923076923,84.61538461538461,80.96123185061374
2017-04-07,5418.37,2355.54,22.344,12.464,0.9,1.09,28.9,590797.0,577674.0,28.9,0.21082787887184806,12.464,0.0238519023073529,-9032.0,0.9,0.2746523287283462,99.29278642149929,66.53846153846153,93.46153846153847,99.8076923076923,77.35849056603774,33.9572192513369,15.57692307692308,82.6923076923077,77.35849056603774,80.38798922860417
2017-04-13,5353.59,2328.95,22.26,12.464,0.9,1.09,28.9,590797.0,577674.0,28.9,0.17838464857059844,12.464,0.027988644297383347,-9032.0,0.9,0.26578679814337036,99.15254237288136,56.15384615384615,93.65384615384616,99.61538461538461,77.77777777777779,33.86666666666667,15.57692307692308,80.76923076923077,77.77777777777779,78.83828625235405
2017-04-21,5442.05,2348.69,22.717,14.558000000000002,0.9,1.04,28.9,590797.0,577674.0,28.9,0.21632071950453624,14.558000000000002,0.0185672996300581,-9032.0,0.9,0.2798720057496271,99.01269393511988,67.5,73.07692307692308,99.42307692307692,74.54545454545455,33.77659574468085,15.57692307692308,83.84615384615385,74.54545454545455,78.20434283404079
2017-04-28,5583.53,2384.2,23.492,10.725999999999999,0.9,1.01,28.9,590797.0,577674.0,28.9,0.2861423997420127,10.725999999999999,0.047039599009477184,-9032.0,0.9,0.2889009887363754,98.87323943661971,84.03846153846153,100.0,99.23076923076923,80.35714285714286,33.687002652519894,15.57692307692308,85.76923076923076,80.35714285714286,83.67495103245467
2017-05-05,5646.09,2399.29,24.043,10.482,0.91,1.04,29.31,582764.0,590797.0,29.31,0.3038956900075518,10.482,0.13202165351848727,-7429.0,0.91,0.3106475482010682,100.0,88.46153846153845,100.0,100.0,94.73684210526315,39.682539682539684,14.807692307692307,90.76923076923077,94.73684210526315,87.65683439367649
2017-05-12,5686.81,2390.9,24.929,10.187999999999999,0.91,1.04,29.31,582764.0,590797.0,29.31,0.3144043841138282,10.187999999999999,0.16042256968135615,-7429.0,0.91,0.312101483071868,99.85955056179775,90.0,100.0,99.8076923076923,96.55172413793103,39.577836411609496,14.807692307692307,91.15384615384615,96.55172413793103,88.00221952635562
2017-05-19,5651.56,2381.73,25.135,12.672,0.91,0.95,29.31,582764.0,590797.0,29.31,0.2953677599761628,12.672,0.18429315719579242,-7429.0,0.91,0.2836725319183595,99.71949509116409,85.38461538461539,90.57692307692308,99.61538461538461,98.30508474576271,39.473684210526315,14.807692307692307,84.42307692307692,98.30508474576271,85.59353704746495
2017-05-26,5788.36,2415.82,26.367,10.294,0.91,0.95,29.31,582764.0,590797.0,29.31,0.28272768773240786,10.294,0.18178019940378398,-7429.0,0.91,0.2931025235029383,99.57983193277312,82.5,99.8076923076923,99.42307692307692,96.66666666666667,39.37007874015748,14.807692307692307,87.3076923076923,96.66666666666667,86.36122178732182
2017-06-02,5881.46,2439.07,27.216,10.1075,1.04,0.87,29.75,584258.0,582764.0,29.75,0.3041538519531952,10.1075,0.18590910999588783,8213.0,1.04,0.29880301652624053,100.0,88.46153846153845,100.0,99.23076923076923,98.36065573770492,75.39267015706807,13.07692307692308,88.46153846153845,98.36065573770492,92.89111994348455
2017-06-09,5741.94,2431.77,26.899,10.354,1.04,0.86,29.75,584258.0,582764.0,29.75,0.28712746999024885,10.354,0.1833257088213185,8213.0,1.04,0.264842357998337,99.86033519553072,83.26923076923077,99.42307692307692,99.03846153846155,95.16129032258065,75.19582245430809,13.07692307692308,78.46153846153847,95.16129032258065,90.29833867027966
2017-06-16,5681.48,2433.15,26.619,10.760000000000002,1.04,0.84,29.75,584258.0,582764.0,29.75,0.29880805965645396,10.760000000000002,0.158569438290439,8213.0,1.04,0.25450036729261605,99.72105997210599,86.73076923076923,98.84615384615384,98.84615384615385,88.88888888888889,75.0,13.07692307692308,76.15384615384615,88.88888888888889,89.59079319100239
2017-06-23,5803.11,2438.3,28.28,10.495999999999999,1.04,0.81,29.75,584258.0,582764.0,29.75,0.35406351354504517,10.495999999999999,0.2440377522777395,8213.0,1.04,0.2660596354081983,99.58217270194986,93.46153846153847,99.03846153846153,98.65384615384616,100.0,74.8051948051948,13.07692307692308,79.61538461538461,100.0,91.95644453039996
2017-06-30,5646.92,2423.41,27.02,10.722,1.04,0.93,29.75,584258.0,584258.0,29.75,0.2725596908134176,10.722,0.21589951703101584,-5026.5,1.04,0.21884463370409035,99.44367176634215,79.23076923076923,98.84615384615384,99.23076923076923,96.92307692307692,44.81865284974093,13.07692307692308,61.73076923076923,96.92307692307692,82.81730151149881
2017-07-07,5656.47,2425.18,26.675,11.504999999999999,1.15,0.99,30.0,594414.0,584258.0,30.0,0.24912109461261922,11.504999999999999,0.17773100487922355,-5026.5,1.15,0.21609943435377033,100.0,74.61538461538461,97.11538461538461,99.03846153846155,89.39393939393939,44.70284237726098,12.115384615384613,60.192307692307686,89.39393939393939,81.16597414213692
2017-07-14,5838.08,2459.27,27.44,10.342,1.15,0.98,30.0,594414.0,584258.0,30.0,0.27195996365878483,10.342,0.17705519185687235,-5026.5,1.15,0.2386144069317313,99.86130374479889,79.23076923076923,99.42307692307692,98.84615384615385,88.05970149253731,44.58762886597938,12.115384615384613,69.23076923076923,88.05970149253731,83.0932983050335
2017-07-21,5921.53,2472.54,27.907,9.687999999999999,1.15,0.88,30.0,594414.0,584258.0,30.0,0.26906154429744955,9.687999999999999,0.21630145336063,-5026.5,1.15,0.24358076758840763,99.7229916897507,78.65384615384615,100.0,98.65384615384616,97.05882352941177,44.473007712082264,12.115384615384613,71.15384615384616,97.05882352941177,84.19066261693442
2017-07-28,5908.92,2472.1,27.991,9.772,1.15,0.96,30.0,594414.0,584258.0,30.0,0.24918238648015012,9.772,0.20739252115371576,-5026.5,1.15,0.2389393314161059,99.5850622406639,74.8076923076923,99.8076923076923,98.46153846153847,94.20289855072464,44.35897435897436,12.115384615384613,69.61538461538461,94.20289855072464,83.11422538012833
2017-08-04,5899.91,2476.83,28.364,10.219999999999999,1.16,0.91,29.91,596567.0,594414.0,29.91,0.23140292326990464,10.219999999999999,0.22757552434081507,-9391.5,1.16,0.23515621402004783,99.4475138121547,70.57692307692308,99.23076923076923,100.0,97.14285714285714,31.202046035805626,11.346153846153854,67.3076923076923,97.14285714285714,80.77255692054904
2017-08-11,5831.53,2441.32,28.7,12.709999999999999,1.16,0.89,29.91,596567.0,594414.0,29.91,0.21311274203882613,12.709999999999999,0.2387286177345449,-9391.5,1.16,0.2137302875928877,99.3103448275862,65.96153846153847,88.07692307692308,99.8076923076923,98.59154929577466,31.122448979591837,11.346153846153854,57.30769230769231,98.59154929577466,77.67420662664887
2017-08-18,5790.91,2425.55,28.7,13.184000000000001,1.16,0.86,29.91,596567.0,594414.0,29.91,0.2048983175687764,13.184000000000001,0.2538056214401181,-9391.5,1.16,0.20903396029088883,99.17355371900827,63.26923076923077,83.46153846153847,99.61538461538461,100.0,31.043256997455472,11.346153846153854,55.57692307692308,100.0,76.6969685241892
2017-08-25,5822.53,2443.05,29.549,12.059999999999999,1.16,0.82,29.91,596567.0,594414.0,29.91,0.21716290144219208,12.059999999999999,0.29840359596766586,-9391.5,1.16,0.20672562558482177,99.03713892709766,66.92307692307692,92.88461538461539,99.42307692307692,100.0,30.96446700507614,11.346153846153854,54.807692307692314,100.0,77.88863629771942
2017-09-01,5987.9,2476.55,31.397,10.992,1.15,0.81,30.17,606334.0,596567.0,30.17,0.24780671592959824,10.992,0.37805419236101323,-12090.5,1.15,0.23054308551203273,100.0,74.42307692307692,97.3076923076923,100.0,100.0,27.848101265822784,12.115384615384613,65.38461538461539,100.0,80.6464459591042
2017-09-08,5913.37,2461.43,31.052,11.8825,1.15,0.79,30.17,606334.0,596567.0,30.17,0.26312495460895335,11.8825,0.32269803706665057,-12090.5,1.15,0.21351351900989268,99.86282578875172,77.3076923076923,93.26923076923077,99.8076923076923,98.66666666666667,27.77777777777778,12.115384615384613,56.92307692307692,98.66666666666667,79.11359079877599
2017-09-15,5988.0,2500.23,31.687,10.484,1.15,0.81,30.17,606334.0,596567.0,30.17,0.24282645468602437,10.484,0.3585785081683752,-12090.5,1.15,0.21680771585064074,99.72602739726028,73.07692307692307,98.26923076923077,99.61538461538461,98.68421052631578,27.70780856423174,12.115384615384613,60.0,98.68421052631578,79.49672089364148
2017-09-22,5932.32,2502.22,31.64,9.873999999999999,1.15,0.8,30.17,606334.0,596567.0,30.17,0.22091580210376405,9.873999999999999,0.3305969718873114,-12090.5,1.15,0.20149512748829013,99.58960328317373,68.26923076923077,99.61538461538461,99.42307692307692,97.40259740259741,27.63819095477387,12.115384615384613,51.73076923076923,97.40259740259741,77.61352442472595
2017-09-29,5979.3,2519.36,32.004,9.862,1.15,0.86,30.17,606334.0,606334.0,30.17,0.22634698607379455,9.862,0.3196652838648557,-12090.5,1.15,0.20446063685107863,99.4535519125683,69.42307692307692,99.61538461538461,100.0,94.87179487179486,27.56892230576441,12.115384615384613,52.88461538461539,94.87179487179486,77.73822821555781
2017-10-06,6064.57,2549.33,32.685,9.486,1.15,0.83,30.92,607838.0,606334.0,30.92,0.24669443233864774,9.486,0.36714055507062504,-17612.5,1.15,0.2292865550716079,100.0,74.42307692307692,100.0,99.8076923076923,98.73417721518987,20.5,12.115384615384613,64.8076923076923,98.73417721518987,79.56572541382667
2017-10-13,6092.45,2553.17,32.471,9.956,1.15,0.77,30.92,607838.0,606334.0,30.92,0.26702201111369916,9.956,0.44009117957028154,-17612.5,1.15,0.24357238254124325,99.86376021798365,78.26923076923077,99.03846153846153,99.61538461538461,100.0,20.448877805486283,12.115384615384613,70.96153846153847,100.0,80.91123756057351
2017-10-20,6108.82,2575.21,32.517,10.062000000000001,1.15,0.79,30.92,607838.0,606334.0,30.92,0.2590676565275998,10.062000000000001,0.43797320772791926,-17612.5,1.15,0.20050887878022605,99.72789115646259,77.3076923076923,98.84615384615384,99.42307692307692,98.76543209876543,20.398009950248756,12.115384615384613,50.38461538461539,98.76543209876543,77.49720754909099
2017-10-27,6213.47,2581.07,32.527,10.912,1.15,0.83,30.92,607838.0,606334.0,30.92,0.29296714867477247,10.912,0.4512949705873468,-17612.5,1.15,0.21527346505276745,99.59239130434783,85.0,96.34615384615384,99.23076923076923,100.0,20.34739454094293,12.115384615384613,57.88461538461539,100.0,79.34943359585715
2017-11-03,6295.58,2587.84,32.947,9.99,1.16,0.71,31.3,627422.0,607838.0,31.3,0.35084948696051454,9.99,0.4829012783314097,-11583.5,1.16,0.23958525592166735,100.0,93.65384615384616,98.84615384615384,100.0,100.0,30.445544554455445,9.615384615384613,69.61538461538461,100.0,84.13221629855293
2017-11-10,6309.07,2582.3,32.387,10.172,1.16,0.73,31.3,627422.0,607838.0,31.3,0.32768021549048276,10.172,0.3766296303233361,-11583.5,1.16,0.2273295059289926,99.86449864498645,92.11538461538461,98.26923076923077,99.8076923076923,94.04761904761905,30.37037037037037,9.615384615384613,63.84615384615384,94.04761904761905,82.35629411239168
2017-11-17,6314.51,2578.85,33.115,11.882,1.16,0.62,31.3,627422.0,607838.0,31.3,0.31332310047337386,11.882,0.40488371735467577,-11583.5,1.16,0.23556016243314337,99.72936400541272,89.61538461538461,91.73076923076923,99.61538461538461,95.29411764705881,30.295566502463057,9.615384615384613,67.11538461538461,95.29411764705881,81.94461954115788
2017-11-24,6409.29,2602.42,34.477,9.9825,1.16,0.59,31.3,627422.0,607838.0,31.3,0.31607057055207144,9.9825,0.44718826440931525,-11583.5,1.16,0.21885591812379523,99.5945945945946,90.0,98.84615384615384,99.42307692307692,97.67441860465115,30.22113022113022,9.615384615384613,59.80769230769231,97.67441860465115,81.77145338947663
2017-12-01,6337.87,2642.22,34.907,10.661999999999999,1.3,0.59,32.09,642798.0,627422.0,32.09,0.33728111542251393,10.661999999999999,0.5525461814211867,-12048.5,1.3,0.1968359964584414,100.0,92.6923076923077,96.34615384615384,100.0,100.0,29.166666666666668,8.07692307692308,48.07692307692308,100.0,80.34423076923078
2017-12-08,6344.57,2651.5,34.291,10.754,1.3,0.58,32.09,642798.0,627422.0,32.09,0.2958945239894606,10.754,0.5051033751702032,-12048.5,1.3,0.1866636127065746,99.86522911051213,84.8076923076923,95.76923076923077,99.8076923076923,98.86363636363636,29.095354523227385,8.07692307692308,44.42307692307692,98.86363636363636,78.60640494464248
2017-12-15,6466.32,2675.81,35.887,9.870000000000001,1.3,0.51,32.09,642798.0,627422.0,32.09,0.3156671807538771,9.870000000000001,0.5302769579221169,-12048.5,1.3,0.21793830355903077,99.7308209959623,89.61538461538461,99.23076923076923,99.61538461538461,98.87640449438202,29.024390243902438,8.07692307692308,59.23076923076923,98.87640449438202,81.67977087752372
2017-12-22,6465.17,2683.34,35.233,9.76,1.3,0.57,32.09,642798.0,627422.0,32.09,0.3087335678802918,9.76,0.5499391478825273,-12048.5,1.3,0.21396654604511633,99.59677419354838,88.46153846153845,99.61538461538461,99.42307692307692,98.88888888888889,28.953771289537713,8.07692307692308,55.57692307692308,98.88888888888889,80.96092480564461
2017-12-29,6396.42,2673.61,35.055,10.485,1.3,0.51,32.09,642798.0,642798.0,32.09,0.3151562005255346,10.485,0.558140438174834,-12048.5,1.3,0.21306625308591998,99.46308724832214,89.23076923076924,96.15384615384616,100.0,100.0,28.883495145631066,8.07692307692308,54.61538461538461,100.0,80.74052633689371
2018-01-05,6653.29,2743.15,37.343,9.34,1.41,0.51,33.31,665716.0,642798.0,33.31,0.32877645254319887,9.34,0.544367608451986,-33943.5,1.41,0.23760534527494448,100.0,92.11538461538461,100.0,99.8076923076923,96.73913043478261,1.2106537530266344,7.115384615384613,68.07692307692308,96.73913043478261,79.08628033720149
2018-01-12,6758.54,2786.24,37.541,9.892,1.41,0.56,33.31,665716.0,642798.0,33.31,0.3358091989145193,9.892,0.48754307657239115,-33943.5,1.41,0.2519312783699943,99.8661311914324,92.11538461538461,98.46153846153847,99.61538461538461,93.54838709677419,1.2077294685990339,7.115384615384613,75.1923076923077,93.54838709677419,79.61883975286915
2018-01-19,6834.33,2810.3,37.759,11.765,1.41,0.58,33.31,665716.0,642798.0,33.31,0.34980447148048666,11.765,0.5025797514394506,-33943.5,1.41,0.22783825943191438,99.73262032085562,93.26923076923077,90.57692307692308,99.42307692307692,93.61702127659575,1.2048192771084338,7.115384615384613,63.26923076923077,93.61702127659575,77.12548754493541
2018-01-26,7022.97,2872.87,39.753,11.251999999999999,1.41,0.53,33.31,665716.0,642798.0,33.31,0.3589180466171058,11.251999999999999,0.5622592199593488,-33943.5,1.41,0.25288007670806256,99.59946595460613,93.84615384615384,93.65384615384616,99.23076923076923,100.0,1.201923076923077,7.115384615384613,75.38461538461539,100.0,79.89633549861354
2018-02-02,6760.29,2762.13,37.626,14.589999999999998,1.42,0.69,32.04,645064.0,665716.0,32.04,0.3097276038437693,14.589999999999998,0.49159372897890385,-2686.5,1.42,0.2548813327988577,98.8,87.6923076923077,66.34615384615384,100.0,91.66666666666666,55.875299760191844,6.34615384615384,76.15384615384615,91.66666666666666,83.88873086146468
2018-02-09,6412.68,2619.55,36.274,31.51,1.42,0.78,32.04,645064.0,665716.0,32.04,0.22691033904823144,31.51,0.46505290550608547,-2686.5,1.42,0.21354106563163966,98.66844207723035,66.73076923076923,10.384615384615387,99.8076923076923,88.65979381443299,55.74162679425837,6.34615384615384,54.03846153846153,88.65979381443299,72.0782195083358
2018-02-16,6770.66,2732.22,38.818,21.686,1.42,0.66,32.04,645064.0,665716.0,32.04,0.2715523069757657,21.686,0.5258269586629802,-2686.5,1.42,0.22916970257940927,98.5372340425532,77.3076923076923,29.230769230769226,99.61538461538461,93.87755102040816,55.60859188544153,6.34615384615384,63.26923076923077,93.87755102040816,77.05764453952153
2018-02-23,6896.6,2747.3,39.243,18.9575,1.42,0.63,32.04,645064.0,665716.0,32.04,0.2906980878893419,18.9575,0.5485876263963725,-2686.5,1.42,0.24761320878912496,98.40637450199203,82.11538461538461,38.84615384615384,99.42307692307692,95.95959595959596,55.47619047619048,6.34615384615384,72.3076923076923,95.95959595959596,80.0794322985558
2018-03-02,6811.04,2691.25,39.432,19.259999999999998,1.51,0.61,31.81,645235.0,645064.0,31.81,0.26752867787727896,19.259999999999998,0.5535584694002347,-3298.0,1.51,0.24890470091438988,98.27586206896551,75.57692307692308,37.30769230769231,99.23076923076923,98.0,53.20665083135392,5.57692307692308,72.88461538461539,98.0,79.03040080772696
2018-03-09,7101.18,2786.57,42.438,17.206,1.51,0.63,31.81,645235.0,645064.0,31.81,0.3184760207207711,17.206,0.6405324268626662,-3298.0,1.51,0.2886828286299299,98.1456953642384,89.03846153846153,50.0,99.03846153846155,100.0,53.08056872037915,5.57692307692308,84.8076923076923,100.0,83.82391668859685
2018-03-16,7019.95,2752.01,41.049,16.35,1.51,0.54,31.81,645235.0,645064.0,31.81,0.29788528239374634,16.35,0.5571013866830306,-3298.0,1.51,0.2690248058211846,98.01587301587301,84.23076923076923,54.80769230769231,98.84615384615385,97.05882352941177,52.95508274231678,5.57692307692308,79.8076923076923,97.05882352941177,82.60424244438637
2018-03-23,6508.09,2588.26,38.43,20.657999999999998,1.51,0.54,31.81,645235.0,645064.0,31.81,0.21329045488441456,20.657999999999998,0.564559286048228,-3298.0,1.51,0.24621590922481218,97.88639365918098,62.5,30.769230769230774,98.65384615384616,99.02912621359224,52.83018867924528,5.57692307692308,70.96153846153847,99.02912621359224,76.38356580892838
2018-03-29,6581.13,2640.87,36.936,20.657999999999998,1.51,0.54,31.81,645235.0,645235.0,31.81,0.21060551154016682,20.657999999999998,0.44105124292032594,-3298.0,1.51,0.24715908369044026,97.75725593667546,61.15384615384616,30.769230769230774,99.23076923076923,80.76923076923077,52.70588235294118,5.57692307692308,71.15384615384616,80.76923076923077,74.48425661719935
2018-04-06,6433.21,2604.47,36.341,21.042,1.69,0.5,30.97,652303.0,645235.0,30.97,0.18729617947833033,21.042,0.4391359723297612,6142.5,1.69,0.21580410521900206,97.10144927536231,54.03846153846153,29.42307692307692,99.03846153846155,79.04761904761905,76.05633802816901,4.615384615384613,55.19230769230769,79.04761904761905,74.26619477175203
2018-04-13,6628.34,2656.3,38.042,19.676,1.69,0.45,30.97,652303.0,645235.0,30.97,0.23811124871348022,19.676,0.4708734772523777,6142.5,1.69,0.24678283441778626,96.97368421052632,68.46153846153847,35.0,98.84615384615385,83.9622641509434,75.87822014051523,4.615384615384613,70.96153846153847,83.9622641509434,79.32461935519997
2018-04-20,6667.75,2670.14,38.638,16.05,1.69,0.5,30.97,652303.0,645235.0,30.97,0.2252276256190222,16.05,0.47561315441355245,6142.5,1.69,0.20883591744703,96.84625492772668,65.0,56.34615384615385,98.65384615384616,84.11214953271028,75.70093457943925,4.615384615384613,49.80769230769231,84.11214953271028,77.79906766419379
2018-04-27,6656.35,2669.91,37.229,16.77,1.69,0.47,30.97,652303.0,645235.0,30.97,0.19214009775178087,16.77,0.39261215833539764,6142.5,1.69,0.21971772442065718,96.71916010498688,54.807692307692314,51.34615384615385,98.46153846153847,75.0,75.52447552447552,4.615384615384613,57.88461538461539,75.0,76.2898110419764
2018-05-04,6769.12,2663.42,37.73,15.612,1.7,0.44,31.24,668940.0,652303.0,31.24,0.19890402030431664,15.612,0.3703677011946642,-3413.5,1.7,0.25955383332948956,97.11664482306685,57.11538461538461,57.69230769230769,99.23076923076923,72.47706422018348,51.162790697674424,3.8461538461538396,77.11538461538461,72.47706422018348,76.39737706820596
2018-05-11,6952.56,2727.72,40.538,13.752,1.7,0.43,31.24,668940.0,652303.0,31.24,0.22257645323124908,13.752,0.4035617793492796,-3413.5,1.7,0.26197064479612897,96.98952879581152,64.61538461538461,72.5,99.03846153846155,75.45454545454545,51.04408352668214,3.8461538461538396,77.3076923076923,75.45454545454545,79.02689591054224
2018-05-18,6866.25,2712.97,40.292,13.565999999999999,1.7,0.51,31.24,668940.0,652303.0,31.24,0.21493003701632807,13.565999999999999,0.38809363515395234,-3413.5,1.7,0.24062409264311824,96.86274509803921,62.11538461538461,74.8076923076923,98.84615384615385,73.87387387387388,50.92592592592593,3.8461538461538396,67.6923076923077,73.87387387387388,77.27959452665334
2018-05-25,6960.92,2721.33,40.831,12.925999999999998,1.7,0.45,31.24,668940.0,652303.0,31.24,0.20257205840687176,12.925999999999998,0.34599243508878574,-3413.5,1.7,0.2527131837223593,96.73629242819844,58.07692307692308,81.53846153846153,98.65384615384616,68.75,50.80831408775982,3.8461538461538396,74.23076923076923,68.75,77.85889021418828
2018-06-01,7083.93,2734.62,41.38,15.2125,1.82,0.42,31.63,646931.0,668940.0,31.63,0.2044509356520321,15.2125,0.31597822366601624,-1927.0,1.82,0.27556548344388876,97.65319426336376,58.269230769230774,61.15384615384615,100.0,65.48672566371681,59.44700460829493,2.3076923076923066,81.34615384615384,65.48672566371681,78.30597749490406
2018-06-08,7152.62,2779.03,43.204,12.218,1.82,0.43,31.63,646931.0,668940.0,31.63,0.24568003148761575,12.218,0.36047633120244704,-1927.0,1.82,0.2788928285406753,97.52604166666666,70.1923076923077,87.5,99.8076923076923,70.17543859649122,59.310344827586206,2.3076923076923066,82.11538461538461,70.17543859649122,82.87507314788962
2018-06-15,7255.76,2779.66,44.698,12.346,1.82,0.38,31.63,646931.0,668940.0,31.63,0.2770897723832524,12.346,0.402086755660626,-1927.0,1.82,0.29007263174861553,97.39921976592979,78.07692307692308,86.73076923076923,99.61538461538461,75.65217391304347,59.174311926605505,2.3076923076923066,85.76923076923076,75.65217391304347,84.75966967194266
2018-06-22,7197.51,2754.88,44.064,13.372,1.82,0.34,31.63,646931.0,668940.0,31.63,0.24028495065576916,13.372,0.317848005496989,-1927.0,1.82,0.29421101440779385,97.27272727272728,68.46153846153847,76.34615384615384,99.42307692307692,64.65517241379311,59.03890160183066,2.3076923076923066,87.6923076923077,64.65517241379311,81.67589793619936
2018-06-29,7040.8,2718.37,42.523,16.82,1.82,0.33,31.63,646931.0,646931.0,31.63,0.2468389847917094,16.82,0.32692119285447885,-1927.0,1.82,0.2791950906412357,97.14656290531777,70.57692307692308,49.61538461538461,97.6923076923077,66.66666666666666,58.9041095890411,2.3076923076923066,81.73076923076923,66.66666666666666,78.20659568608639
2018-07-06,7207.33,2759.82,44.149,15.02,1.91,0.29,31.89,652790.0,646931.0,31.89,0.274174529344273,15.02,0.38089576118993507,-12481.0,1.91,0.30156615401676534,98.31606217616581,77.11538461538461,61.92307692307693,97.5,73.72881355932203,26.879271070615037,1.3461538461538396,89.03846153846153,73.72881355932203,77.4199075286807
2018-07-13,7375.82,2801.31,45.133,12.744,1.91,0.24,31.89,652790.0,646931.0,31.89,0.26339824051743044,12.744,0.38139038922017887,-12481.0,1.91,0.2650038046369796,98.1888745148771,73.84615384615385,82.3076923076923,97.3076923076923,73.94957983193278,26.81818181818182,1.3461538461538396,77.11538461538461,73.94957983193278,77.23046015889597
2018-07-20,7350.23,2801.83,44.688,12.544,1.91,0.29,31.89,652790.0,646931.0,31.89,0.24127210366239815,12.544,0.36004656190538054,-12481.0,1.91,0.2655623901424935,98.06201550387597,67.88461538461539,84.8076923076923,97.11538461538461,68.33333333333333,26.75736961451247,1.3461538461538396,77.5,68.33333333333333,76.19203418397771
2018-07-27,7296.78,2818.82,42.278,12.498,1.91,0.29,31.89,652790.0,646931.0,31.89,0.2348754087041287,12.498,0.2755386529585486,-12481.0,1.91,0.25029573262139926,97.93548387096774,66.53846153846153,85.38461538461539,96.92307692307692,60.33057851239669,26.69683257918552,1.3461538461538396,70.76923076923077,60.33057851239669,74.20929489692642
2018-08-03,7395.49,2840.35,42.987,12.813999999999998,1.91,0.32,32.39,652395.0,652790.0,32.39,0.25349200242037595,12.813999999999998,0.262055875170937,-12810.5,1.91,0.268991311735153,99.48453608247422,72.5,80.96153846153847,98.46153846153847,59.83606557377049,25.5079006772009,1.3461538461538396,78.46153846153847,59.83606557377049,75.99516041391358
2018-08-10,7408.3,2833.28,44.367,11.495999999999999,1.91,0.26,32.39,652395.0,652790.0,32.39,0.27038701678633226,11.495999999999999,0.27550148495582794,-12810.5,1.91,0.28048099873336163,99.35649935649936,75.76923076923077,92.6923076923077,98.26923076923076,60.16260162601627,25.45045045045045,1.3461538461538396,81.92307692307692,60.16260162601627,78.04358913993059
2018-08-17,7377.54,2850.13,43.327,13.764,1.91,0.26,32.39,652395.0,652790.0,32.39,0.2739862992172215,13.764,0.2356652687270293,-12810.5,1.91,0.31158647033256437,99.22879177377892,76.92307692307693,70.1923076923077,98.07692307692307,55.64516129032258,25.39325842696629,1.3461538461538396,90.96153846153847,55.64516129032258,76.7673401709099
2018-08-24,7485.4,2874.69,45.435,12.4,1.91,0.19,32.39,652395.0,652790.0,32.39,0.2855923455954714,12.4,0.2520231405461917,-12810.5,1.91,0.28369261146098546,99.10141206675225,80.1923076923077,86.34615384615384,97.88461538461539,58.4,25.336322869955158,1.3461538461538396,83.07692307692308,58.4,77.79919238230526
2018-08-31,7654.55,2901.52,46.986,12.66,1.91,0.24,32.39,652395.0,652395.0,32.39,0.2783363115616495,12.66,0.21817609408220173,-15902.5,1.91,0.31891789087080147,98.97435897435898,78.07692307692308,83.07692307692308,97.6923076923077,53.96825396825397,21.252796420581653,1.538461538461533,91.53846153846153,53.96825396825397,77.37192434709213
2018-09-07,7430.26,2871.68,44.178,14.15,1.95,0.23,32.62,648126.0,652395.0,32.62,0.2565187025334117,14.15,0.16619158987931537,-15902.5,1.95,0.254324179665528,99.48783610755441,72.11538461538461,66.92307692307693,97.5,50.0,21.205357142857142,0.0,72.11538461538461,46.45669291338583,71.791832331401
2018-09-14,7545.5,2904.98,45.605,12.992,1.95,0.21,32.62,648126.0,652395.0,32.62,0.2601035404141616,12.992,0.17913021475357271,-15902.5,1.95,0.261498291663254,99.36061381074168,72.3076923076923,79.23076923076923,97.3076923076923,50.0,21.158129175946545,0.1923076923076934,74.61538461538461,48.4375,73.35353444623262
2018-09-21,7531.07,2929.67,44.584,12.34,1.95,0.26,32.62,648126.0,652395.0,32.62,0.26949827386250247,12.34,0.13960412816025358,-15902.5,1.95,0.2657009355186817,99.23371647509579,75.0,86.53846153846153,97.11538461538461,50.0,21.11111111111111,0.3846153846153868,76.53846153846153,42.63565891472868,74.62879457707044
2018-09-28,7627.65,2913.98,44.755,12.408,1.95,0.24,32.62,648126.0,652395.0,32.62,0.27567608248457165,12.408,0.12274286514697463,-15902.5,1.95,0.29409508097731907,99.10714285714286,77.11538461538461,85.76923076923077,96.92307692307692,50.0,21.06430155210643,0.5769230769230802,86.92307692307692,41.53846153846154,76.29645841962915
2018-10-05,7399.01,2885.57,41.578,12.940000000000001,2.19,0.35,31.04,607645.0,648126.0,31.04,0.22003868369892676,12.940000000000001,0.05204331109991056,-18945.5,2.19,0.2610105799080906,94.39490445859873,60.192307692307686,79.23076923076923,95.96153846153847,50.0,16.8141592920354,0.0,74.03846153846155,36.6412213740458,69.92610478552506
2018-10-12,7157.21,2767.13,39.725,20.178,2.19,0.3,31.04,607645.0,648126.0,31.04,0.1747671298082052,20.178,0.048632211142181525,-18945.5,2.19,0.2514523150547239,94.27480916030534,45.57692307692307,29.615384615384613,95.76923076923077,50.0,16.777041942604857,0.1923076923076934,69.8076923076923,34.84848484848485,62.51190273883642
2018-10-19,7107.23,2767.78,39.063,19.253999999999998,2.19,0.28,31.04,607645.0,648126.0,31.04,0.1634374560062335,19.253999999999998,0.03787262794985091,-18945.5,2.19,0.20322733151031125,94.15501905972046,43.07692307692308,32.88461538461539,95.57692307692308,50.0,16.740088105726873,0.3846153846153868,42.69230769230769,33.08270676691729,58.40740164318774
2018-10-26,6852.4,2658.69,38.666,22.792,2.19,0.27,31.04,607645.0,648126.0,31.04,0.10282981973035987,22.792,0.08590569230579459,-18945.5,2.19,0.19539552280893502,94.03553299492386,28.46153846153846,20.769230769230774,95.38461538461539,50.0,16.7032967032967,0.5769230769230802,38.07692307692307,41.7910447761194,54.68567802755619
2018-11-02,6965.29,2723.06,42.996,21.625999999999998,2.2,0.31,30.2,592593.0,607645.0,30.2,0.1063778079223836,21.625999999999998,0.19862720012083734,-9768.5,2.2,0.18251097031707397,92.90240811153359,28.846153846153843,24.807692307692307,90.0,54.074074074074076,34.42982456140351,0.0,34.03846153846154,54.074074074074076,56.40043963700157
2018-11-09,7039.15,2781.01,41.956,18.062,2.2,0.25,30.2,592593.0,607645.0,30.2,0.11571911549562763,18.062,0.17973893866190482,-9768.5,2.2,0.18884320348053163,92.78481012658227,31.538461538461537,37.30769230769231,89.8076923076923,50.73529411764706,34.35448577680525,0.1923076923076934,35.76923076923077,50.73529411764706,57.829818149755795
2018-11-16,6867.02,2736.27,41.285,19.968,2.2,0.27,30.2,592593.0,607645.0,30.2,0.08749847573287561,19.968,0.15921751399987372,-9768.5,2.2,0.15558040087784364,92.66750948166877,25.769230769230766,29.615384615384613,89.61538461538461,50.0,34.27947598253275,0.3846153846153868,22.884615384615383,45.98540145985402,54.29273098602136
2018-11-23,6527.35,2632.56,39.432,21.225,2.2,0.24,30.2,592593.0,607645.0,30.2,0.01842013701985712,21.225,0.12529886405332236,-9768.5,2.2,0.13506105574068572,92.55050505050505,13.846153846153847,25.192307692307693,89.42307692307693,50.0,34.20479302832244,0.5769230769230802,15.192307692307692,42.7536231884058,51.19658919511861
2018-11-30,6949.01,2760.17,42.022,18.654,2.2,0.21,30.2,592593.0,592593.0,30.2,0.09642671749341658,18.654,0.10740059507999278,-16451.5,2.2,0.15387064795377525,92.43379571248424,26.923076923076923,34.42307692307692,86.73076923076923,50.0,21.521739130434785,0.7692307692307736,21.923076923076923,41.007194244604314,52.28809693513899
2018-12-07,6613.28,2633.08,39.801,20.4,2.27,0.13,28.29,554285.0,592593.0,28.29,0.04235275203835731,20.4,0.11833080924594475,-16451.5,2.27,0.14900565046837633,87.90931989924434,17.5,27.115384615384613,86.53846153846155,50.0,21.475054229934923,0.0,19.615384615384617,42.142857142857146,49.13389134510834
2018-12-14,6594.96,2599.95,39.489,21.628,2.27,0.16,28.29,554285.0,592593.0,28.29,0.019893849979586653,21.628,0.08047675776137786,-16451.5,2.27,0.1643357963342842,87.79874213836479,13.461538461538462,23.65384615384616,86.34615384615385,50.0,21.428571428571427,0.1923076923076934,26.346153846153847,39.00709219858156,49.249034141958674
2018-12-21,6046.56,2416.62,33.892,26.833999999999996,2.27,0.16,28.29,554285.0,592593.0,28.29,-0.06474849075894362,26.833999999999996,0.026687581951859496,-16451.5,2.27,0.13544199364127962,87.68844221105527,7.115384615384615,11.538461538461547,86.15384615384616,50.0,21.382289416846653,0.3846153846153868,14.615384615384617,30.28169014084507,45.45272416243036
2018-12-28,6285.27,2485.74,35.879,31.195,2.27,0.2,28.29,554285.0,592593.0,28.29,-0.017376907707748912,31.195,0.04088282697746781,-16451.5,2.27,0.15221386196213293,87.5784190715182,9.038461538461538,7.884615384615387,85.96153846153847,50.0,21.336206896551722,0.5769230769230802,20.961538461538463,32.16783216783217,46.20649946417102
2019-01-04,6422.67,2531.94,37.499,23.8675,2.4,0.17,28.38,568433.0,554285.0,28.38,-0.03466255040739241,23.8675,0.03884004016450893,-79970.5,2.4,0.18653751063191315,87.96992481203007,8.269230769230768,17.307692307692307,81.53846153846153,50.0,0.0,0.0,35.19230769230769,31.944444444444443,45.27283111625216
2019-01-11,6601.4,2596.26,40.768,19.907999999999998,2.4,0.16,28.38,568433.0,554285.0,28.38,-0.023250583705948347,19.907999999999998,0.1092099348154022,-79970.5,2.4,0.21334883445048747,87.85982478097623,8.846153846153847,29.615384615384613,81.34615384615384,50.0,0.0,0.1923076923076934,47.11538461538461,42.758620689655174,48.30465726388755
2019-01-18,6784.61,2670.71,41.763,18.514,2.4,0.17,28.38,568433.0,554285.0,28.38,-0.007275036470290486,18.514,0.11331598035121937,-79970.5,2.4,0.19216681527044077,87.75,10.192307692307692,35.576923076923066,81.15384615384616,50.0,0.0,0.3846153846153868,36.34615384615385,43.15068493150685,47.39038461538462
2019-01-25,6787.37,2664.76,41.539,19.1575,2.4,0.16,28.38,568433.0,554285.0,28.38,-0.03354706057408763,19.1575,0.07847448743495355,-79970.5,2.4,0.21272398353129085,87.64044943820225,7.884615384615384,32.88461538461539,80.96153846153847,50.0,0.0,0.5769230769230802,46.34615384615385,39.455782312925166,48.287705272255835
2019-02-01,6875.52,2706.53,42.066,17.674,2.4,0.18,29.54,581205.0,568433.0,29.54,0.01704512676231351,17.674,0.10095838145009295,18954.5,2.4,0.2688233578587049,90.14962593516209,13.076923076923078,40.76923076923077,81.53846153846153,50.0,92.32409381663112,0.7692307692307736,77.3076923076923,41.891891891891895,68.79777002875785
2019-02-08,6913.13,2707.88,41.948,15.754000000000001,2.4,0.18,29.54,581205.0,568433.0,29.54,0.07804069437427086,15.754000000000001,0.07837988234734783,18954.5,2.4,0.26791297686275617,90.0373599003736,23.076923076923077,53.46153846153846,81.34615384615384,50.0,92.12765957446808,0.9615384615384528,76.92307692307693,38.92617449664429,71.12277476239879
2019-02-15,7055.18,2775.6,44.095,15.636000000000001,2.4,0.14,29.54,581205.0,568433.0,29.54,0.04202249116038925,15.636000000000001,0.09391959756133783,18954.5,2.4,0.24699251070329953,89.92537313432835,16.923076923076923,53.46153846153846,81.15384615384616,50.0,91.93205944798302,1.1538461538461462,66.15384615384615,42.0,68.68257585175543
2019-02-22,7090.63,2792.67,44.661,14.217500000000001,2.4,0.17,29.54,581205.0,568433.0,29.54,0.02813415306092848,14.217500000000001,0.10992868617154605,18954.5,2.4,0.240475685534024,89.81366459627328,14.807692307692308,65.57692307692308,80.96153846153847,50.0,91.73728813559322,1.3461538461538396,62.88461538461539,44.370860927152314,69.06371075497826
2019-03-01,7151.57,2803.69,45.666,14.613999999999999,2.41,0.21,29.58,574013.0,581205.0,29.58,0.04999676994996349,14.613999999999999,0.10809817831540469,-3097.5,2.41,0.2501623127542756,90.1985111662531,17.884615384615383,62.11538461538461,83.26923076923077,50.0,57.505285412262154,0.0,68.07692307692308,43.42105263157895,65.22318735278225
2019-03-08,7015.69,2743.07,43.773,15.55,2.41,0.17,29.58,574013.0,581205.0,29.58,-0.012038844248420832,15.55,0.04349650012287298,-3097.5,2.41,0.2519433127565316,90.08674101610904,8.461538461538462,53.46153846153846,83.07692307692308,50.0,57.383966244725734,0.1923076923076934,70.0,31.372549019607842,63.440327755315295
2019-03-15,7306.99,2822.48,45.852,13.578,2.41,0.16,29.58,574013.0,581205.0,29.58,0.04088918012236564,13.578,0.07611732429917928,-3097.5,2.41,0.27950039532585724,89.97524752475248,16.538461538461537,71.73076923076923,82.88461538461539,50.0,57.263157894736835,0.3846153846153868,80.57692307692308,38.311688311688314,67.74798472762257
2019-03-22,7326.06,2800.71,44.934,14.136000000000001,2.41,0.13,29.58,574013.0,581205.0,29.58,0.12568510884145745,14.136000000000001,0.043557670237387214,-3097.5,2.41,0.28728880180205274,89.86402966625462,33.46153846153846,66.34615384615384,82.6923076923077,50.0,57.14285714285714,0.5769230769230802,83.07692307692308,31.61290322580645,69.54038835083334
2019-03-29,7378.77,2834.4,45.598,14.86,2.41,0.14,29.58,574013.0,574013.0,29.58,0.1212010703329065,14.86,0.11331268318669485,-3097.5,2.41,0.26068108174566706,89.75308641975307,32.30769230769231,59.23076923076923,81.53846153846153,50.0,57.023060796645694,0.7692307692307736,73.07692307692307,46.15384615384615,66.942537941909
2019-04-05,7578.84,2892.74,47.725,13.38,2.42,0.15,30.13,588721.0,574013.0,30.13,0.1780806160532611,13.38,0.1351743851850098,-14948.0,2.42,0.28087539293658104,91.86189889025894,46.34615384615385,74.03846153846153,81.34615384615384,50.318471337579616,23.640167364016737,0.0,81.15384615384616,50.318471337579616,66.7310212471815
2019-04-12,7628.15,2907.41,47.286,13.157999999999998,2.42,0.16,30.13,588721.0,574013.0,30.13,0.15083867152258335,13.157999999999998,0.09215591340985974,-14948.0,2.42,0.2817377100186904,91.7487684729064,39.61538461538461,76.73076923076923,81.15384615384616,50.0,23.59081419624217,0.1923076923076934,81.34615384615384,41.77215189873418,66.12491428555607
2019-04-18,7689.72,2905.03,45.949,13.157999999999998,2.42,0.16,30.13,588721.0,574013.0,30.13,0.15327059352855166,13.157999999999998,0.035947274891138914,-14948.0,2.42,0.32976776293761856,91.63591635916359,40.38461538461539,76.73076923076923,80.96153846153847,50.0,23.541666666666668,0.3846153846153868,92.11538461538461,28.30188679245283,67.7680486564481
2019-04-26,7826.68,2939.88,46.535,12.764,2.42,0.23,30.13,588721.0,574013.0,30.13,0.17582158390108682,12.764,0.07414484012319522,-14948.0,2.42,0.37937856299315875,91.52334152334153,45.57692307692307,80.57692307692308,80.76923076923077,50.0,23.492723492723496,0.5769230769230802,93.84615384615384,38.125,68.97088452088452
2019-05-03,7845.73,2945.64,47.218,13.663999999999998,2.39,0.21,29.24,568751.0,588721.0,29.24,0.15904726168246386,13.663999999999998,0.0924237163191266,-32507.0,2.39,0.3799654241201462,88.22085889570552,41.15384615384615,69.23076923076923,85.0,50.0,4.356846473029045,3.2692307692307736,93.84615384615384,42.857142857142854,64.536160288557
2019-05-10,7586.53,2881.4,45.12,17.86,2.39,0.21,29.24,568751.0,588721.0,29.24,0.09118511742437319,17.86,0.021844632439951717,-32507.0,2.39,0.34560152915328635,88.11274509803921,25.0,36.346153846153854,84.8076923076923,50.0,4.3478260869565215,3.461538461538467,91.92307692307692,25.925925925925924,58.96318447111286
2019-05-17,7503.68,2859.53,42.895,17.259999999999998,2.39,0.19,29.24,568751.0,588721.0,29.24,0.09283524485709083,17.259999999999998,-0.028231849642159856,-32507.0,2.39,0.3265677065084367,88.00489596083231,25.192307692307693,41.92307692307692,84.61538461538461,50.0,4.338842975206612,3.653846153846146,91.15384615384615,19.631901840490798,59.371036407678226
2019-05-24,7300.96,2826.06,41.119,15.756,2.39,0.16,29.24,568751.0,588721.0,29.24,0.048849864673060406,15.756,-0.04179640039346899,-32507.0,2.39,0.27158142546716246,87.89731051344744,15.769230769230768,50.96153846153847,84.42307692307692,50.0,4.329896907216495,3.8461538461538396,76.73076923076924,15.853658536585366,56.923177408002736
2019-05-31,7127.96,2752.06,39.743,17.8525,2.39,0.19,29.24,568751.0,568751.0,29.24,0.006215476437514189,17.8525,-0.04577565043461429,2457.5,2.39,0.26950462094610406,87.78998778998779,8.653846153846153,35.96153846153847,79.8076923076923,50.0,71.81069958847736,4.038461538461533,76.15384615384615,14.545454545454545,63.75267941934608
2019-06-07,7417.29,2873.34,42.163,16.830000000000002,2.38,0.24,29.28,596304.0,568751.0,29.28,0.03700322399344569,16.830000000000002,-0.06109821519796388,2457.5,2.38,0.2918555297408665,88.29268292682927,13.846153846153847,44.03846153846154,79.61538461538461,50.0,71.66324435318275,4.230769230769226,84.23076923076923,10.240963855421686,66.4387924691125
2019-06-14,7479.11,2886.98,42.027,15.788,2.38,0.25,29.28,596304.0,568751.0,29.28,0.03078244043353129,15.788,-0.09053902909521638,2457.5,2.38,0.31589832406899987,88.1851400730816,12.307692307692308,50.76923076923077,79.42307692307692,50.0,71.51639344262296,4.42307692307692,90.1923076923077,2.9940119760479043,67.74333318485591
2019-06-21,7728.78,2950.46,44.339,14.996,2.38,0.3,29.28,596304.0,568751.0,29.28,0.07381302700517245,14.996,-0.0675721047103286,2457.5,2.38,0.355245516655571,88.07785888077859,20.576923076923077,57.5,79.23076923076923,50.0,71.37014314928425,4.615384615384613,92.5,9.523809523809524,69.67686247931758
2019-06-28,7671.08,2941.76,46.818,15.73,2.38,0.25,29.28,596304.0,568751.0,29.28,0.0895182365640268,15.73,0.011485925889233695,2457.5,2.38,0.3298405512480944,87.97083839611179,24.03846153846154,50.96153846153847,79.03846153846153,50.0,71.22448979591837,4.807692307692307,91.34615384615384,27.810650887573964,69.1874565332255
2019-07-05,7841.3,2990.41,46.642,13.21,2.4,0.17,29.99,602139.0,596304.0,29.99,0.08796183885017061,13.21,-0.03149396868323584,-25398.5,2.4,0.32758392151927573,91.01941747572816,23.653846153846153,75.57692307692308,87.5,50.0,9.164969450101832,3.2692307692307736,90.76923076923077,21.764705882352942,64.34016737419937
2019-07-12,7943.24,3013.77,47.286,13.280000000000001,2.4,0.28,29.99,602139.0,596304.0,29.99,0.07692975153948978,13.280000000000001,-0.029226297304229654,-25398.5,2.4,0.33647664285254164,90.9090909090909,20.384615384615383,74.61538461538461,87.3076923076923,50.0,9.146341463414634,3.461538461538467,91.53846153846153,22.22222222222222,63.907615555176534
2019-07-19,7834.9,2976.61,47.12,13.498,2.4,0.25,29.99,602139.0,596304.0,29.99,0.06593943318780493,13.498,-0.011517664480322098,-25398.5,2.4,0.3105843851163872,90.79903147699758,18.653846153846153,71.15384615384616,87.11538461538461,50.0,9.127789046653144,3.653846153846146,88.07692307692308,24.418604651162788,62.77512849855133
2019-07-26,8016.95,3025.86,48.154,12.622,2.4,0.22,29.99,602139.0,596304.0,29.99,0.09869695948075718,12.622,0.04028785531653711,-25398.5,2.4,0.30273695897158115,90.68923821039904,25.961538461538463,82.6923076923077,86.92307692307692,50.0,9.109311740890687,3.8461538461538396,86.73076923076923,34.104046242774565,64.54462901859803
2019-08-02,7692.8,2932.05,45.003,15.674000000000001,2.13,0.14,28.71,564894.0,602139.0,28.71,0.04020152822869072,15.674000000000001,0.006696371136233559,-28676.5,2.13,0.26239822289820935,85.74879227053141,13.076923076923078,50.19230769230769,88.26923076923077,50.0,6.666666666666667,8.269230769230774,71.15384615384616,27.586206896551722,56.29975845410628
2019-08-09,7646.27,2918.65,44.173,19.826,2.13,0.11,28.71,564894.0,602139.0,28.71,0.03212207928944566,19.826,-0.036494698578556806,-28676.5,2.13,0.25427913113239997,85.6453558504222,11.538461538461538,24.42307692307692,88.07692307692308,50.0,6.653225806451612,8.461538461538467,67.6923076923077,19.428571428571427,52.96167042566757
2019-08-16,7604.11,2888.68,43.607,20.072,2.13,0.07,28.71,564894.0,602139.0,28.71,0.030710778931730687,20.072,-0.024248295953449128,-28676.5,2.13,0.2594313178239369,85.54216867469879,10.576923076923077,23.076923076923066,87.88461538461539,50.0,6.639839034205232,8.65384615384616,69.8076923076923,23.863636363636363,52.971717282378236
2019-08-23,7464.99,2847.11,42.456,17.346,2.13,0.01,28.71,564894.0,602139.0,28.71,-0.002726641194859325,17.346,-0.06283955226832982,-28676.5,2.13,0.24789577542156427,85.43922984356198,5.0,38.26923076923077,87.6923076923077,50.0,6.626506024096386,8.846153846153854,63.653846153846146,10.734463276836157,52.841437256942235
2019-08-30,7691.0,2926.46,43.246,19.168,2.13,0.0,28.71,564894.0,564894.0,28.71,0.004761873656844662,19.168,-0.08436005183757922,-28676.5,2.13,0.2602872188022147,85.33653846153845,6.153846153846154,27.307692307692307,75.76923076923077,50.0,6.613226452905812,9.038461538461533,70.1923076923077,5.056179775280898,50.69583012178202
2019-09-06,7852.54,2978.71,42.875,17.064999999999998,2.04,0.02,29.23,555910.0,564894.0,29.23,0.056832466158653894,17.064999999999998,-0.08632678459769594,-9093.0,2.04,0.2774464893363242,86.91476590636255,16.538461538461537,40.76923076923077,75.57692307692308,50.0,40.0,9.230769230769226,77.3076923076923,5.027932960893855,59.64449164281097
2019-09-13,7892.95,3007.39,44.154,14.607999999999999,2.04,0.11,29.23,555910.0,564894.0,29.23,0.046047312967994136,14.607999999999999,-0.07786399973479585,-9093.0,2.04,0.23232998435343788,86.810551558753,14.038461538461538,60.0,75.38461538461539,50.0,39.920159680638726,9.42307692307692,54.807692307692314,8.333333333333332,57.82513426384641
2019-09-20,7823.55,2992.07,43.656,14.486,2.04,0.05,29.23,555910.0,564894.0,29.23,0.03883644687939447,14.486,-0.059651088903439065,-9093.0,2.04,0.22792868242780018,86.7065868263473,12.115384615384615,60.96153846153846,75.1923076923077,50.0,39.8406374501992,9.615384615384613,52.88461538461539,13.812154696132598,57.33472067510703
2019-09-27,7681.58,2961.79,41.607,16.242,2.04,0.06,29.23,555910.0,564894.0,29.23,0.007070329655922913,16.242,-0.0774088393196477,-9093.0,2.04,0.209513312016532,86.60287081339713,6.346153846153846,46.34615384615385,75.0,50.0,39.761431411530815,9.807692307692307,41.53846153846154,8.791208791208792,53.41171195133213
2019-10-04,7754.1,2952.01,40.953,18.304,1.83,0.12,28.84,554604.0,555910.0,28.84,0.0479915556270365,18.304,-0.06302354369765073,-27992.0,1.83,0.2233677064468258,85.42413381123059,14.615384615384617,30.769230769230774,74.8076923076923,50.0,9.126984126984127,12.5,50.57692307692307,12.568306010928962,49.336566688986046
2019-10-11,7843.88,2970.27,40.914,17.986,1.83,0.13,28.84,554604.0,555910.0,28.84,0.09594101612220407,17.986,-0.06601024205046091,-27992.0,1.83,0.23871507168217532,85.32219570405728,25.769230769230766,31.15384615384616,74.61538461538461,50.0,9.108910891089108,12.692307692307693,58.46153846153847,11.41304347826087,51.838468082167125
2019-10-18,7868.49,2986.2,40.914,13.966,1.83,0.18,28.84,554604.0,555910.0,28.84,0.10711064648252555,13.966,-0.05972565301044197,-27992.0,1.83,0.2270825494405766,85.22050059594756,28.26923076923077,65.57692307692308,74.42307692307692,50.0,9.090909090909092,12.884615384615387,52.307692307692314,15.135135135135137,54.60004417513357
2019-10-25,8029.22,3022.55,42.466,13.766,1.83,0.17,28.84,554604.0,555910.0,28.84,0.1717383690385852,13.766,-0.07346081252899017,-27992.0,1.83,0.24937506330284753,85.11904761904762,44.61538461538462,66.92307692307693,74.23076923076923,50.0,9.072978303747535,13.07692307692308,64.42307692307693,9.67741935483871,58.455910115525505
2019-11-01,8161.17,3066.91,44.134,12.831999999999999,1.55,0.17,29.84,563482.0,554604.0,29.84,0.17169134379185946,12.831999999999999,-0.14522376541247528,-28258.0,1.55,0.28033810262484904,90.24970273483947,44.61538461538462,79.42307692307692,74.03846153846155,50.0,8.267716535433072,15.769230769230774,78.65384615384615,0.0,62.71125187343671
2019-11-08,8255.89,3093.08,44.739,12.67,1.55,0.26,29.84,563482.0,554604.0,29.84,0.17285325643010863,12.67,-0.1065218616355621,-28258.0,1.55,0.30833146982060944,90.14251781472684,45.57692307692307,82.11538461538461,73.84615384615385,50.0,8.25147347740668,15.961538461538467,87.5,0.5319148936170213,64.3643015076333
2019-11-15,8315.52,3120.46,46.252,12.693999999999999,1.55,0.23,29.84,563482.0,554604.0,29.84,0.21093574796636672,12.693999999999999,-0.09062570800027725,-28258.0,1.55,0.29934587989884354,90.0355871886121,58.46153846153847,81.73076923076923,73.65384615384616,50.0,8.235294117647058,16.153846153846146,85.57692307692307,3.7037037037037033,65.52510386306179
2019-11-22,8272.05,3110.29,47.247,12.714,1.55,0.16,29.84,563482.0,554604.0,29.84,0.2672907075612614,12.714,-0.06910141967325178,-28258.0,1.55,0.29332499525651734,89.92890995260665,74.8076923076923,81.15384615384616,73.46153846153847,50.0,8.21917808219178,16.34615384615384,83.84615384615385,12.631578947368421,67.11096639515779
2019-11-29,8403.68,3140.98,49.208,11.945,1.55,0.17,29.84,563482.0,563482.0,29.84,0.2093348548929992,11.945,-0.038329191193032575,-28258.0,1.55,0.3402024254481102,89.82248520710058,57.88461538461539,88.46153846153847,74.8076923076923,50.0,8.203125,16.538461538461533,91.53846153846153,24.083769633507853,67.18342732988165
2019-12-06,8397.37,3145.91,48.262,14.762,1.55,0.23,30.33,579221.0,563482.0,30.33,0.26977384898265333,14.762,-0.057191250555478135,-21373.5,1.55,0.3228990124208331,93.3806146572104,76.53846153846153,56.34615384615385,74.61538461538461,50.0,16.764132553606238,16.730769230769226,89.8076923076923,18.75,67.91189666063686
2019-12-13,8487.71,3168.8,47.91,14.62,1.55,0.21,30.33,579221.0,563482.0,30.33,0.28699946625908246,14.62,-0.073750206971686,-21373.5,1.55,0.3236261724779659,93.27036599763872,82.3076923076923,57.88461538461539,74.42307692307692,50.0,16.731517509727624,16.92307692307692,89.8076923076923,10.880829015544041,68.6964931336792
2019-12-20,8678.49,3221.22,49.725,12.404,1.55,0.29,30.33,579221.0,563482.0,30.33,0.43527724855124217,12.404,0.03188314328163866,-21373.5,1.55,0.3338399006581063,93.16037735849056,96.92307692307692,85.57692307692308,74.23076923076923,50.0,16.699029126213592,17.115384615384613,91.15384615384615,39.175257731958766,73.36000676370706
2019-12-27,8770.98,3240.02,50.085,12.84,1.55,0.29,30.33,579221.0,563482.0,30.33,0.39548181701024765,12.84,0.00046009887369580227,-21373.5,1.55,0.3561917327603872,93.05064782096584,96.53846153846153,78.26923076923077,74.03846153846155,50.0,16.666666666666664,17.307692307692307,92.5,33.33333333333333,72.72359110265472
2020-01-03,8793.9,3234.85,49.096,13.7725,1.55,0.27,30.99,561812.0,579221.0,30.99,0.3691969227751075,13.7725,-0.05993534246629939,-43678.0,1.55,0.3356174572281412,94.35294117647058,96.34615384615385,65.38461538461539,80.1923076923077,50.0,0.7736943907156674,17.5,90.96153846153847,16.83673469387755,70.16548854774761
2020-01-10,8966.64,3265.35,50.898,13.238,1.55,0.27,30.99,561812.0,579221.0,30.99,0.35829369527675947,13.238,-0.10981449590470294,-43678.0,1.55,0.33668901607091994,94.24206815511164,95.57692307692308,73.26923076923077,80.0,50.0,0.7722007722007722,17.692307692307693,91.15384615384615,0.5076142131979695,70.83347451608321
2020-01-17,9173.73,3329.62,52.563,12.309999999999999,1.55,0.26,30.99,561812.0,579221.0,30.99,0.3521381479554462,12.309999999999999,-0.09353603603819871,-43678.0,1.55,0.3458973236701084,94.13145539906104,95.38461538461539,86.53846153846153,79.8076923076923,50.0,0.7707129094412332,17.884615384615387,91.53846153846153,3.535353535353535,72.13805186238224
2020-01-24,9141.47,3295.47,51.711,13.325,1.55,0.21,30.99,561812.0,579221.0,30.99,0.3468353721691906,13.325,-0.101957065036135,-43678.0,1.55,0.3327111306560513,94.02110199296601,94.8076923076923,71.92307692307692,79.61538461538461,50.0,0.7692307692307693,18.07692307692308,90.0,2.0100502512562812,70.31960501397782
2020-01-31,8991.51,3225.52,50.732,17.046,1.55,0.18,30.99,561812.0,561812.0,30.99,0.3077570860094945,17.046,-0.1017474820538058,68195.0,1.55,0.3380256488911795,93.91100702576112,88.84615384615384,37.5,73.07692307692307,50.0,100.0,18.269230769230774,90.96153846153847,2.5,79.99181678976761
2020-02-07,9401.1,3327.71,54.689,15.919999999999998,1.58,0.18,30.73,545127.0,561812.0,30.73,0.3598905271562953,15.919999999999998,-0.056157333678656274,68195.0,1.58,0.36189879353659005,92.8654970760234,96.53846153846153,45.769230769230774,72.88461538461539,50.0,99.8076923076923,15.769230769230774,93.26923076923077,21.890547263681594,81.81540710751237
2020-02-14,9623.58,3380.16,57.48,14.357999999999999,1.58,0.17,30.73,545127.0,561812.0,30.73,0.36404457434112225,14.357999999999999,-0.06049541910810263,68195.0,1.58,0.3696837984448851,92.7570093457944,96.73076923076923,60.38461538461539,72.6923076923077,50.0,99.61538461538461,15.961538461538467,93.46153846153847,18.316831683168317,83.24370956146657
2020-02-21,9446.69,3337.75,57.401,15.4625,1.58,0.12,30.73,545127.0,561812.0,30.73,0.3322779499141826,15.4625,-0.04701787960675552,68195.0,1.58,0.35803143830985174,92.6487747957993,93.65384615384616,48.46153846153847,72.5,50.0,99.42307692307692,16.153846153846146,92.6923076923077,24.63054187192118,81.48167803608294
2020-02-28,8461.83,2954.22,51.75,31.941999999999997,1.58,0.27,30.73,545127.0,561812.0,30.73,0.1832129168839849,31.941999999999997,-0.049984694574169986,68195.0,1.58,0.33509544684788173,92.54079254079254,49.23076923076923,3.2692307692307736,72.3076923076923,50.0,99.23076923076923,16.34615384615384,89.61538461538461,23.52941176470588,71.08508158508158
2020-03-06,8530.34,2972.37,51.035,36.757999999999996,0.65,0.25,24.82,479291.0,545127.0,24.82,0.21589465897153381,36.757999999999996,-0.04999330425515636,29519.0,0.65,0.3310379558776766,39.34807916181606,60.57692307692307,1.1538461538461462,67.5,50.0,98.26923076923076,31.730769230769226,88.84615384615384,23.414634146341466,60.47153890928628
2020-03-13,7995.26,2711.02,42.015,57.791999999999994,0.65,0.45,24.82,479291.0,545127.0,24.82,0.0941933682679188,57.791999999999994,-0.1778756503930169,29519.0,0.65,0.33828351381644683,39.30232558139535,25.769230769230766,0.0,67.3076923076923,50.0,98.07692307692307,31.92307692307692,90.38461538461539,0.0,56.337388193202145
2020-03-20,6994.29,2304.92,37.069,74.61800000000001,0.65,0.55,24.82,479291.0,545127.0,24.82,-0.045286279391651196,74.61800000000001,-0.1297482156455143,29519.0,0.65,0.3205957320474042,39.256678281068524,0.9615384615384616,0.0,67.11538461538461,50.0,97.88461538461539,32.11538461538461,86.92307692307692,0.966183574879227,52.7686433485214
2020-03-27,7588.37,2541.47,42.858,62.75,0.65,0.47,24.82,479291.0,545127.0,24.82,0.02840581831389244,62.75,-0.08849617315401703,29519.0,0.65,0.32023399641872974,39.21113689095127,10.384615384615385,0.1923076923076934,66.92307692307692,50.0,97.6923076923077,32.30769230769231,86.73076923076923,7.6923076923076925,53.81722737819025
2020-04-03,7528.11,2488.65,39.371,53.077999999999996,0.05,0.39,25.93,524696.0,479291.0,25.93,-0.006693636493183663,53.077999999999996,-0.16835088943662246,24123.0,0.05,0.3328586848327715,54.80880648899189,4.423076923076923,0.5769230769230802,40.57692307692308,50.0,95.0,100.0,88.84615384615384,0.4784688995215311,51.430992067029145
2020-04-09,8238.53,2789.82,46.315,53.077999999999996,0.05,0.39,25.93,524696.0,479291.0,25.93,0.08001677995319989,53.077999999999996,-0.10055139907936839,24123.0,0.05,0.3409920582156538,54.745370370370374,22.30769230769231,0.7692307692307736,40.38461538461539,50.0,94.8076923076923,100.0,90.57692307692308,4.285714285714286,53.779843304843304
2020-04-17,8832.41,2874.56,51.182,39.606,0.05,0.45,25.93,524696.0,479291.0,25.93,0.1485996889353578,39.606,-0.03471255319790956,24123.0,0.05,0.3990938935041741,54.68208092485549,40.0,1.3461538461538396,40.19230769230769,50.0,94.61538461538461,100.0,94.23076923076923,32.22748815165877,56.43257003112494
2020-04-24,8786.6,2836.74,51.966,41.706,0.05,0.38,25.93,524696.0,479291.0,25.93,0.12264715051592767,41.706,-0.00593929621271494,24123.0,0.05,0.38385607041156744,54.618937644341806,33.26923076923077,0.9615384615384528,40.0,50.0,94.42307692307692,100.0,93.84615384615384,37.264150943396224,55.45263368271451
2020-05-01,8718.18,2830.71,51.3,33.886,0.05,0.44,27.33,552543.0,524696.0,27.33,0.11120061485674393,33.886,-0.02475053226112367,63167.0,0.05,0.364297758672514,77.85467128027682,30.57692307692308,3.461538461538467,62.11538461538461,50.0,99.03846153846155,100.0,92.88461538461539,35.2112676056338,64.55554964067076
2020-05-08,9220.35,2929.8,57.098,32.624,0.05,0.53,27.33,552543.0,524696.0,27.33,0.21535800952477624,32.624,0.050111848631252176,63167.0,0.05,0.3959608461881803,77.76497695852534,62.11538461538461,4.42307692307692,61.92307692307693,50.0,98.84615384615385,100.0,93.84615384615384,50.0,68.49914923785892
2020-05-15,9152.64,2863.7,56.892,32.077999999999996,0.05,0.48,27.33,552543.0,524696.0,27.33,0.21975350761226475,32.077999999999996,0.10655491994339439,63167.0,0.05,0.4171278234076583,77.67548906789413,63.653846153846146,5.0,61.73076923076923,58.139534883720934,98.65384615384616,100.0,94.23076923076923,58.139534883720934,69.53174360964323
2020-05-22,9413.99,2955.45,61.466,29.101999999999997,0.05,0.49,27.33,552543.0,524696.0,27.33,0.2894181039205803,29.101999999999997,0.20541396884383523,63167.0,0.05,0.40299224165683944,77.58620689655173,85.38461538461539,6.34615384615384,61.53846153846154,71.29629629629629,98.46153846153847,100.0,94.03846153846153,71.29629629629629,73.47956331663228
2020-05-29,9555.53,3044.31,61.525,27.9325,0.05,0.49,27.33,552543.0,552543.0,27.33,0.34057009298593144,27.9325,0.20750126549229098,63167.0,0.05,0.376542967733533,77.49712973593572,96.73076923076923,6.92307692307692,69.03846153846153,71.88940092165899,98.26923076923076,100.0,92.5,71.88940092165899,76.03067373166073
2020-06-05,9824.39,3193.93,62.925,26.212,0.08,0.69,28.84,584676.0,552543.0,28.84,0.324525534258469,26.212,0.16789673170932273,47650.0,0.08,0.3975701253838304,83.4862385321101,94.03846153846153,8.269230769230774,68.84615384615384,66.5137614678899,98.07692307692307,93.84615384615384,93.65384615384616,66.5137614678899,76.61208539167255
2020-06-12,9663.78,3041.31,61.133,31.565999999999995,0.08,0.52,28.84,584676.0,552543.0,28.84,0.2921029373815869,31.565999999999995,0.16250957362324336,47650.0,0.08,0.4509789203547301,83.39060710194731,85.76923076923076,5.192307692307693,68.65384615384616,65.75342465753424,97.88461538461539,93.84615384615384,95.96153846153847,65.75342465753424,75.49961773229673
2020-06-19,10008.64,3097.74,66.627,33.92,0.08,0.51,28.84,584676.0,552543.0,28.84,0.2949831668128735,33.92,0.2076894239086131,47650.0,0.08,0.454252064812118,83.29519450800915,86.34615384615385,3.07692307692308,68.46153846153847,72.27272727272728,97.6923076923077,93.84615384615384,96.34615384615385,72.27272727272728,75.98438855195148
2020-06-26,9849.36,3009.05,67.548,32.786,0.08,0.47,28.84,584676.0,552543.0,28.84,0.2839600160603202,32.786,0.15881840249664525,47650.0,0.08,0.5025408984354143,83.2,83.07692307692308,3.8461538461538396,68.26923076923077,63.80090497737556,97.5,93.84615384615384,98.65384615384616,63.80090497737556,75.08547511312217
2020-07-02,10341.89,3130.01,73.395,32.786,0.08,0.47,29.6,613830.0,584676.0,29.6,0.3188999273079718,32.786,0.25468182304578635,72135.0,0.08,0.5376993552115787,88.01369863013699,93.07692307692308,4.038461538461533,82.6923076923077,77.02702702702703,100.0,93.84615384615384,99.61538461538461,77.02702702702703,81.70544242873011
2020-07-10,10836.33,3185.04,79.222,28.4,0.09,0.49,29.6,613830.0,584676.0,29.6,0.36422039369325376,28.4,0.31115921126381574,72135.0,0.09,0.5610301683835393,87.9133409350057,99.03846153846155,6.92307692307692,82.5,78.9237668161435,99.8076923076923,86.92307692307692,100.0,78.9237668161435,82.87312179169241
2020-07-17,10645.22,3224.73,79.006,28.630000000000003,0.09,0.5,29.6,613830.0,584676.0,29.6,0.35869251681578573,28.630000000000003,0.3180052760534844,72135.0,0.09,0.4934969167466674,87.8132118451025,98.07692307692307,6.92307692307692,82.3076923076923,79.91071428571429,99.61538461538461,86.92307692307692,97.88461538461539,79.91071428571429,82.45563687451501
2020-07-24,10483.13,3215.63,77.204,25.107999999999997,0.09,0.45,29.6,613830.0,584676.0,29.6,0.30762072858131817,25.107999999999997,0.2956521044128253,72135.0,0.09,0.47335088951703996,87.71331058020478,90.0,9.807692307692307,82.11538461538461,77.77777777777779,99.42307692307692,86.92307692307692,96.53846153846153,77.77777777777779,81.27620912458796
2020-07-31,10905.88,3271.12,78.713,24.7,0.09,0.44,29.6,613830.0,613830.0,29.6,0.4176736688851912,24.7,0.33138750481433976,64416.0,0.09,0.5277942968179825,87.61363636363636,99.8076923076923,10.0,90.76923076923077,81.85840707964603,98.26923076923076,86.92307692307692,98.84615384615385,81.85840707964603,84.59126028838419
2020-08-07,11139.39,3351.28,80.789,23.178,0.1,0.44,31.16,645547.0,613830.0,31.16,0.4568397401608888,23.178,0.3720829048937826,64416.0,0.1,0.5374674551415379,95.00567536889898,100.0,11.730769230769226,90.57692307692308,84.58149779735683,98.07692307692307,75.76923076923077,99.23076923076923,84.58149779735683,86.53236177659241
2020-08-14,11164.45,3372.85,82.973,22.524,0.1,0.57,31.16,645547.0,613830.0,31.16,0.4682125850362502,22.524,0.43453238710125075,64416.0,0.1,0.5373761021407402,94.89795918367348,100.0,13.07692307692308,90.38461538461539,88.59649122807018,97.88461538461539,75.76923076923077,99.03846153846155,88.59649122807018,86.95462557492633
2020-08-21,11555.16,3397.16,87.978,22.131999999999998,0.1,0.48,31.16,645547.0,613830.0,31.16,0.5479136609694053,22.131999999999998,0.5243022802403172,64416.0,0.1,0.5940194636215732,94.79048697621744,100.0,14.423076923076934,90.1923076923077,94.75982532751091,97.6923076923077,75.76923076923077,100.0,94.75982532751091,87.76484915876381
2020-08-28,11995.85,3508.01,90.455,23.02,0.1,0.6,31.16,645547.0,613830.0,31.16,0.5597256533610715,23.02,0.5319128796824468,64416.0,0.1,0.5868577367094656,94.68325791855203,100.0,11.538461538461547,90.0,95.65217391304348,97.5,75.76923076923077,99.8076923076923,95.65217391304348,87.45186897501475
2020-09-04,11622.13,3426.96,85.255,28.689999999999998,0.09,0.58,30.84,654324.0,645547.0,30.84,0.4800472203898356,28.689999999999998,0.5084075901057912,47115.0,0.09,0.5731349023109895,92.65536723163842,99.61538461538461,6.92307692307692,94.23076923076923,93.93939393939394,95.57692307692308,86.92307692307692,99.61538461538461,93.93939393939394,86.81155130180555
2020-09-11,11087.4,3340.97,83.59,29.2125,0.09,0.54,30.84,654324.0,645547.0,30.84,0.40472193539804513,29.2125,0.48842477837647125,47115.0,0.09,0.5153381427986783,92.55079006772009,98.65384615384616,6.538461538461533,94.03846153846153,92.24137931034483,95.38461538461539,86.92307692307692,97.5,92.24137931034483,86.08621902150158
2020-09-18,10936.98,3319.47,88.027,25.954,0.09,0.56,30.84,654324.0,645547.0,30.84,0.3979561707920316,25.954,0.6184218757536895,47115.0,0.09,0.5170161320891395,92.44644870349494,98.46153846153847,9.230769230769226,93.84615384615384,99.57081545064378,95.1923076923077,86.92307692307692,97.5,99.57081545064378,86.98098667037874
2020-09-25,11151.13,3298.46,88.879,27.622000000000003,0.09,0.54,30.84,654324.0,645547.0,30.84,0.451671400935745,27.622000000000003,0.6844835729869125,47115.0,0.09,0.5557105589211864,92.34234234234235,99.03846153846155,8.461538461538467,93.65384615384616,100.0,95.0,86.92307692307692,99.03846153846155,100.0,87.16269923769923
2020-10-02,11255.69,3348.44,90.416,26.631999999999998,0.09,0.57,31.28,659313.0,654324.0,31.28,0.4515791645710012,26.631999999999998,0.7562200198599316,50096.0,0.09,0.5425161192248753,95.50056242969629,98.84615384615385,9.038461538461533,98.46153846153847,100.0,96.34615384615385,86.92307692307692,98.65384615384616,100.0,88.8385740244008
2020-10-09,11725.85,3477.13,100.641,27.372000000000003,0.09,0.63,31.28,659313.0,654324.0,31.28,0.4949043075620738,27.372000000000003,0.9649138475926409,50096.0,0.09,0.5627652646272967,95.39325842696628,99.61538461538461,8.65384615384616,98.26923076923076,100.0,96.15384615384616,86.92307692307692,99.42307692307692,100.0,88.92288245462402
2020-10-16,11852.17,3483.81,100.641,26.383999999999997,0.09,0.62,31.28,659313.0,654324.0,31.28,0.5062826539780823,26.383999999999997,0.9535355011766324,50096.0,0.09,0.5873477938354812,95.28619528619528,99.61538461538461,9.615384615384613,98.07692307692307,99.57805907172997,95.96153846153847,86.92307692307692,99.8076923076923,99.57805907172997,88.94966034902743
2020-10-23,11692.57,3465.39,97.135,28.568,0.09,0.67,31.28,659313.0,654324.0,31.28,0.4562522885161946,28.568,0.8311070106878744,50096.0,0.09,0.5391924065279914,95.17937219730942,98.65384615384616,7.5,97.88461538461539,99.15966386554622,95.76923076923077,86.92307692307692,98.07692307692307,99.15966386554622,88.2364562106319
2020-10-30,11052.95,3269.96,88.918,36.34,0.09,0.74,31.28,659313.0,659313.0,31.28,0.354333998679111,36.34,0.6603938755221854,50096.0,0.09,0.49208164199323434,95.07278835386337,95.1923076923077,2.6923076923076934,98.46153846153847,97.90794979079497,95.57692307692308,86.92307692307692,95.1923076923077,97.90794979079497,86.83612188062142
2020-11-06,12091.35,3509.44,99.975,30.938,0.09,0.67,32.47,722118.0,659313.0,32.47,0.46457256576819717,30.938,0.770054940434445,48021.0,0.09,0.5574662313836647,99.10514541387025,98.84615384615385,6.730769230769226,98.26923076923076,98.75,95.38461538461539,86.92307692307692,98.84615384615385,98.75,89.05372139046635
2020-11-13,11937.84,3585.15,97.35,24.490000000000002,0.09,0.72,32.47,722118.0,659313.0,32.47,0.435609558993304,24.490000000000002,0.669164288624096,48021.0,0.09,0.5003283003923158,98.99441340782123,97.88461538461539,12.307692307692307,98.07692307692307,97.5103734439834,95.1923076923077,86.92307692307692,95.38461538461539,97.5103734439834,88.76722771827026
2020-11-20,11906.44,3557.54,102.737,23.162,0.09,0.67,32.47,722118.0,659313.0,32.47,0.4393578375372491,23.162,0.7351082661307085,48021.0,0.09,0.4906724620948004,98.88392857142857,97.88461538461539,13.461538461538453,97.88461538461539,97.93388429752066,95.0,86.92307692307692,94.03846153846153,97.93388429752066,88.63748183634547
2020-11-27,12258.21,3638.35,109.475,21.5975,0.09,0.68,32.47,722118.0,659313.0,32.47,0.45867167717000146,21.5975,0.7660682025243573,48021.0,0.09,0.5571164575941518,98.7736900780379,98.65384615384616,17.5,97.6923076923077,98.35390946502058,94.8076923076923,86.92307692307692,98.65384615384616,98.35390946502058,89.78243665441732
2020-12-04,12528.48,3699.12,114.773,20.916,0.09,0.81,33.77,778037.0,722118.0,33.77,0.4919528376146338,20.916,0.8861707378691837,108063.0,0.09,0.5795729011795614,100.0,99.23076923076923,18.269230769230774,100.0,99.18032786885246,100.0,86.92307692307692,99.42307692307692,99.18032786885246,91.56610970996216
2020-12-11,12375.41,3663.46,121.316,22.016,0.09,0.79,33.77,778037.0,722118.0,33.77,0.4580387407204065,22.016,1.074125734336993,108063.0,0.09,0.5447226052768646,99.88876529477196,98.26923076923076,16.538461538461533,99.8076923076923,100.0,99.8076923076923,86.92307692307692,97.6923076923077,100.0,91.01429152049286
2020-12-18,12738.18,3709.41,124.675,22.722,0.09,0.82,33.77,778037.0,722118.0,33.77,0.46778759899475597,22.722,1.0395024965306336,108063.0,0.09,0.5878922716674433,99.77777777777777,98.65384615384616,14.423076923076934,99.61538461538461,99.59349593495935,99.61538461538461,86.92307692307692,99.8076923076923,99.59349593495935,91.03990514905148
2020-12-24,12711.01,3703.06,130.287,22.722,0.09,0.82,33.77,778037.0,722118.0,33.77,0.44921206068193076,22.722,1.1521056991263952,108063.0,0.09,0.6021657073850863,99.66703662597114,97.11538461538461,14.615384615384613,99.42307692307692,100.0,99.42307692307692,86.92307692307692,100.0,100.0,90.85840732519422
2020-12-31,12888.28,3756.07,123.471,23.5575,0.09,0.81,33.77,778037.0,778037.0,33.77,0.46559319528309406,23.5575,1.0492960013928065,75588.5,0.09,0.567874524627519,99.55654101995566,98.46153846153847,13.07692307692308,100.0,99.19354838709677,99.23076923076923,86.92307692307692,98.65384615384616,99.19354838709677,90.63643227347004
2021-01-08,13105.2,3824.68,141.314,24.262,0.09,0.99,34.51,798605.0,778037.0,34.51,0.4615508150210115,24.262,1.3148647612295283,75588.5,0.09,0.5663548462657026,100.0,98.07692307692307,12.5,99.8076923076923,100.0,99.03846153846155,86.92307692307692,98.46153846153847,100.0,90.60961538461538
2021-01-15,12803.93,3768.25,140.749,23.442,0.09,0.98,34.51,798605.0,778037.0,34.51,0.3957169003229877,23.442,1.2820031689272453,75588.5,0.09,0.532601519446326,99.88938053097345,95.38461538461539,13.461538461538453,99.61538461538461,99.6,98.84615384615385,86.92307692307692,95.57692307692308,99.6,89.82441456773316
2021-01-22,13366.4,3841.47,144.885,22.0125,0.09,0.97,34.51,798605.0,778037.0,34.51,0.46217183888368063,22.0125,1.3396498238186456,75588.5,0.09,0.5660862319037088,99.77900552486187,98.07692307692307,17.692307692307693,99.42307692307692,100.0,98.65384615384616,86.92307692307692,98.26923076923076,100.0,90.9288780280493
2021-01-29,12925.38,3714.24,136.315,29.344,0.09,1.0,34.51,798605.0,778037.0,34.51,0.43750938385210025,29.344,1.249453479823686,75588.5,0.09,0.5672550679710915,99.66887417218543,96.15384615384616,6.92307692307692,99.23076923076923,98.80952380952381,98.46153846153847,86.92307692307692,98.46153846153847,98.80952380952381,89.4454964461587
2021-02-05,13603.96,3886.83,148.237,24.27,0.08,1.1,35.1,813680.0,798605.0,35.1,0.4470604503728286,24.27,1.2634846318192026,77777.0,0.08,0.6376379470674727,100.0,96.34615384615385,12.692307692307693,100.0,98.81422924901186,99.23076923076923,93.84615384615384,100.0,98.81422924901186,90.5968075402858
2021-02-12,13807.7,3934.83,155.299,21.216,0.08,1.09,35.1,813680.0,798605.0,35.1,0.43477791009167066,21.216,1.2670140175353304,77777.0,0.08,0.5991847317251784,99.8898678414097,95.38461538461539,19.615384615384613,99.8076923076923,98.81889763779527,99.03846153846155,93.84615384615384,99.61538461538461,98.81889763779527,91.03101717821531
2021-02-19,13580.78,3906.71,151.361,21.875,0.08,1.23,35.1,813680.0,798605.0,35.1,0.4376231251369527,21.875,1.1992821552588588,77777.0,0.08,0.547181334314069,99.77997799779979,95.96153846153847,18.269230769230774,99.61538461538461,97.6470588235294,98.84615384615385,93.84615384615384,96.15384615384616,97.6470588235294,90.24377840498983
2021-02-26,12909.44,3811.15,129.293,24.948,0.08,1.3,35.1,813680.0,798605.0,35.1,0.5256085267607598,24.948,0.9728069321764383,77777.0,0.08,0.47924353474723147,99.67032967032966,99.61538461538461,11.730769230769226,99.42307692307692,95.703125,98.65384615384616,93.84615384615384,91.15384615384615,95.703125,88.9986092032967
2021-03-05,12668.51,3841.94,116.112,25.470000000000002,0.07,1.42,35.04,822551.0,813680.0,35.04,0.48511196505649257,25.470000000000002,0.7900325436140279,110559.0,0.07,0.40526625742688016,99.5609220636663,98.84615384615385,11.15384615384616,100.0,93.77431906614785,100.0,98.26923076923077,86.73076923076923,93.77431906614785,88.27615478088651
2021-03-12,12937.29,3943.34,125.643,22.932,0.07,1.5,35.04,822551.0,813680.0,35.04,0.6181199860917594,22.932,1.3723120024837492,110559.0,0.07,0.41003742715101854,99.4517543859649,100.0,15.192307692307693,99.8076923076923,100.0,99.8076923076923,98.26923076923077,86.73076923076923,100.0,89.3557354925776
2021-03-19,12866.99,3913.1,121.359,20.316,0.07,1.58,35.04,822551.0,813680.0,35.04,0.8396420508729263,20.316,1.4342256013432109,110559.0,0.07,0.4652111095776619,99.34282584884994,100.0,21.92307692307692,99.61538461538461,100.0,99.61538461538461,98.26923076923077,90.0,100.0,90.4339497851546
2021-03-26,12979.12,3974.54,113.037,19.81,0.07,1.53,35.04,822551.0,813680.0,35.04,0.7103963038175525,19.81,0.9270809466374386,110559.0,0.07,0.46716034620935454,99.23413566739606,99.8076923076923,24.615384615384613,99.42307692307692,93.84615384615384,99.42307692307692,98.26923076923077,90.0,93.84615384615384,89.97951944117152
2021-04-01,13329.52,4019.87,119.861,19.81,0.07,1.53,36.72,847186.0,822551.0,36.72,0.7706330008461622,19.81,1.2737651602368685,104685.0,0.07,0.5285355370887093,100.0,99.8076923076923,24.807692307692307,100.0,98.08429118773945,98.46153846153847,98.26923076923077,94.23076923076923,98.08429118773945,91.16996758031242
2021-04-09,13845.06,4128.8,122.251,17.366,0.07,1.51,36.72,847186.0,822551.0,36.72,0.6805255306468507,17.366,0.9590296890443941,104685.0,0.07,0.5344248168478973,99.89082969432314,99.42307692307692,35.96153846153847,99.8076923076923,93.89312977099237,98.26923076923076,98.26923076923077,94.8076923076923,93.89312977099237,91.82132506981
2021-04-16,14041.91,4185.47,123.362,16.674,0.07,1.43,36.72,847186.0,822551.0,36.72,0.5898163694846594,16.674,0.8204450505458196,104685.0,0.07,0.5384347152671858,99.78189749182116,99.03846153846155,40.38461538461539,99.61538461538461,92.01520912547528,98.07692307692307,98.26923076923077,95.38461538461539,92.01520912547528,92.03097733398867
2021-04-23,13941.44,4180.17,122.688,17.901999999999997,0.07,1.42,36.72,847186.0,822551.0,36.72,0.5866706120683769,17.901999999999997,0.7742576872042244,104685.0,0.07,0.5287976558614842,99.67320261437908,98.84615384615385,32.69230769230769,99.42307692307692,91.28787878787878,97.88461538461539,98.26923076923077,93.84615384615384,91.28787878787878,90.84996686320216
2021-04-30,13860.76,4181.17,119.782,17.740000000000002,0.07,1.49,36.72,847186.0,847186.0,36.72,0.5898685276055322,17.740000000000002,0.74506324627361,94666.0,0.07,0.47779573723155844,99.56474428726877,99.03846153846155,35.0,100.0,89.81132075471699,97.6923076923077,98.26923076923077,90.1923076923077,89.81132075471699,90.46138862523316
2021-05-07,13719.63,4232.6,108.822,18.404,0.06,1.46,36.55,861626.0,847186.0,36.55,0.4879727992972065,18.404,0.4179083173793847,94666.0,0.06,0.4216217638711288,99.45652173913044,97.3076923076923,30.384615384615387,99.8076923076923,75.93984962406014,97.5,98.26923076923077,85.96153846153847,75.93984962406014,87.68528931023211
2021-05-28,13686.51,4204.11,111.183,17.619999999999997,0.06,1.44,36.55,861626.0,847186.0,36.55,0.4953619939165095,17.619999999999997,0.4589198031727122,94666.0,0.06,0.4436682245819632,99.3485342019544,97.6923076923077,35.96153846153847,99.61538461538461,78.65168539325843,97.3076923076923,98.26923076923077,87.11538461538461,78.65168539325843,88.64833691817826
2021-06-04,13770.77,4229.89,108.614,17.46,0.08,1.42,36.7,882103.0,847186.0,36.7,0.4627984520909838,17.46,0.30425975895252,82188.0,0.08,0.42395082108152216,99.45770065075922,95.76923076923077,36.53846153846154,99.42307692307692,66.04477611940298,97.11538461538461,91.73076923076923,85.96153846153847,66.04477611940298,86.99986389593829
2021-06-11,13998.3,4247.44,115.17,16.626,0.08,1.31,36.7,882103.0,847186.0,36.7,0.4649422899619382,16.626,0.40697969297182857,82188.0,0.08,0.42285381582199366,99.34994582881906,95.96153846153847,41.15384615384615,99.23076923076923,75.46468401486989,96.92307692307692,91.73076923076923,85.76923076923076,75.46468401486989,88.31261141340464
2021-06-18,14049.58,4166.45,117.927,18.002,0.08,1.19,36.7,882103.0,861626.0,36.7,0.43007148535430706,18.002,0.44401671488407213,82188.0,0.08,0.46501031443813257,99.24242424242425,92.3076923076923,31.34615384615384,100.0,77.77777777777779,96.73076923076923,91.73076923076923,88.46153846153845,77.77777777777779,87.61664724164724
2021-06-25,14345.18,4280.7,124.463,16.492,0.08,1.26,36.7,882103.0,861626.0,36.7,0.48442741867054084,16.492,0.5515106180690268,82188.0,0.08,0.4370662751807344,99.13513513513513,96.73076923076923,41.92307692307692,99.8076923076923,85.23985239852398,96.53846153846153,91.73076923076923,86.73076923076923,85.23985239852398,89.60678149764865
2021-07-02,14727.63,4352.34,127.101,15.632,0.1,1.2,37.44,844324.0,882103.0,37.44,0.47149163123061677,15.632,0.43615842055019294,113244.0,0.1,0.4663462672366685,100.0,96.34615384615385,46.92307692307692,100.0,75.73529411764706,100.0,69.42307692307692,88.84615384615384,75.73529411764706,90.15429864253394
2021-07-09,14826.09,4369.55,124.592,16.955,0.1,1.14,37.44,844324.0,882103.0,37.44,0.5052846073247399,16.955,0.339211158649086,113244.0,0.1,0.49832393136995523,99.89212513484358,97.6923076923077,39.23076923076923,99.8076923076923,68.4981684981685,99.8076923076923,69.61538461538461,91.92307692307692,68.4981684981685,89.1993957229394
2021-07-16,14681.38,4327.16,115.576,17.016,0.1,1.06,37.44,844324.0,882103.0,37.44,0.4196031866515695,17.016,0.15510898720223532,113244.0,0.1,0.4690929200432148,99.78448275862068,91.53846153846153,38.653846153846146,99.61538461538461,50.72992700729927,99.61538461538461,69.8076923076923,89.03846153846153,50.72992700729927,86.10873540630021
2021-07-23,15111.79,4411.79,121.428,19.006,0.1,1.08,37.44,844324.0,882103.0,37.44,0.39454870791125796,19.006,0.13820734470039042,113244.0,0.1,0.4739260128906073,99.67707212055974,90.38461538461539,26.923076923076934,99.42307692307692,50.18181818181818,99.42307692307692,70.0,89.61538461538461,50.18181818181818,84.74398085767838
2021-07-30,14959.9,4395.26,119.018,18.238,0.1,1.05,37.44,844324.0,844324.0,37.44,0.4053161888622312,18.238,0.10112635980495854,113244.0,0.1,0.4665864047003274,99.56989247311829,91.15384615384615,30.57692307692308,97.88461538461539,50.0,99.23076923076923,70.1923076923077,88.26923076923077,45.289855072463766,84.65436311000826
2021-08-06,15109.36,4436.52,122.003,17.78,0.09,1.1,37.97,911545.0,844324.0,37.97,0.4413023591236589,17.78,0.1389655026451615,65912.5,0.09,0.496796093012813,100.0,92.88461538461539,34.230769230769226,97.6923076923077,50.54151624548736,91.92307692307692,84.23076923076923,91.73076923076923,50.54151624548736,84.7560747014718
2021-08-13,15136.68,4468.0,119.117,16.122,0.09,1.06,37.97,911545.0,844324.0,37.97,0.387937516275624,16.122,0.12537032359834877,65912.5,0.09,0.4736991298497588,99.89270386266095,89.8076923076923,43.84615384615385,97.5,50.0,91.73076923076923,84.23076923076923,89.23076923076924,49.280575539568346,84.83431000330143
2021-08-20,15092.57,4441.67,114.852,19.166,0.09,1.03,37.97,911545.0,844324.0,37.97,0.3548829873089998,19.166,0.06674619488164502,65912.5,0.09,0.4695737166766758,99.78563772775992,87.88461538461539,26.153846153846146,97.3076923076923,50.0,91.53846153846153,84.23076923076923,88.46153846153845,40.86021505376344,82.63405062247506
2021-08-27,15432.95,4509.37,121.031,17.278,0.09,1.09,37.97,911545.0,844324.0,37.97,0.38232962662737524,17.278,0.07634970279303865,65912.5,0.09,0.5097200122823557,99.67880085653104,89.61538461538461,36.346153846153854,97.11538461538461,50.0,91.34615384615384,84.23076923076923,92.6923076923077,41.785714285714285,84.41076017130621
2021-09-03,15652.86,4535.43,124.046,16.32,0.08,1.12,37.62,903117.0,911545.0,37.62,0.3546207927886762,16.32,0.05534533510693418,79068.0,0.08,0.5134077231235255,99.57219251336899,87.5,42.50000000000001,100.0,50.0,95.38461538461539,92.6923076923077,92.6923076923077,39.8576512455516,85.87597696421227
2021-09-10,15440.75,4458.58,119.474,18.9625,0.08,1.12,37.62,903117.0,911545.0,37.62,0.28717431445041397,18.9625,0.03363713875836405,79068.0,0.08,0.4805629507910367,99.46581196581197,74.8076923076923,26.34615384615384,99.8076923076923,50.0,95.1923076923077,92.6923076923077,89.8076923076923,34.04255319148936,82.22008547008545
2021-09-17,15333.47,4432.99,120.506,19.302,0.08,1.14,37.62,903117.0,911545.0,37.62,0.3193338914639572,19.302,0.09414332394862868,79068.0,0.08,0.5199596834761031,99.35965848452508,82.6923076923077,24.42307692307692,99.61538461538461,50.0,95.0,92.6923076923077,93.07692307692308,45.22968197879859,83.37962400459733
2021-09-24,15329.68,4455.48,116.171,21.464,0.08,1.18,37.62,903117.0,911545.0,37.62,0.38262171473925366,21.464,0.007149789029139653,79068.0,0.08,0.497893484222371,99.25373134328358,89.61538461538461,18.461538461538467,99.42307692307692,50.0,94.8076923076923,92.6923076923077,91.15384615384615,30.633802816901408,83.24113088404133
2021-10-01,14791.87,4357.04,110.26,21.772,0.08,1.21,37.25,935862.0,903117.0,37.25,0.3524638428524145,21.772,-0.0998936087197051,68236.0,0.08,0.47690079896995363,98.61554845580405,86.73076923076923,17.307692307692307,99.23076923076923,50.0,92.11538461538461,92.6923076923077,88.65384615384615,3.508771929824561,81.83849430654541
2021-10-08,14820.75,4391.34,109.695,20.714,0.08,1.29,37.25,935862.0,903117.0,37.25,0.32908055058097263,20.714,-0.09487449515730684,68236.0,0.08,0.4360391964089221,98.51063829787235,84.42307692307692,19.615384615384613,99.03846153846155,50.0,91.92307692307692,92.6923076923077,83.84615384615385,4.895104895104895,80.98674304418985
2021-10-15,15146.92,4471.37,114.852,18.330000000000002,0.08,1.18,37.25,935862.0,903117.0,37.25,0.345712257533745,18.330000000000002,-0.07545035698516944,68236.0,0.08,0.49759282564532437,98.40595111583423,85.57692307692307,29.230769230769226,98.84615384615385,50.0,91.73076923076923,92.88461538461539,90.96153846153847,11.149825783972126,83.06965176162839
2021-10-22,15355.07,4544.9,116.786,15.588,0.08,1.18,37.25,935862.0,903117.0,37.25,0.3095059206795243,15.588,-0.14908422375679908,68236.0,0.08,0.5029389583784982,98.30148619957538,80.0,47.11538461538461,98.65384615384616,50.0,91.53846153846153,93.07692307692308,91.92307692307692,0.6944444444444444,84.24875877837661
2021-10-29,15850.47,4605.38,120.287,16.198,0.08,1.07,37.25,935862.0,935862.0,37.25,0.3373475068278635,16.198,-0.14213879467277768,68236.0,0.08,0.5662639383613395,98.19724284199364,84.8076923076923,43.07692307692308,100.0,50.0,91.34615384615384,93.26923076923077,97.6923076923077,1.384083044982699,85.47983318378334
2021-11-05,16359.38,4697.53,121.289,15.892000000000001,0.08,1.06,38.58,918598.0,935862.0,38.58,0.3991261117102569,15.892000000000001,-0.1504618815151677,87786.5,0.08,0.6205353310687056,100.0,90.57692307692308,45.38461538461539,99.8076923076923,50.0,96.15384615384616,93.46153846153847,99.8076923076923,0.6896551724137931,87.76730769230768
2021-11-12,16199.89,4682.85,117.52,17.536,0.08,1.05,38.58,918598.0,935862.0,38.58,0.46566210830592714,17.536,-0.14399495429886455,87786.5,0.08,0.606101293235769,99.89417989417989,95.57692307692308,34.42307692307692,99.61538461538461,50.0,95.96153846153847,93.46153846153847,99.61538461538461,1.718213058419244,87.15768213268213
2021-11-19,16573.34,4697.96,112.313,17.094,0.08,1.02,38.58,918598.0,935862.0,38.58,0.3706773850728,17.094,-0.2472665323596217,87786.5,0.08,0.6651519563458248,99.78858350951374,88.65384615384615,36.73076923076923,99.42307692307692,50.0,95.76923076923077,93.46153846153847,100.0,0.0,86.53079362497968
2021-11-26,16025.58,4594.62,106.243,21.4375,0.08,0.98,38.58,918598.0,935862.0,38.58,0.3424187290163043,21.4375,-0.2510679329197456,87786.5,0.08,0.6545477769838319,99.68321013727561,84.61538461538461,17.115384615384613,99.23076923076923,50.0,95.57692307692308,93.46153846153847,99.8076923076923,0.0,83.9712574120705
2021-12-03,15712.04,4538.43,92.765,27.978,0.08,0.75,38.31,910021.0,918598.0,38.31,0.31962534561128275,27.978,-0.41668872102617704,76640.5,0.08,0.6831478434950751,99.57805907172997,80.96153846153847,5.769230769230774,99.03846153846155,50.0,93.07692307692308,93.46153846153847,100.0,0.0,81.99638104511523
2021-12-10,16331.98,4712.02,95.383,21.848,0.08,0.81,38.31,910021.0,918598.0,38.31,0.33232992418958407,21.848,-0.4610533770326989,76640.5,0.08,0.643111492349554,99.4731296101159,83.46153846153847,15.384615384615387,98.84615384615385,50.0,92.88461538461539,93.65384615384616,99.42307692307692,0.0,83.08693361433087
2021-12-17,15801.46,4620.64,96.405,20.726,0.08,0.75,38.31,910021.0,918598.0,38.31,0.2612431835306437,20.726,-0.42128082304516357,76640.5,0.08,0.6345107003426957,99.36842105263159,63.84615384615384,18.269230769230774,98.65384615384616,50.0,92.6923076923077,93.84615384615384,99.03846153846155,0.33783783783783783,80.87945344129554
2021-12-23,16308.21,4725.79,98.259,20.726,0.08,0.75,38.31,910021.0,918598.0,38.31,0.31779149135260965,20.726,-0.5078488621858056,76640.5,0.08,0.655182758226571,99.26393270241851,80.0,18.269230769230774,98.46153846153847,50.0,92.5,94.03846153846153,99.61538461538461,0.0,82.8200942327914
2021-12-31,16320.08,4766.18,94.59,17.344,0.08,0.79,38.31,910021.0,910021.0,38.31,0.2811940167276643,17.344,-0.5225014159656831,121156.5,0.08,0.7268180626673448,99.15966386554622,69.61538461538461,35.0,97.5,50.0,100.0,94.23076923076923,100.0,0.0,84.23577892695539
2022-01-07,15592.19,4677.03,84.42,18.322,0.08,0.89,36.94,829637.0,910021.0,36.94,0.2266680617826593,18.322,-0.5787139297510675,121156.5,0.08,0.5992066969593717,97.16684155299056,55.38461538461539,28.07692307692308,97.3076923076923,50.0,99.8076923076923,94.42307692307692,97.88461538461539,0.0,81.05644523367503
2022-01-14,15611.59,4662.85,80.24,18.986,0.08,0.79,36.94,829637.0,910021.0,36.94,0.21130127526714193,18.986,-0.5614320752120683,121156.5,0.08,0.5890893684432315,97.06498951781971,50.0,24.42307692307692,97.11538461538461,50.0,99.61538461538461,94.42307692307692,97.3076923076923,0.33333333333333337,79.8745363651024
2022-01-21,14438.4,4397.94,71.52,25.27,0.08,0.74,36.94,829637.0,910021.0,36.94,0.10173061074993117,25.27,-0.5956236432874009,121156.5,0.08,0.4932203484565658,96.96335078534032,25.192307692307693,7.884615384615387,96.92307692307692,50.0,99.42307692307692,94.42307692307692,89.23076923076924,0.0,73.9484393878373
2022-01-28,14454.61,4431.85,68.91,30.233999999999998,0.08,0.63,36.94,829637.0,910021.0,36.94,0.12891979259492992,30.233999999999998,-0.6393248398776814,121156.5,0.08,0.47107212059863746,96.86192468619247,31.538461538461537,4.038461538461533,96.73076923076923,50.0,99.23076923076923,94.42307692307692,86.73076923076923,0.0,73.86661570646926
2022-02-04,14694.35,4500.53,72.75,23.29,0.08,0.62,35.29,835255.0,829637.0,35.29,0.09934986234139331,23.29,-0.5972274894249423,40144.5,0.08,0.47604859087958373,95.61128526645768,24.615384615384617,10.961538461538467,92.6923076923077,50.0,80.96153846153847,94.42307692307692,87.6923076923077,0.33003300330033003,70.15494936098384
2022-02-11,14253.84,4418.64,71.9,23.106,0.08,0.42,35.29,835255.0,829637.0,35.29,0.10277918328126523,23.106,-0.5753243910720439,40144.5,0.08,0.4405441177138052,95.51148225469728,25.192307692307693,11.92307692307692,92.5,50.0,80.76923076923077,94.42307692307692,84.03846153846153,1.3157894736842104,69.68883491247792
2022-02-18,14009.54,4348.87,64.8,26.836000000000002,0.08,0.45,35.29,835255.0,829637.0,35.29,0.029813377869385205,26.836000000000002,-0.5926755512808817,40144.5,0.08,0.42050643345581684,95.4118873826903,9.807692307692308,6.538461538461533,92.3076923076923,50.0,80.57692307692308,94.42307692307692,82.3076923076923,0.9836065573770493,66.96122363038421
2022-02-25,14189.16,4384.65,67.82,29.435,0.08,0.42,35.29,835255.0,829637.0,35.29,0.027626614135590977,29.435,-0.5909206469368324,40144.5,0.08,0.4314566038538865,95.3125,9.423076923076923,4.230769230769226,92.11538461538461,50.0,80.38461538461539,94.42307692307692,83.46153846153847,1.3071895424836601,66.77403846153847
2022-03-04,13837.83,4328.87,60.23,31.333999999999996,0.2,0.24,34.27,799660.0,835255.0,34.27,0.018927484282935003,31.333999999999996,-0.6210046375786982,77495.5,0.2,0.40148276219631507,93.96462018730489,8.076923076923077,3.653846153846146,92.6923076923077,50.0,92.11538461538461,43.46153846153846,81.15384615384616,0.32573289902280134,67.80253942207636
2022-03-11,13301.83,4204.31,55.58,33.002,0.2,0.25,34.27,799660.0,835255.0,34.27,0.03039558648554852,33.002,-0.600519259074165,77495.5,0.2,0.3604243115811949,93.86694386694387,10.384615384615385,2.115384615384613,92.5,50.0,91.92307692307692,43.65384615384615,78.84615384615384,0.6493506493506493,67.49646569646569
2022-03-18,14420.08,4463.12,65.77,27.562,0.2,0.17,34.27,799660.0,835255.0,34.27,0.13826172138633508,27.562,-0.5718258663498186,77495.5,0.2,0.4283514858715971,93.76947040498442,33.07692307692307,6.92307692307692,92.3076923076923,50.0,91.73076923076923,43.84615384615385,83.65384615384616,2.912621359223301,71.33850946561226
2022-03-25,14754.31,4543.06,64.51,22.504,0.2,0.18,34.27,799660.0,835255.0,34.27,0.14044827007820015,22.504,-0.627009399627797,77495.5,0.2,0.40960624749149344,93.67219917012449,33.84615384615385,14.615384615384613,92.11538461538461,50.0,91.53846153846153,44.03846153846154,81.92307692307692,0.3225806451612903,71.8575167571018
2022-04-01,14861.21,4545.86,67.54,19.61,0.33,-0.05,33.89,772940.0,799660.0,33.89,0.15498729695134594,19.61,-0.5984566729349977,102175.5,0.33,0.4054307255062828,93.57512953367876,37.5,23.461538461538467,89.61538461538461,50.0,95.76923076923077,42.50000000000001,81.92307692307692,1.2861736334405145,73.34579513750498
2022-04-08,14327.26,4488.28,60.65,20.881999999999998,0.33,0.19,33.89,772940.0,799660.0,33.89,0.10386990797527096,20.881999999999998,-0.567319928764924,102175.5,0.33,0.3581840767476241,93.47826086956522,25.961538461538463,19.230769230769226,89.42307692307693,50.0,95.57692307692308,42.69230769230769,78.84615384615384,3.8461538461538463,70.99372909698997
2022-04-14,13893.21,4392.59,58.99,20.881999999999998,0.33,0.19,33.89,772940.0,799660.0,33.89,0.042288844609558174,20.881999999999998,-0.5501354335751099,102175.5,0.33,0.31467018251968826,93.38159255429163,14.038461538461538,19.42307692307692,89.23076923076924,50.0,95.38461538461539,42.88461538461539,72.5,4.472843450479233,68.54747235701217
2022-04-22,13356.87,4271.78,52.46,22.95,0.33,0.18,33.89,772940.0,799660.0,33.89,-0.03526095228189685,22.95,-0.5356219034820642,102175.5,0.33,0.2817239534201321,93.28512396694215,1.7307692307692308,13.269230769230774,89.03846153846153,50.0,95.1923076923077,43.07692307692308,64.42307692307693,4.777070063694268,65.16087094723459
2022-04-29,12854.8,4131.93,47.13,31.106,0.33,0.19,33.89,772940.0,772940.0,33.89,-0.08454049342290337,31.106,-0.5334131714009483,102175.5,0.33,0.2493499250293023,93.18885448916409,0.0,4.230769230769226,87.11538461538461,50.0,95.0,43.269230769230774,52.88461538461539,5.079365079365079,61.92430935937128
2022-05-06,12693.53,4123.34,45.63,29.68,0.77,0.4,30.67,752944.0,772940.0,30.67,-0.08951083962632267,29.68,-0.5385701462891703,-2167.0,0.77,0.21927431128667907,84.12371134020619,0.0,4.807692307692307,86.92307692307692,50.0,51.92307692307693,30.192307692307693,41.92307692307693,4.746835443037975,52.02858842188739
2022-05-13,12387.4,4023.89,43.6,32.188,0.77,0.32,30.67,752944.0,772940.0,30.67,-0.10629720159644929,32.188,-0.5297082082314046,-2167.0,0.77,0.21282208122841695,84.03707518022657,0.0,2.884615384615387,86.73076923076923,50.0,51.73076923076923,30.384615384615387,38.26923076923077,5.678233438485805,51.20741503604531
2022-05-20,11835.62,3901.36,42.41,28.662,0.77,0.18,30.67,752944.0,772940.0,30.67,-0.13732221641545717,28.662,-0.472958792939269,-2167.0,0.77,0.206102759893402,83.9506172839506,0.0,6.15384615384616,86.53846153846155,50.0,51.53846153846153,30.57692307692308,35.96153846153846,6.60377358490566,51.10743114909781
2022-05-27,12681.42,4158.24,45.41,27.904000000000003,0.77,0.27,30.67,752944.0,772940.0,30.67,-0.07343654445143433,27.904000000000003,-0.5181377070078715,-2167.0,0.77,0.23585771843738912,83.86433710174718,0.9615384615384616,7.307692307692307,86.34615384615385,50.0,51.34615384615384,30.769230769230774,48.26923076923077,6.269592476489027,53.10363665111866
2022-06-03,12548.03,4108.54,43.16,25.586000000000002,1.21,0.3,29.05,683445.0,752944.0,29.05,-0.08879242046741032,25.586000000000002,-0.5138370748094417,81604.0,1.21,0.26487725671127516,75.97535934291582,0.576923076923077,9.807692307692307,86.15384615384616,50.0,92.6923076923077,22.692307692307693,59.80769230769231,6.5625,59.62776417627547
2022-06-10,11832.82,3900.86,40.11,25.378,1.21,0.09,29.05,683445.0,752944.0,29.05,-0.1546959273626083,25.378,-0.4970362945701867,81604.0,1.21,0.24262425545011057,75.8974358974359,0.0,10.192307692307693,85.96153846153847,50.0,92.5,22.884615384615387,50.57692307692307,7.165109034267912,58.13333333333333
2022-06-17,11265.99,3674.84,38.8,32.082,1.21,0.08,29.05,683445.0,752944.0,29.05,-0.1981262073314647,32.082,-0.472856688867031,81604.0,1.21,0.23993856492432775,75.81967213114754,0.0,3.07692307692308,85.76923076923076,50.0,92.3076923076923,23.076923076923066,50.0,7.763975155279502,57.2562421185372
2022-06-24,12105.85,3911.74,45.83,29.29,1.21,0.09,29.05,683445.0,752944.0,29.05,-0.15610330438516629,29.29,-0.4756748144131915,81604.0,1.21,0.2636625729275286,75.74206755373592,0.19230769230769232,5.769230769230774,85.57692307692307,50.0,92.11538461538461,23.26923076923076,59.61538461538461,7.430340557275541,58.911875049208724
2022-07-01,11585.68,3825.33,41.22,27.776,1.68,0.04,29.0,696781.0,683445.0,29.0,-0.21333710855039123,27.776,-0.4623538773584529,46408.0,1.68,0.20251103021578687,75.66462167689161,0.0,8.07692307692308,84.61538461538461,50.0,79.23076923076923,15.769230769230774,34.80769230769231,8.333333333333332,53.277155104609086
2022-07-08,12125.69,3899.38,46.86,26.504,1.68,-0.03,29.0,696781.0,683445.0,29.0,-0.1821383790331773,26.504,-0.4417540057106265,46408.0,1.68,0.25517558910142557,75.58733401430031,0.38461538461538464,9.42307692307692,84.42307692307692,50.0,79.03846153846153,15.961538461538467,57.49999999999999,8.923076923076923,56.782851418244675
2022-07-15,11983.62,3863.16,44.11,26.182,1.68,-0.2,29.0,696781.0,683445.0,29.0,-0.1837538433035586,26.182,-0.4345925261849165,46408.0,1.68,0.23641993454648969,75.51020408163265,0.38461538461538464,10.192307692307693,84.23076923076923,50.0,78.84615384615384,16.153846153846146,48.65384615384615,9.202453987730062,55.4539638932496
2022-07-22,12396.47,3961.63,46.25,23.964,1.68,-0.21,29.0,696781.0,683445.0,29.0,-0.1796822216296019,23.964,-0.43943363303324356,46408.0,1.68,0.24612169633996728,75.43323139653415,0.7692307692307693,13.461538461538453,84.03846153846153,50.0,78.65384615384615,16.34615384615384,52.69230769230769,9.174311926605505,56.353953971614516
2022-07-29,12947.97,4130.29,45.13,22.99,1.68,-0.22,29.0,696781.0,696781.0,29.0,-0.1344881984505244,22.99,-0.48632545998769494,46408.0,1.68,0.26501997359859697,75.35641547861506,1.5384615384615385,15.192307692307693,84.61538461538461,50.0,78.46153846153847,16.538461538461533,61.15384615384616,7.317073170731707,57.94820617264608
2022-08-05,13207.69,4145.19,50.07,22.262,2.33,-0.41,30.7,687787.0,696781.0,30.7,-0.12586039382210767,22.262,-0.4637398619093087,33662.0,2.33,0.2775493929360764,84.33367243133264,1.7307692307692308,17.5,84.42307692307692,50.0,76.73076923076924,5.769230769230774,64.61538461538461,8.51063829787234,60.222503717035764
2022-08-12,13565.87,4280.15,52.01,20.506,2.33,-0.41,30.7,687787.0,696781.0,30.7,-0.10377506824481986,20.506,-0.45959539944660965,33662.0,2.33,0.30366953967411114,84.2479674796748,2.1153846153846154,22.692307692307693,84.23076923076923,50.0,76.53846153846153,5.961538461538467,72.3076923076923,9.393939393939393,61.861131957473425
2022-08-19,13242.9,4228.48,44.69,19.94,2.33,-0.27,30.7,687787.0,696781.0,30.7,-0.12255500554246224,19.94,-0.48833553184478395,33662.0,2.33,0.28316310124872013,84.16243654822335,1.9230769230769231,24.807692307692307,84.03846153846153,50.0,76.34615384615384,6.15384615384616,67.11538461538461,7.250755287009064,61.19017961733697
2022-08-26,12605.17,4057.66,42.84,23.613999999999997,2.33,-0.33,30.7,687787.0,696781.0,30.7,-0.18323003703115737,23.613999999999997,-0.46281105987789906,33662.0,2.33,0.2530023606142302,84.07707910750507,0.576923076923077,13.84615384615384,83.84615384615385,50.0,76.15384615384615,6.34615384615384,56.15384615384615,9.036144578313253,58.2077235138087
2022-09-02,12098.44,3924.26,40.59,25.863999999999997,2.56,-0.2,28.23,664009.0,687787.0,28.23,-0.22707799085917846,25.863999999999997,-0.44570468653469153,32752.5,2.56,0.24235970826380981,72.03647416413374,0.0,10.576923076923066,83.65384615384616,50.0,75.96153846153845,0.0,51.153846153846146,10.21021021021021,54.58998714051905
2022-09-09,12588.29,4067.36,44.6,24.788,2.56,-0.23,28.23,664009.0,687787.0,28.23,-0.1847358450852452,24.788,-0.44196117686095227,32752.5,2.56,0.2468992615925807,71.96356275303644,0.576923076923077,12.115384615384613,83.46153846153847,50.0,75.76923076923077,0.1923076923076934,53.26923076923077,10.479041916167663,55.05232793522267
2022-09-16,11861.38,3873.33,42.58,25.974,2.56,-0.4,28.23,664009.0,687787.0,28.23,-0.22643863391652386,25.974,-0.4202179640951934,32752.5,2.56,0.21017700320250765,71.89079878665319,0.19230769230769232,10.384615384615387,83.26923076923077,50.0,75.57692307692308,0.3846153846153868,37.69230769230769,11.940298507462686,52.41854437271525
2022-09-23,11311.24,3693.23,37.83,27.636000000000003,2.56,-0.51,28.23,664009.0,687787.0,28.23,-0.262134630338011,27.636000000000003,-0.4122247192414883,32752.5,2.56,0.2050298544532385,71.81818181818181,0.0,8.269230769230774,83.07692307692308,50.0,75.38461538461539,0.5769230769230802,35.96153846153846,12.5,51.84632867132867
2022-09-30,10971.22,3585.62,37.73,31.7,2.56,-0.39,28.23,664009.0,664009.0,28.23,-0.2582939141568984,31.7,-0.399514901370038,10631.5,2.56,0.20395833104463224,71.74571140262361,0.19230769230769232,3.8461538461538396,80.57692307692308,50.0,61.15384615384616,0.7692307692307736,35.38461538461539,12.759643916913946,48.74144997283241
2022-10-07,11039.47,3639.66,37.53,29.919999999999998,3.08,-0.41,27.08,649618.0,664009.0,27.08,-0.25513418686638667,29.919999999999998,-0.4027353605149889,10631.5,3.08,0.2082635993337716,65.82661290322581,0.38461538461538464,5.384615384615387,80.38461538461539,50.0,60.96153846153847,0.0,37.30769230769231,12.721893491124261,47.95955334987594
2022-10-14,10692.06,3583.07,33.99,32.722,3.08,-0.48,27.08,649618.0,664009.0,27.08,-0.29410995766796155,32.722,-0.40994395519380844,10631.5,3.08,0.16511817867956613,65.76032225579054,0.0,2.6923076923076934,80.1923076923077,50.0,60.76923076923077,0.1923076923076934,23.076923076923077,12.684365781710916,45.432833681927335
2022-10-21,11310.33,3752.75,35.88,30.46,3.08,-0.28,27.08,649618.0,664009.0,27.08,-0.26341397336514905,30.46,-0.4293574204663033,10631.5,3.08,0.17849319356631832,65.69416498993964,0.19230769230769232,5.384615384615387,80.0,50.0,60.57692307692307,0.3846153846153868,28.076923076923077,11.470588235294118,46.398448382603306
2022-10-28,11546.21,3901.06,38.89,27.746000000000002,3.08,-0.39,27.08,649618.0,664009.0,27.08,-0.27155409271775544,27.746000000000002,-0.4051358238983377,10631.5,3.08,0.16103584490828493,65.62814070351759,0.19230769230769232,9.038461538461533,79.8076923076923,50.0,60.38461538461538,0.5769230769230802,21.153846153846153,13.196480938416421,45.64870506378044
2022-11-04,10857.03,3770.55,35.22,25.48,3.78,-0.49,28.38,643783.0,649618.0,28.38,-0.3363422085678063,25.48,-0.3732769654710596,70501.5,3.78,0.10471671639610602,72.69076305220884,0.0,12.5,75.38461538461539,50.0,87.11538461538461,0.0,4.423076923076923,14.035087719298245,48.088152610441774
2022-11-11,11817.01,3992.93,40.4,24.406,3.78,-0.52,28.38,643783.0,649618.0,28.38,-0.270549985215949,24.406,-0.3856787418092382,70501.5,3.78,0.1460162936786571,72.61785356068205,0.576923076923077,14.807692307692307,75.1923076923077,50.0,86.92307692307692,0.1923076923076934,14.423076923076922,13.994169096209912,49.810109173674874
2022-11-18,11677.02,3965.34,36.56,23.886000000000003,3.78,-0.69,28.38,643783.0,649618.0,28.38,-0.2954335094796824,23.886000000000003,-0.37904762805559844,70501.5,3.78,0.13238287876177823,72.54509018036072,0.19230769230769232,15.769230769230774,75.0,50.0,86.73076923076923,0.3846153846153868,11.153846153846155,14.244186046511627,49.29171034376445
2022-11-25,11756.03,4026.12,36.0,20.984,3.78,-0.74,28.38,643783.0,649618.0,28.38,-0.26642093453091864,20.984,-0.39473321209521195,70501.5,3.78,0.12351277235806779,72.47247247247248,0.9615384615384616,23.65384615384616,74.8076923076923,50.0,86.53846153846155,0.5769230769230802,8.653846153846153,13.91304347826087,49.71949449449449
2022-12-02,11994.26,4071.7,38.16,20.716,4.1,-0.77,28.32,606659.0,643783.0,28.32,-0.23661981512267027,20.716,-0.35201814100302375,41545.5,4.1,0.14086808626223024,72.39999999999999,1.9230769230769231,24.807692307692307,70.38461538461539,50.0,76.73076923076924,0.0,13.076923076923078,15.028901734104046,48.331923076923076
2022-12-09,11563.33,3934.38,34.65,22.144,4.1,-0.76,28.32,606659.0,643783.0,28.32,-0.2919823560890964,22.144,-0.344745362686786,41545.5,4.1,0.12338776924275052,72.32767232767233,0.576923076923077,20.384615384615387,70.1923076923077,50.0,76.53846153846153,0.1923076923076934,8.653846153846153,15.273775216138327,46.98668831168831
2022-12-16,11243.72,3852.36,33.26,22.828,4.1,-0.69,28.32,606659.0,643783.0,28.32,-0.2884379038392655,22.828,-0.366559243611593,41545.5,4.1,0.11439590173565972,72.2554890219561,0.7692307692307693,18.269230769230774,70.0,50.0,76.34615384615384,0.3846153846153868,6.923076923076923,14.942528735632186,46.460713189006604
2022-12-23,10985.45,3844.82,30.97,21.362000000000002,4.1,-0.56,28.32,606659.0,643783.0,28.32,-0.32638529918366266,21.362000000000002,-0.3584272879584821,41545.5,4.1,0.08094097627825736,72.18344965104686,0.19230769230769232,23.26923076923076,69.8076923076923,50.0,76.15384615384615,0.5769230769230802,0.576923076923077,15.18624641833811,45.861689930209366
2022-12-30,10939.76,3839.5,31.24,21.725,4.1,-0.53,28.32,606659.0,606659.0,28.32,-0.32967485453502676,21.725,-0.34005767533070963,41545.5,4.1,0.06862060498039013,72.11155378486056,0.19230769230769232,22.115384615384613,65.38461538461539,50.0,75.96153846153845,0.7692307692307736,0.0,16.0,44.82038768004903
2023-01-06,11040.35,3895.08,31.37,22.125,4.33,-0.69,28.34,641228.0,606659.0,28.34,-0.2919307679036749,22.125,-0.3364748231884833,8408.5,4.33,0.05655843162051011,72.53731343283583,1.153846153846154,20.961538461538467,65.1923076923077,50.0,56.92307692307692,0.0,0.0,16.23931623931624,42.015154994259476
2023-01-13,11541.48,3999.09,35.99,20.163999999999998,4.33,-0.73,28.34,641228.0,606659.0,28.34,-0.26071079243049555,20.163999999999998,-0.2907597958047985,8408.5,4.33,0.07618951149244069,72.46520874751491,2.5,27.884615384615387,65.0,50.0,56.730769230769226,0.1923076923076934,0.9615384615384616,16.477272727272727,42.93534944181068
2023-01-20,11619.03,3972.61,36.5,19.912,4.33,-0.66,28.34,641228.0,606659.0,28.34,-0.19526886635638296,19.912,-0.2943843774914917,8408.5,4.33,0.07921099143153487,72.39324726911619,4.038461538461538,29.038461538461533,64.8076923076923,50.0,56.53846153846154,0.3846153846153868,1.153846153846154,16.43059490084986,43.186341761515536
2023-01-27,12166.6,4070.56,40.39,19.066,4.33,-0.67,28.34,641228.0,606659.0,28.34,-0.15828929317359652,19.066,-0.2555838747265631,8408.5,4.33,0.10371362531999018,72.32142857142857,5.1923076923076925,32.11538461538461,64.61538461538461,50.0,56.34615384615385,0.5769230769230802,5.0,16.94915254237288,44.13159340659341
2023-02-03,12573.36,4136.48,42.85,18.854,4.57,-0.77,28.92,624379.0,641228.0,28.92,-0.14434051182937657,18.854,-0.2666560517445066,14168.5,4.57,0.1202180893179079,75.5203171456888,5.769230769230769,33.269230769230774,68.65384615384616,50.0,65.0,0.0,9.615384615384617,16.901408450704224,47.67329419836853
2023-02-10,12304.92,4090.46,39.15,19.792,4.57,-0.76,28.92,624379.0,641228.0,28.92,-0.13672947079523834,19.792,-0.3187642705121331,14168.5,4.57,0.10034907686315808,75.44554455445545,6.153846153846154,30.192307692307693,68.46153846153847,50.0,65.0,0.1923076923076934,4.230769230769231,16.292134831460675,46.554493526275714
2023-02-17,12358.18,4079.09,41.86,19.534,4.57,-0.78,28.92,624379.0,641228.0,28.92,-0.11787396302805087,19.534,-0.23613838265096143,14168.5,4.57,0.08875125410569606,75.37091988130564,6.923076923076923,30.769230769230774,68.26923076923077,50.0,65.0,0.3846153846153868,2.5,18.207282913165265,46.39533782241497
2023-02-24,11969.65,3970.04,38.44,21.84,4.57,-0.83,28.92,624379.0,641228.0,28.92,-0.15642293130812535,21.84,-0.2767826127791645,14168.5,4.57,0.06927104933376738,75.29644268774703,5.384615384615385,21.92307692307692,68.07692307692308,50.0,65.0,0.5769230769230802,0.38461538461538464,17.039106145251395,44.959288537549405
2023-03-03,12290.81,4045.64,40.46,20.062,4.65,-0.89,27.94,645429.0,624379.0,27.94,-0.11179643050969701,20.062,-0.21644530948698237,-29605.0,4.65,0.08898454763170438,70.18756169792695,7.307692307692308,28.653846153846146,67.11538461538461,50.0,5.5769230769230775,0.0,3.076923076923077,18.662952646239557,36.15866618573923
2023-03-10,11830.28,3861.59,36.02,20.944,4.65,-0.9,27.94,645429.0,624379.0,27.94,-0.11062763544564913,20.944,-0.2412975174870604,-29605.0,4.65,0.09093215072133543,70.11834319526628,7.5,25.0,66.92307692307692,50.0,5.5769230769230775,0.1923076923076934,3.8461538461538463,18.333333333333332,35.883284023668644
2023-03-17,12519.88,3916.64,38.68,24.978,4.65,-0.42,27.94,645429.0,624379.0,27.94,-0.13177458100093764,24.978,-0.2801153384152095,-29605.0,4.65,0.150005752326984,70.04926108374384,6.730769230769231,13.461538461538453,66.73076923076923,50.0,5.5769230769230775,0.3846153846153868,18.846153846153847,16.897506925207757,36.83869837059492
2023-03-24,12767.05,3970.99,37.73,22.428,4.65,-0.38,27.94,645429.0,624379.0,27.94,-0.13469013461151358,22.428,-0.2804393026850297,-29605.0,4.65,0.13206871849167245,69.98031496062993,6.538461538461539,20.0,66.53846153846153,50.0,5.5769230769230775,0.5769230769230802,13.461538461538462,16.85082872928177,36.613370684433676
2023-03-31,13181.35,4109.31,40.34,19.482,4.65,-0.58,27.94,645429.0,645429.0,27.94,-0.11303655624272846,19.482,-0.28968775527637136,4496.0,4.65,0.10174449630098126,69.91150442477876,7.6923076923076925,31.92307692307692,72.11538461538461,50.0,51.92307692307693,0.7692307692307736,5.1923076923076925,16.804407713498623,44.645762423417295
2023-04-06,13062.6,4105.02,38.57,19.482,4.65,-0.58,28.77,631949.0,645429.0,28.77,-0.08826949465564249,19.482,-0.2757865647013237,4496.0,4.65,0.10618253221588425,74.16502946954814,9.038461538461538,32.11538461538461,71.92307692307692,50.0,51.92307692307693,0.9615384615384528,6.923076923076923,17.857142857142858,45.9022366631404
2023-04-14,13079.52,4137.64,38.79,18.406,4.83,-0.56,28.77,631949.0,645429.0,28.77,-0.05856745849231382,18.406,-0.2838634620026854,4496.0,4.83,0.07481991117127063,74.09224730127576,10.192307692307692,35.96153846153847,71.73076923076923,50.0,51.92307692307693,0.0,0.7692307692307693,16.986301369863014,45.45306484487054
2023-04-21,13000.77,4133.52,37.63,16.836000000000002,4.83,-0.6,28.77,631949.0,645429.0,28.77,-0.026660437662416436,16.836000000000002,-0.256031136870561,4496.0,4.83,0.09640089262436846,74.01960784313727,12.692307692307692,45.192307692307686,71.53846153846153,50.0,51.92307692307693,0.1923076923076934,4.423076923076923,18.579234972677597,47.175075414781304
2023-04-28,13245.99,4169.48,35.92,17.46,4.83,-0.6,28.77,631949.0,645429.0,28.77,0.0304314341724492,17.46,-0.26828418189152414,4496.0,4.83,0.04922690020259379,73.94711067580803,20.192307692307693,41.92307692307692,71.34615384615385,50.0,51.92307692307693,0.3846153846153868,0.0,18.256130790190735,47.03557598131546
2023-05-05,13259.13,4136.25,37.39,17.896,5.06,-0.48,28.76,644170.0,631949.0,28.76,0.04455813315917623,17.896,-0.22514108297289526,-3866.5,5.06,0.05091734913079771,73.8747553816047,23.653846153846153,39.03846153846153,66.92307692307692,50.0,37.88461538461539,0.0,0.19230769230769232,20.380434782608695,44.27495107632094
2023-05-12,13340.18,4124.08,37.68,17.118000000000002,5.06,-0.52,28.76,644170.0,631949.0,28.76,0.07691525259537912,17.118000000000002,-0.2126950691091406,-3866.5,5.06,0.07324995235165388,73.80254154447702,27.884615384615387,44.03846153846154,66.73076923076923,50.0,37.88461538461539,0.1923076923076934,1.153846153846154,20.867208672086722,45.37781600120309
2023-05-19,13803.49,4191.98,38.7,16.968,5.06,-0.58,28.76,644170.0,631949.0,28.76,0.1662667439475074,16.968,-0.2537461120210748,-3866.5,5.06,0.06626033506779594,73.73046875,42.69230769230769,45.38461538461539,66.53846153846153,50.0,37.88461538461539,0.3846153846153868,0.576923076923077,19.18918918918919,47.15378605769231
2023-05-26,14298.41,4205.45,39.1,18.572,5.06,-0.74,28.76,644170.0,631949.0,28.76,0.12750859130917513,18.572,-0.2664647683626875,-3866.5,5.06,0.09367981442727213,73.65853658536585,36.73076923076923,35.76923076923076,66.34615384615384,50.0,37.88461538461539,0.5769230769230802,4.615384615384616,18.598382749326145,46.03363039399625
2023-06-02,14546.64,4282.37,41.62,16.622,5.08,-0.81,29.94,681228.0,644170.0,29.94,0.15927679484349322,16.622,-0.19495798112708917,-2013.5,5.08,0.09624122367217791,81.67641325536063,41.92307692307693,47.692307692307686,69.42307692307692,50.0,46.73076923076923,0.0,5.0,21.50537634408602,51.39105188184136
2023-06-09,14528.36,4298.86,42.51,14.022,5.08,-0.84,29.94,681228.0,644170.0,29.94,0.2278019947907599,14.022,-0.1679665422851504,-2013.5,5.08,0.1083171680822268,81.5968841285297,57.49999999999999,66.34615384615384,69.23076923076923,50.0,46.73076923076923,0.1923076923076934,7.5,22.25201072386059,55.45014605647517
2023-06-16,15083.92,4409.59,44.31,14.307999999999998,5.08,-0.93,29.94,681228.0,644170.0,29.94,0.33888988007267895,14.307999999999998,-0.19687957079432827,-2013.5,5.08,0.15473862741498468,81.51750972762646,84.42307692307692,64.23076923076923,69.03846153846153,50.0,46.73076923076923,0.3846153846153868,21.153846153846153,21.390374331550802,60.46696348398683
2023-06-23,14891.48,4348.33,42.14,13.524000000000001,5.08,-0.97,29.94,681228.0,644170.0,29.94,0.23010610572574408,13.524000000000001,-0.31062105226731074,-2013.5,5.08,0.11120249426424356,81.4382896015549,57.49999999999999,70.1923076923077,68.84615384615384,50.0,46.73076923076923,0.5769230769230802,8.269230769230768,15.733333333333333,55.84919638184944
2023-06-30,15179.21,4450.38,44.14,13.709999999999999,5.08,-1.06,29.94,681228.0,681228.0,29.94,0.31016996844380285,13.709999999999999,-0.23933057009348735,42117.5,5.08,0.07995682980945529,81.35922330097087,78.65384615384615,68.65384615384616,82.11538461538461,50.0,77.5,0.7692307692307736,2.307692307692308,20.47872340425532,64.3276138909634
2023-07-07,15036.85,4398.95,43.73,14.344,5.12,-0.88,30.89,709834.0,681228.0,30.89,0.24008200770430377,14.344,-0.3068767153440819,42117.5,5.12,0.06477637017722349,85.83899127061105,59.42307692307692,63.65384615384615,81.92307692307692,50.0,77.3076923076923,0.0,0.576923076923077,15.915119363395224,62.092798254122215
2023-07-14,15565.6,4505.42,48.57,14.080000000000002,5.12,-0.91,30.89,709834.0,681228.0,30.89,0.2989063404880996,14.080000000000002,-0.19779548127250224,42117.5,5.12,0.06567535438642569,85.75581395348837,75.96153846153845,65.1923076923077,81.73076923076923,50.0,77.11538461538461,0.1923076923076934,0.7692307692307693,21.957671957671955,64.18000894454381
2023-07-21,15425.67,4536.34,47.93,13.626,5.12,-0.98,30.89,709834.0,681228.0,30.89,0.2443598863224774,13.626,-0.2080355619981531,42117.5,5.12,-0.0007504533510196421,85.6727976766699,60.76923076923077,69.23076923076923,81.53846153846153,50.0,76.92307692307693,0.3846153846153868,0.0,21.899736147757256,62.565328766103214
2023-07-28,15750.93,4582.23,49.44,13.74,5.12,-0.91,30.89,709834.0,681228.0,30.89,0.21647872214717845,13.74,-0.12097683869936104,42117.5,5.12,0.05865918164824402,85.58994197292068,53.26923076923077,68.46153846153847,81.34615384615384,50.0,76.73076923076924,0.5769230769230802,0.7692307692307693,25.263157894736842,61.62375762535337
2023-08-04,15274.92,4478.03,45.38,15.334,5.33,-0.73,30.09,689185.0,709834.0,30.09,0.15651715023596102,15.334,-0.2501860138269336,22379.0,5.33,0.06451287229739933,82.22222222222221,40.96153846153846,54.80769230769231,84.61538461538461,50.0,68.26923076923077,0.0,0.9615384615384616,19.94750656167979,57.4559829059829
2023-08-11,15028.07,4464.05,42.75,15.681999999999999,5.33,-0.73,30.09,689185.0,709834.0,30.09,0.10778519918000096,15.681999999999999,-0.2858278832792126,22379.0,5.33,0.01329317840298061,82.14285714285714,33.84615384615385,51.73076923076923,84.42307692307692,50.0,68.26923076923077,0.1923076923076934,0.19230769230769232,16.75392670157068,56.128571428571426
2023-08-18,14694.84,4369.71,40.38,16.65,5.33,-0.66,30.09,689185.0,709834.0,30.09,0.10963912738146475,16.65,-0.20608128446358598,22379.0,5.33,0.01528531872147898,82.06364513018322,34.42307692307692,46.73076923076923,84.23076923076923,50.0,68.26923076923077,0.3846153846153868,0.38461538461538464,22.45430809399478,55.67619056449818
2023-08-25,14941.83,4405.71,40.97,16.592,5.33,-0.78,30.09,689185.0,709834.0,30.09,0.18537314451133935,16.592,-0.22902393816213307,22379.0,5.33,0.03211232787482943,81.98458574181117,45.57692307692307,47.692307692307686,84.03846153846153,50.0,68.26923076923077,0.5769230769230802,0.576923076923077,21.354166666666664,57.08922484066992
2023-09-01,15490.86,4515.77,43.62,14.014,5.33,-0.69,29.8,680846.0,689185.0,29.8,0.2804014401856769,14.014,-0.2057525118782122,-23347.0,5.33,0.011323096973435254,79.78825794032723,69.8076923076923,66.53846153846155,82.88461538461539,50.0,13.26923076923077,0.7692307692307736,0.19230769230769232,22.857142857142858,52.926882357296215
2023-09-08,15280.23,4457.49,43.68,14.104,5.33,-0.72,29.8,680846.0,689185.0,29.8,0.21384477160917004,14.104,-0.234472574299753,-23347.0,5.33,0.0031324461424813155,79.71153846153847,51.92307692307693,65.38461538461539,82.6923076923077,50.0,13.26923076923077,0.9615384615384528,0.19230769230769232,21.243523316062177,50.61538461538461
2023-09-15,15202.4,4450.32,43.06,13.624,5.33,-0.69,29.8,680846.0,689185.0,29.8,0.2816721157234656,13.624,-0.27039921764925223,-23347.0,5.33,0.009435916950088385,79.63496637848223,70.0,70.0,82.5,50.0,13.26923076923077,1.1538461538461462,0.38461538461538464,18.087855297157624,53.225070198773366
2023-09-22,14701.1,4320.06,38.82,15.597999999999999,5.33,-0.66,29.8,680846.0,689185.0,29.8,0.29968951237883745,15.597999999999999,-0.2735198057967596,-23347.0,5.33,0.03287292188778146,79.55854126679462,75.96153846153845,52.69230769230769,82.3076923076923,50.0,13.26923076923077,1.3461538461538396,1.3461538461538463,18.04123711340206,52.30401594566661
2023-09-29,14715.24,4288.05,39.67,17.784,5.33,-0.44,29.8,680846.0,680846.0,29.8,0.34125831037933807,17.784,-0.2898403405940213,-23347.0,5.33,0.05366979391745086,79.48226270373921,84.61538461538461,40.0,79.61538461538461,50.0,13.26923076923077,1.538461538461533,1.9230769230769231,16.195372750642672,51.65991407920938
2023-10-06,14973.24,4308.5,39.21,18.381999999999998,5.33,-0.3,28.7,635276.0,680846.0,28.7,0.35633685312791297,18.381999999999998,-0.31157266447883214,795.0,5.33,0.036539769984363035,71.83908045977012,87.11538461538461,36.53846153846154,79.42307692307692,50.0,51.92307692307693,1.7307692307692406,1.5384615384615385,15.128205128205128,55.790893015030946
2023-10-13,14995.12,4327.78,37.77,17.366,5.33,-0.41,28.7,635276.0,680846.0,28.7,0.40245378346174654,17.366,-0.2912446042914023,795.0,5.33,0.03974924886077846,71.77033492822966,90.38461538461539,42.69230769230769,79.23076923076923,50.0,51.92307692307693,1.923076923076934,1.7307692307692308,16.11253196930946,56.77906698564593
2023-10-20,14560.88,4224.16,36.03,19.484,5.33,-0.14,28.7,635276.0,680846.0,28.7,0.2873965657942783,19.484,-0.2832159637875893,795.0,5.33,0.02693510076274075,71.70172084130019,71.53846153846153,31.92307692307692,79.03846153846153,50.0,51.92307692307693,2.115384615384613,1.153846153846154,17.602040816326532,53.305728783644646
2023-10-27,14180.42,4117.37,34.1,20.296,5.33,-0.15,28.7,635276.0,680846.0,28.7,0.2281449930323458,20.296,-0.3513129025206462,795.0,5.33,0.01458245283510351,71.63323782234957,55.19230769230769,27.884615384615387,78.84615384615384,50.0,51.92307692307693,2.3076923076923066,0.9615384615384616,13.994910941475828,50.86318602600838
2023-11-03,15099.49,4358.34,40.44,17.066,5.33,-0.26,30.01,660887.0,635276.0,30.01,0.3907569565525746,17.066,-0.24254571294099025,-1513.5,5.33,0.03369815388457997,82.06106870229007,89.23076923076924,44.99999999999999,62.69230769230769,50.0,50.19230769230769,2.5,1.9230769230769231,21.82741116751269,55.7218291250734
2023-11-10,15529.12,4415.24,39.73,14.722,5.33,-0.43,30.01,660887.0,635276.0,30.01,0.3141327628562556,14.722,-0.3307169212720972,-1513.5,5.33,0.05473232595691391,81.98284080076263,78.07692307692308,58.84615384615385,62.5,50.0,50.19230769230769,2.6923076923076934,3.076923076923077,14.936708860759493,55.890798929383294
2023-11-17,15837.99,4514.02,43.7,14.244,5.33,-0.44,30.01,660887.0,635276.0,30.01,0.356338346598704,14.244,-0.1610429417846997,-1513.5,5.33,0.023610383905808385,81.9047619047619,86.73076923076923,64.61538461538461,62.30769230769231,50.0,50.19230769230769,2.884615384615387,1.3461538461538463,26.515151515151516,57.196336996336996
2023-11-24,15982.01,4559.34,44.88,12.974,5.33,-0.45,30.01,660887.0,635276.0,30.01,0.3594733936541501,12.974,-0.11280672698748329,-1513.5,5.33,0.06703977368426783,81.82683158896289,87.3076923076923,78.65384615384616,62.11538461538461,50.0,50.19230769230769,3.07692307692308,4.615384615384616,28.463476070528966,59.10959708702335
2023-12-01,15997.58,4594.63,48.43,12.782,5.33,-0.34,31.45,700774.0,660887.0,31.45,0.333769653150757,12.782,-0.0646396741151174,67699.5,5.33,0.05208846657437327,89.35361216730038,82.5,80.38461538461539,76.15384615384615,50.0,84.42307692307692,3.2692307692307736,3.076923076923077,37.93969849246231,67.64187627961392
2023-12-08,16084.69,4604.37,49.18,12.862,5.33,-0.48,31.45,700774.0,660887.0,31.45,0.39100847247289505,12.862,0.028327746863324288,67699.5,5.33,0.04664604081292789,89.2687559354226,89.23076923076924,79.42307692307692,75.96153846153845,52.63157894736842,84.23076923076923,3.461538461538467,2.6923076923076925,52.63157894736842,68.47844754335983
2023-12-15,16623.45,4719.19,51.11,12.33,5.33,-0.53,31.45,700774.0,660887.0,31.45,0.4784653121920506,12.33,0.05821538534252557,67699.5,5.33,0.051092717556627365,89.18406072106262,96.15384615384616,86.53846153846153,75.76923076923077,57.75,84.03846153846153,3.653846153846146,3.2692307692307696,57.75,70.5387352211356
2023-12-22,16777.4,4754.63,53.01,13.088,5.33,-0.41,31.45,700774.0,660887.0,31.45,0.5272383015716242,13.088,0.1844181401461671,67699.5,5.33,0.05785227511656288,89.0995260663507,98.07692307692307,76.92307692307692,75.57692307692308,70.32418952618454,83.84615384615385,3.8461538461538396,4.230769230769231,70.32418952618454,71.12924724281169
2023-12-29,16825.93,4769.83,52.37,12.585,5.33,-0.35,31.45,700774.0,700774.0,31.45,0.5380529371759526,12.585,0.138323503284995,67699.5,5.33,0.03503238572798906,89.01515151515152,98.07692307692307,82.88461538461539,83.84615384615385,65.4228855721393,83.65384615384616,4.038461538461533,2.307692307692308,65.4228855721393,72.389549629475
2024-01-05,16305.98,4697.24,48.9,13.68,5.33,-0.35,31.97,701975.0,700774.0,31.97,0.47694411861942765,13.68,0.08187003503055634,89386.0,5.33,0.014348055164128626,90.72847682119205,95.57692307692308,69.42307692307692,83.65384615384616,59.801488833746895,94.23076923076923,4.230769230769226,0.9615384615384616,59.801488833746895,71.87392117069002
2024-01-12,16832.92,4783.83,47.38,12.734,5.33,-0.18,31.97,701975.0,700774.0,31.97,0.45847153051428413,12.734,-0.14199473140342,89386.0,5.33,0.03243769070060254,90.64272211720227,93.26923076923077,80.76923076923077,83.46153846153847,50.0,94.03846153846153,4.42307692307692,2.1153846153846154,27.475247524752476,71.84392903882507
2024-01-19,17314.0,4839.81,46.28,13.862,5.33,-0.24,31.97,701975.0,700774.0,31.97,0.4901416039032518,13.862,-0.2221963984237998,89386.0,5.33,0.05573929262754085,90.55712936732768,96.53846153846153,67.6923076923077,83.26923076923077,50.0,93.84615384615384,4.615384615384613,4.615384615384616,23.209876543209877,71.222964335004
2024-01-26,17421.01,4890.97,45.92,13.118,5.33,-0.19,31.97,701975.0,700774.0,31.97,0.4318716814886656,13.118,-0.2949566034990643,89386.0,5.33,0.0626566444182417,90.47169811320754,90.1923076923077,76.92307692307692,83.07692307692308,50.0,93.65384615384616,4.807692307692307,5.384615384615385,15.763546798029557,71.4193396226415
2024-02-02,17642.73,4958.61,46.66,13.797999999999998,5.33,-0.33,33.04,742963.0,701975.0,33.04,0.4031833972780545,13.797999999999998,-0.314268578141532,28782.0,5.33,0.029120771238914767,92.83694627709707,89.03846153846153,68.07692307692308,83.84615384615385,50.0,70.76923076923077,5.0,1.9230769230769231,14.987714987714988,67.05585079388095
2024-02-09,17962.41,5026.61,49.59,13.056000000000001,5.33,-0.31,33.04,742963.0,701975.0,33.04,0.45977462673467206,13.056000000000001,-0.19310796006800524,28782.0,5.33,0.0363659949839219,92.74952919020716,93.26923076923077,77.5,83.65384615384616,50.0,70.57692307692308,5.192307692307693,3.076923076923077,25.735294117647058,68.59798276111836
2024-02-16,17685.98,5005.57,50.33,14.482,5.33,-0.34,33.04,742963.0,701975.0,33.04,0.4311152613087039,14.482,-0.22877412418495813,28782.0,5.33,0.012232774092165055,92.66227657572907,89.8076923076923,61.34615384615385,83.46153846153847,50.0,70.38461538461539,5.384615384615387,0.7692307692307693,23.227383863080682,66.14014762283811
2024-02-23,17937.61,5088.8,48.41,14.752,5.33,-0.41,33.04,742963.0,701975.0,33.04,0.49859101978754605,14.752,-0.2392257752506053,28782.0,5.33,0.005831338924195739,92.57518796992481,97.11538461538461,57.88461538461539,83.26923076923077,50.0,70.1923076923077,5.57692307692308,0.38461538461538464,22.439024390243905,66.53234528629265
2024-03-01,18302.91,5137.08,51.14,13.504,5.33,-0.35,33.76,784136.0,742963.0,33.76,0.4891540915529571,13.504,-0.22518968225982805,2688.0,5.33,0.03276919980016646,93.2394366197183,96.15384615384616,71.15384615384616,85.38461538461539,50.0,55.19230769230769,5.769230769230774,2.8846153846153846,23.600973236009732,66.38250270855904
2024-03-08,18018.45,5123.69,50.75,14.325999999999999,5.33,-0.39,33.76,784136.0,742963.0,33.76,0.5230789127560802,14.325999999999999,-0.1141394346883402,2688.0,5.33,0.05136294160536825,93.15196998123827,97.5,63.26923076923077,85.1923076923077,50.0,55.19230769230769,5.961538461538467,5.0,29.36893203883495,66.02077861163227
2024-03-15,17808.25,5117.09,48.66,14.324000000000002,5.33,-0.41,33.76,784136.0,742963.0,33.76,0.4223978185094426,14.324000000000002,-0.1643833407431552,2688.0,5.33,0.07380727337634241,93.06466729147141,88.84615384615384,63.26923076923077,85.0,50.0,55.19230769230769,6.15384615384616,8.269230769230768,27.11864406779661,65.42062576598659
2024-03-22,18339.44,5234.18,49.41,13.434000000000001,5.33,-0.37,33.76,784136.0,742963.0,33.76,0.43646652907288686,13.434000000000001,-0.1268985460355161,2688.0,5.33,0.09021739738669887,92.97752808988764,90.0,72.11538461538461,84.8076923076923,50.0,55.19230769230769,6.34615384615384,10.384615384615385,29.227053140096622,66.70896715643907
2024-03-28,18254.69,5254.35,50.08,13.434000000000001,5.33,-0.37,33.76,784136.0,784136.0,33.76,0.3848877391162513,13.434000000000001,-0.14344004452031678,2688.0,5.33,0.07596370039066747,92.89055191768007,85.76923076923076,72.11538461538461,88.07692307692308,50.0,55.19230769230769,6.538461538461533,8.846153846153847,28.433734939759038,66.54157192199756
2024-04-05,18108.46,5204.34,47.12,14.994,5.33,-0.34,33.03,775464.0,784136.0,33.03,0.3862829758241084,14.994,-0.16460809897681794,67644.0,5.33,0.08577991153691,92.05607476635514,85.76923076923076,56.730769230769226,87.88461538461539,50.0,82.6923076923077,6.730769230769226,10.0,26.923076923076923,69.09967649173257
2024-04-12,18003.49,5123.41,46.51,15.638,5.33,-0.38,33.03,775464.0,784136.0,33.03,0.3764641210074988,15.638,-0.1774437549337684,67644.0,5.33,0.0761267199721869,91.97012138188609,85.0,52.5,87.6923076923077,50.0,82.5,6.92307692307692,9.038461538461538,26.378896882494008,68.35940889176183
2024-04-19,17037.65,4967.23,42.0,18.509999999999998,5.33,-0.35,33.03,775464.0,784136.0,33.03,0.31051083897338394,18.509999999999998,-0.1943800922287653,67644.0,5.33,0.027525473144480506,91.88432835820896,75.1923076923077,36.346153846153854,87.5,50.0,82.3076923076923,7.115384615384613,2.307692307692308,25.837320574162682,64.47686567164179
2024-04-26,17718.3,5099.96,44.07,15.8,5.33,-0.29,33.03,775464.0,784136.0,33.03,0.3376350125585177,15.8,-0.11074191679014356,67644.0,5.33,0.04332393109985988,91.7986952469711,80.0,51.53846153846154,87.3076923076923,50.0,82.11538461538461,7.307692307692307,4.423076923076923,30.787589498806682,66.80973904939421
2024-05-03,17890.8,5127.79,45.47,14.776,5.33,-0.31,33.78,809431.0,775464.0,33.78,0.34931929923004,14.776,-0.13321873758254066,-17573.5,5.33,0.05658794162790892,93.76163873370578,81.15384615384616,57.69230769230769,86.15384615384616,50.0,19.038461538461537,7.5,6.538461538461539,29.523809523809526,58.604250823664245
2024-05-10,18161.18,5222.68,42.92,12.992,5.33,-0.37,33.78,809431.0,775464.0,33.78,0.36138942652947703,12.992,-0.2223236091197105,-17573.5,5.33,0.06116325162898284,93.67441860465117,84.03846153846153,78.07692307692308,85.96153846153847,50.0,19.038461538461537,7.692307692307693,7.115384615384615,23.51543942992874,61.023345259391775
2024-05-17,18546.23,5303.27,45.45,12.776,5.33,-0.41,33.78,809431.0,775464.0,33.78,0.34358991820184603,12.776,-0.16917131355068316,-17573.5,5.33,0.09884449757724556,93.58736059479554,80.38461538461539,80.1923076923077,85.76923076923076,50.0,19.038461538461537,7.884615384615387,12.692307692307692,26.77725118483412,61.580933657420644
2024-05-24,18808.35,5304.72,44.38,12.2,5.33,-0.47,33.78,809431.0,775464.0,33.78,0.3154154902538113,12.2,-0.1803771270824559,-17573.5,5.33,0.11243160737645064,93.50046425255339,75.1923076923077,87.3076923076923,85.57692307692307,50.0,19.038461538461537,8.07692307692308,14.807692307692308,26.24113475177305,61.93470823512607
2024-05-31,18536.65,5277.51,42.45,13.39,5.33,-0.38,33.78,809431.0,809431.0,33.78,0.2742908327971272,13.39,-0.2543484973814616,49449.5,5.33,0.09841593168100182,93.41372912801485,65.38461538461539,72.5,89.61538461538461,50.0,78.26923076923077,8.269230769230774,12.692307692307692,20.047169811320757,68.55389967175682
2024-06-07,19000.95,5346.99,43.8,12.74,5.33,-0.44,34.81,809322.0,809431.0,34.81,0.30785236599313337,12.74,-0.2775065650051305,49449.5,5.33,0.09850195813691842,94.99536607970343,73.26923076923076,81.15384615384616,89.42307692307693,50.0,78.07692307692308,8.461538461538467,12.884615384615383,17.88235294117647,70.64715013901761
2024-06-14,19659.8,5431.6,43.87,12.446,5.33,-0.47,34.81,809322.0,809431.0,34.81,0.3033614604161252,12.446,-0.31329149878218265,49449.5,5.33,0.09566406154163021,94.9074074074074,72.11538461538461,85.38461538461539,89.23076923076924,50.0,77.88461538461539,8.65384615384616,12.307692307692308,14.553990610328638,70.76417378917378
2024-06-21,19700.43,5464.62,43.32,12.802000000000001,5.33,-0.45,34.81,809322.0,809431.0,34.81,0.32293297912631935,12.802000000000001,-0.29493108069252716,49449.5,5.33,0.0967419562785794,94.81961147086031,76.92307692307693,80.1923076923077,89.03846153846153,50.0,77.6923076923077,8.846153846153854,12.884615384615383,15.690866510538642,70.8273838326336
2024-06-28,19682.87,5460.48,43.95,12.68,5.33,-0.35,34.81,809322.0,809431.0,34.81,0.2966992353356992,12.68,-0.3010037210629307,49449.5,5.33,0.08185088522676698,94.73197781885398,70.57692307692308,82.6923076923077,88.84615384615384,50.0,77.5,9.038461538461533,10.76923076923077,15.42056074766355,69.91754940992465
2024-07-05,20391.97,5567.19,45.95,12.216,5.33,-0.32,35.48,810835.0,809322.0,35.48,0.35613309968510687,12.216,-0.3053670351984843,28528.5,5.33,0.10132346322968333,96.1218836565097,82.5,88.26923076923077,88.65384615384615,50.0,68.26923076923077,9.230769230769226,14.038461538461538,15.384615384615385,71.25514596207117
2024-07-12,20331.49,5615.35,46.79,12.622,5.33,-0.27,35.48,810835.0,809322.0,35.48,0.30618093745181696,12.622,-0.34282907416172026,28528.5,5.33,0.08714997794583956,96.03321033210332,72.88461538461539,83.84615384615384,88.46153846153845,50.0,68.07692307692308,9.42307692307692,11.346153846153847,13.25581395348837,69.17394975872836
2024-07-19,19522.62,5505.0,46.63,14.648,5.33,-0.24,35.48,810835.0,809322.0,35.48,0.2655930017950596,14.648,-0.2927158893393951,28528.5,5.33,0.04408720263660282,95.9447004608295,62.30769230769231,59.42307692307692,88.26923076923077,50.0,67.88461538461539,9.615384615384613,4.615384615384616,16.70533642691415,64.3716323998582
2024-07-26,19023.66,5459.1,45.78,16.504,5.33,-0.16,35.48,810835.0,809322.0,35.48,0.20778011203147995,16.504,-0.2818092382450721,28528.5,5.33,0.0296009629940317,95.85635359116023,48.07692307692308,48.846153846153854,88.07692307692308,50.0,67.6923076923077,9.807692307692307,2.6923076923076925,18.51851851851852,61.23665533361667
2024-08-02,18440.85,5346.56,41.21,18.526,5.33,-0.08,35.08,797162.0,810835.0,35.08,0.2072632786292825,18.526,-0.2991539793785113,98251.5,5.33,0.015367063701920092,95.03219871205152,47.88461538461539,36.15384615384616,89.61538461538461,50.0,94.8076923076923,10.0,1.9230769230769231,15.935334872979215,64.00836281933339
2024-08-09,18513.1,5344.16,41.46,27.657999999999998,5.33,-0.11,35.08,797162.0,810835.0,35.08,0.2319013685722784,27.657999999999998,-0.2620768071687696,98251.5,5.33,0.026965437031472694,94.94485294117648,56.15384615384615,9.230769230769226,89.42307692307693,50.0,94.61538461538461,10.192307692307693,2.5,21.19815668202765,62.3139705882353
2024-08-16,19508.52,5554.25,44.09,17.01,5.33,-0.17,35.08,797162.0,810835.0,35.08,0.32757621042488383,17.01,-0.2356990435105697,98251.5,5.33,0.0421041237098394,94.8576675849403,77.11538461538461,46.15384615384615,89.23076923076924,50.0,94.42307692307692,10.384615384615387,5.0,24.137931034482758,68.81576428621882
2024-08-23,19720.87,5634.61,46.24,16.042,5.33,-0.09,35.08,797162.0,810835.0,35.08,0.3198430178900442,16.042,-0.19121231249585335,98251.5,5.33,0.028308141624565186,94.77064220183486,76.53846153846153,51.15384615384615,89.03846153846153,50.0,94.23076923076923,10.576923076923066,2.8846153846153846,28.211009174311926,68.84835920959773
2024-08-30,19574.64,5648.4,44.82,15.868,5.33,0.0,35.08,797162.0,797162.0,35.08,0.2636251312064015,15.868,-0.2361148148377632,98251.5,5.33,0.005152591112496996,94.68377635197068,62.5,52.30769230769231,85.57692307692307,50.0,94.03846153846153,10.76923076923076,0.38461538461538464,24.02745995423341,66.23483219347105
2024-09-06,18421.31,5408.42,41.59,19.974,5.13,0.06,35.7,813211.0,797162.0,35.7,0.20556496859013262,19.974,-0.2534129539381179,13590.5,5.13,-0.020004363390987878,96.15384615384616,47.5,30.0,85.38461538461539,50.0,63.46153846153846,10.961538461538467,0.0,22.146118721461185,57.81923076923077
2024-09-13,19514.58,5626.02,45.76,17.97,5.13,0.09,35.7,813211.0,797162.0,35.7,0.28365126558964393,17.97,-0.22094806075917495,13590.5,5.13,0.003553303242964434,96.06587374199451,67.88461538461539,39.23076923076923,85.1923076923077,50.0,63.26923076923077,11.15384615384616,0.576923076923077,26.195899772209568,61.19394397916813
2024-09-20,19791.49,5702.55,46.9,17.092,5.13,0.18,35.7,813211.0,797162.0,35.7,0.3462591234669514,17.092,-0.13811898951538004,13590.5,5.13,0.011161187373069703,95.97806215722122,80.38461538461539,45.57692307692308,85.0,50.0,63.07692307692307,11.346153846153854,1.3461538461538463,32.5,63.362920123751934
2024-09-27,20008.62,5738.17,47.88,15.804000000000002,5.13,0.2,35.7,813211.0,797162.0,35.7,0.359720942369951,15.804000000000002,-0.15276354383201296,13590.5,5.13,0.035688703339696204,95.8904109589041,83.65384615384616,53.07692307692308,84.8076923076923,50.0,62.88461538461539,11.538461538461547,5.384615384615385,30.839002267573694,65.03000526870389
2024-10-04,20035.02,5751.07,46.55,18.918,4.83,0.05,36.59,815369.0,813211.0,36.59,0.3380550902810615,18.918,-0.15085794669524177,38005.5,4.83,0.042183304952641,96.35036496350365,78.84615384615384,35.76923076923076,89.61538461538461,50.0,70.38461538461539,14.807692307692307,6.346153846153846,30.995475113122172,64.94891914654688
2024-10-11,20271.97,5815.03,46.64,21.262,4.83,0.13,36.59,815369.0,813211.0,36.59,0.35190448625952975,21.262,-0.11706201869267785,38005.5,4.83,0.03785293874784723,96.26253418413856,80.96153846153847,24.615384615384613,89.42307692307693,50.0,70.1923076923077,15.0,5.961538461538462,33.86004514672686,63.948660682981554
2024-10-18,20324.04,5864.67,48.03,19.412,4.83,0.13,36.59,815369.0,813211.0,36.59,0.39579750674409797,19.412,-0.06274171989980148,38005.5,4.83,0.03321968934442787,96.17486338797814,86.92307692307692,33.269230769230774,89.23076923076924,50.0,70.0,15.192307692307693,5.0,43.91891891891892,65.30420344682639
2024-10-25,20352.02,5808.12,47.67,19.044,4.83,0.14,36.59,815369.0,813211.0,36.59,0.43521983128849495,19.044,-0.037272617212248615,38005.5,4.83,0.02284126823693966,96.08735213830755,89.42307692307693,35.0,89.03846153846153,50.0,69.8076923076923,15.384615384615387,2.8846153846153846,49.66292134831461,65.37900888919997
2024-11-01,20033.14,5728.8,46.64,20.906,4.64,0.16,37.36,890852.0,815369.0,37.36,0.32674282376424624,20.906,-0.17342927282458254,64991.5,4.64,0.0050314463253691155,98.0,75.96153846153845,25.961538461538453,90.38461538461539,50.0,80.1923076923077,16.730769230769226,0.7692307692307693,29.14798206278027,64.725
2024-11-08,21117.18,5995.54,54.07,17.776,4.64,0.04,37.36,890852.0,815369.0,37.36,0.3598439576743562,17.776,0.0010923624867311688,64991.5,4.64,0.0232198714229932,97.91099000908265,83.26923076923077,42.69230769230769,90.1923076923077,53.914988814317674,80.0,16.92307692307692,3.2692307692307696,53.914988814317674,67.96023534478675
2024-11-15,20394.13,5870.62,53.46,14.830000000000002,4.64,0.12,37.36,890852.0,815369.0,37.36,0.287671604793285,14.830000000000002,-0.06433064369488695,64991.5,4.64,-0.019072146834884673,97.82214156079854,67.88461538461539,59.61538461538461,90.0,50.0,79.8076923076923,17.115384615384613,0.19230769230769232,43.080357142857146,66.87212061985201
2024-11-22,20776.23,5969.34,56.21,16.240000000000002,4.64,0.04,37.36,890852.0,815369.0,37.36,0.299976035554977,16.240000000000002,-0.04752505516282013,64991.5,4.64,-0.002760421444262695,97.73345421577517,70.1923076923077,51.53846153846154,89.8076923076923,50.0,79.61538461538461,17.307692307692307,0.38461538461538464,47.66146993318486,66.28899853546272
2024-11-29,20930.37,6032.38,57.98,14.041999999999998,4.64,0.05,37.36,890852.0,890852.0,37.36,0.30834601233436554,14.041999999999998,-0.11115418908431396,64991.5,4.64,0.0029452976168680145,97.64492753623189,71.73076923076923,67.6923076923077,95.76923076923077,50.0,79.42307692307692,17.5,0.7692307692307693,34.22222222222222,69.17321627647713
2024-12-06,21622.25,6090.27,62.9,13.280000000000001,4.48,0.05,37.72,899168.0,890852.0,37.72,0.34427520828812974,13.280000000000001,-0.06530001512017525,100133.0,4.48,0.031424284532506785,98.82352941176471,79.03846153846153,75.96153846153845,95.57692307692308,50.0,94.8076923076923,18.461538461538467,5.384615384615385,42.572062084257205,74.07816742081447
2024-12-13,21780.25,6051.09,61.33,13.936000000000002,4.48,0.15,37.72,899168.0,890852.0,37.72,0.31021238070316315,13.936000000000002,-0.11025151198862582,100133.0,4.48,0.06879114031331968,98.73417721518987,72.3076923076923,68.46153846153847,95.38461538461539,50.0,94.61538461538461,18.65384615384616,12.692307692307692,34.51327433628318,73.53529698149953
2024-12-20,21289.15,5930.85,59.4,20.125999999999998,4.48,0.22,37.72,899168.0,890852.0,37.72,0.2689183067698213,20.125999999999998,-0.148375013051655,100133.0,4.48,0.05042878508676729,98.6449864498645,61.346153846153854,29.42307692307692,95.1923076923077,50.0,94.42307692307692,18.84615384615384,9.038461538461538,31.125827814569533,67.68668959766521
2024-12-27,21473.01,5970.84,59.27,15.432500000000001,4.48,0.31,37.72,899168.0,890852.0,37.72,0.27618562540079505,15.432500000000001,-0.14443080393812546,100133.0,4.48,0.06299003250832413,98.55595667870037,63.46153846153846,57.5,95.0,50.0,94.23076923076923,19.038461538461533,11.73076923076923,31.497797356828194,71.07080672035546
2025-01-03,21326.16,5942.47,59.82,17.2025,4.33,0.32,37.14,937253.0,899168.0,37.14,0.30787355313817377,17.2025,-0.08456066970259091,87176.5,4.33,0.09718142134585284,96.75383228133454,71.15384615384616,45.769230769230774,95.76923076923077,50.0,90.96153846153847,20.0,17.692307692307693,39.34065934065934,71.00268953319001
2025-01-10,20847.58,5827.04,57.47,17.834,4.33,0.37,37.14,937253.0,899168.0,37.14,0.23850050971548642,17.834,-0.025541455262130697,87176.5,4.33,0.08571772319306215,96.66666666666667,55.38461538461539,41.92307692307692,95.57692307692308,52.63157894736842,90.76923076923077,20.192307692307693,15.576923076923077,52.63157894736842,68.59072199730096
2025-01-17,21441.15,5996.66,59.61,17.318,4.33,0.34,37.14,937253.0,899168.0,37.14,0.23837068268453288,17.318,0.049658703659460235,87176.5,4.33,0.121493080767205,96.57965796579659,55.19230769230769,44.80769230769231,95.38461538461539,60.393873085339166,90.57692307692308,20.384615384615387,21.53846153846154,60.393873085339166,70.44570351707785
2025-01-24,21774.01,6101.24,62.33,15.168000000000001,4.33,0.36,37.14,937253.0,899168.0,37.14,0.24987070210050977,15.168000000000001,0.10748992507719057,87176.5,4.33,0.12969115632625372,96.49280575539568,57.88461538461539,58.65384615384615,95.1923076923077,66.5938864628821,90.38461538461539,20.57692307692308,22.692307692307693,66.5938864628821,72.86564210505965
2025-01-31,21478.05,6040.53,62.87,16.628,4.33,0.36,37.14,937253.0,937253.0,37.14,0.2173881253071379,16.628,0.13001864708891864,35714.0,4.33,0.11947170797969076,96.40610961365678,50.38461538461539,49.03846153846154,100.0,68.84531590413944,67.11538461538461,20.769230769230774,21.346153846153847,68.84531590413944,68.38498428237607
2025-02-07,21491.31,6025.99,62.76,16.728,4.33,0.2,37.19,918144.0,937253.0,37.19,0.1964602745399977,16.728,0.0691174629070681,35714.0,4.33,0.14399003066722837,96.76840215439856,44.80769230769231,48.26923076923077,99.8076923076923,62.60869565217392,66.92307692307692,20.961538461538467,24.615384615384617,62.60869565217392,67.5145499960971
2025-02-14,22114.69,6114.63,67.02,15.518,4.33,0.21,37.19,918144.0,937253.0,37.19,0.2504079502521206,15.518,0.08120341473893844,35714.0,4.33,0.17251773574613227,96.68161434977578,57.88461538461539,56.34615384615385,99.61538461538461,63.99132321041214,66.73076923076923,21.15384615384616,31.153846153846153,63.99132321041214,70.92968596022713
2025-02-21,21614.08,6013.13,60.2,15.972,4.33,0.23,37.19,918144.0,937253.0,37.19,0.20495874311014695,15.972,0.038585979054695185,35714.0,4.33,0.15187636549937245,96.59498207885304,45.96153846153846,52.30769230769231,99.42307692307692,58.00865800865801,66.53846153846153,21.346153846153854,26.346153846153847,58.00865800865801,67.69486221663641
2025-02-28,20884.41,5954.5,55.64,19.654,4.33,0.25,37.19,918144.0,937253.0,37.19,0.1410431455981589,19.654,-0.05304940293097071,52457.5,4.33,0.1336936134775426,96.50850492390332,37.30769230769231,32.30769230769231,99.23076923076923,50.0,75.76923076923077,21.538461538461533,23.26923076923077,46.436285097192226,64.72670098478066
2025-03-07,20201.37,5770.2,52.45,23.292,4.33,0.33,34.79,880316.0,918144.0,34.79,0.12114915544899807,23.292,-0.08765161850318526,52457.5,4.33,0.14624228822642138,91.68157423971377,35.0,16.92307692307692,97.3076923076923,50.0,75.57692307692308,21.730769230769226,25.384615384615383,37.93103448275862,61.88823792486583
2025-03-14,19704.64,5638.94,49.19,25.088,4.33,0.29,34.79,880316.0,918144.0,34.79,0.10648940799910145,25.088,-0.09559750499869035,52457.5,4.33,0.10301983534964343,91.59964253798034,33.46153846153846,13.653846153846146,97.11538461538461,50.0,75.38461538461539,21.92307692307692,19.230769230769234,36.12903225806451,60.373774661442226
2025-03-21,19753.97,5667.56,51.5,20.238,4.33,0.31,34.79,880316.0,918144.0,34.79,0.07713049035303166,20.238,-0.03483136062220793,52457.5,4.33,0.09134058992846583,91.51785714285714,28.26923076923077,28.653846153846146,96.92307692307692,50.64377682403433,75.1923076923077,22.115384615384613,16.923076923076923,50.64377682403433,60.8891029571287
2025-03-28,19281.4,5580.94,48.7,18.66,4.33,0.38,34.79,880316.0,918144.0,34.79,0.056243628349755825,18.66,-0.08379953889288672,52457.5,4.33,0.06973407722313962,91.43621766280107,25.576923076923073,37.11538461538461,96.73076923076923,50.0,75.0,22.307692307692307,13.461538461538462,39.400428265524624,60.74878199409867
2025-04-04,17397.7,5074.08,41.94,28.177999999999997,4.33,0.33,32.63,850558.0,880316.0,32.63,-0.03925016263116787,28.177999999999997,-0.07068192565406128,27049.5,4.33,0.0837898468942524,87.78966131907309,11.153846153846155,8.07692307692308,91.53846153846153,50.0,61.53846153846154,22.5,15.576923076923077,41.66666666666667,52.74831687919923
2025-04-11,18690.05,5363.36,45.89,42.242,4.33,0.52,32.63,850558.0,880316.0,32.63,0.038134828302734514,42.242,-0.05146529486906426,27049.5,4.33,0.12426332867110013,87.71148708815673,22.115384615384613,0.9615384615384528,91.34615384615384,50.0,61.346153846153854,22.692307692307693,22.692307692307693,47.12153518123667,54.34037434070827
2025-04-17,18258.09,5282.7,45.12,42.242,4.33,0.52,32.63,850558.0,880316.0,32.63,0.07163194454634292,42.242,0.00265376973937137,27049.5,4.33,0.130292988690629,87.63345195729538,28.26923076923077,1.1538461538461462,91.15384615384615,55.1063829787234,61.15384615384616,22.884615384615387,22.884615384615383,55.1063829787234,55.558482535485254
2025-04-25,19432.56,5525.21,51.0,28.830000000000002,4.33,0.55,32.63,850558.0,880316.0,32.63,0.09675081695196508,28.830000000000002,0.06049901286423642,27049.5,4.33,0.1744984428351748,87.55555555555556,32.69230769230769,7.5,90.96153846153847,62.84501061571125,60.96153846153847,23.076923076923066,31.92307692307692,62.84501061571125,58.774458326528396
2025-05-02,20102.61,5686.67,51.9,24.259999999999998,4.33,0.5,35.08,920960.0,850558.0,35.08,0.12362834529478839,24.259999999999998,0.017783574652429524,-9239.5,4.33,0.20454781919636145,92.45115452930727,36.92307692307693,16.730769230769226,90.38461538461539,56.355932203389834,29.807692307692307,23.26923076923076,37.88461538461539,56.355932203389834,56.65274720312352
2025-05-09,20061.45,5659.91,51.35,23.266,4.33,0.49,35.08,920960.0,850558.0,35.08,0.10463361962163265,23.266,0.0917783095489173,-9239.5,4.33,0.21292777596791757,92.36912156166814,34.23076923076923,18.461538461538467,90.1923076923077,65.53911205073996,29.807692307692307,23.461538461538467,41.15384615384615,65.53911205073996,57.86042782509993
2025-05-16,21427.94,5958.38,58.37,18.06,4.33,0.45,35.08,920960.0,850558.0,35.08,0.15537982651999882,18.06,0.12888860032268523,-9239.5,4.33,0.283204816728017,92.2872340425532,41.34615384615385,41.15384615384615,90.0,69.62025316455697,29.807692307692307,23.65384615384616,68.07692307692308,69.62025316455697,65.37908750958172
2025-05-23,20915.65,5802.82,56.07,19.934,4.33,0.51,35.08,920960.0,850558.0,35.08,0.11204066279072866,19.934,0.15136627727236274,-9239.5,4.33,0.2538154516495348,92.20549158547388,35.76923076923077,32.5,89.8076923076923,71.15789473684211,29.807692307692307,23.846153846153854,57.49999999999999,71.15789473684211,62.36073394462514
2025-05-30,21340.99,5911.69,56.37,19.318,4.33,0.52,35.08,920960.0,920960.0,35.08,0.15128623564667842,19.318,0.17662895869961126,-9239.5,4.33,0.2618657291947035,92.12389380530973,41.15384615384615,35.76923076923076,98.07692307692307,73.31932773109243,29.807692307692307,24.038461538461547,60.38461538461538,73.31932773109243,65.4547884572481
2025-06-06,21761.79,6000.36,61.13,17.782,4.33,0.47,36.12,1007961.0,920960.0,36.12,0.14530010341588184,17.782,0.25036199704073936,12590.5,4.33,0.30088963780152267,94.34129089301503,40.19230769230769,44.230769230769226,97.88461538461539,77.9874213836478,56.92307692307692,24.230769230769226,72.11538461538461,77.9874213836478,72.88815416312163
2025-06-13,21631.04,5976.97,62.19,18.042,4.33,0.45,36.12,1007961.0,920960.0,36.12,0.10026755104324558,18.042,0.31732989595926187,12590.5,4.33,0.29357290201701813,94.25795053003534,33.26923076923077,41.730769230769226,97.6923076923077,80.3347280334728,56.730769230769226,24.42307692307692,70.57692307692308,80.3347280334728,71.7312167555082
2025-06-20,21626.39,5967.84,67.73,20.728,4.33,0.48,36.12,1007961.0,920960.0,36.12,0.09776233310643478,20.728,0.46571873799236485,12590.5,4.33,0.26081839740393464,94.1747572815534,32.88461538461539,27.884615384615387,97.5,88.10020876826722,56.53846153846154,24.615384615384613,59.42307692307692,88.10020876826722,69.32381848698355
2025-06-27,22534.2,6173.07,69.84,17.396,4.33,0.56,36.12,1007961.0,920960.0,36.12,0.14486352854029927,17.396,0.44421496975321606,12590.5,4.33,0.331269237241524,94.09171075837742,40.38461538461539,46.53846153846154,97.3076923076923,87.08333333333333,56.34615384615385,24.807692307692307,76.53846153846153,87.08333333333333,74.47475240808573
2025-07-03,22866.97,6279.35,71.09,17.396,4.33,0.56,37.48,1022548.0,1007961.0,37.48,0.12137130448897282,17.396,0.4257451264141827,41669.5,4.33,0.275482605588101,98.14977973568281,37.5,46.73076923076923,100.0,85.44698544698545,68.65384615384616,25.0,64.42307692307693,85.44698544698545,75.30926987645049
2025-07-11,22780.6,6259.75,72.29,16.544,4.33,0.53,37.48,1022548.0,1007961.0,37.48,0.12045895308213983,16.544,0.42452929226943126,41669.5,4.33,0.2806077981630106,98.06338028169014,37.11538461538461,53.65384615384615,99.8076923076923,85.26970954356847,68.46153846153847,25.192307692307693,66.53846153846153,85.26970954356847,76.17426239531027
2025-07-18,23065.47,6296.79,77.63,16.934,4.33,0.56,37.48,1022548.0,1007961.0,37.48,0.18147410542232567,16.934,0.48333395805612156,41669.5,4.33,0.27120398901466913,97.97713280562886,45.57692307692307,50.76923076923077,99.61538461538461,88.81987577639751,68.26923076923077,25.384615384615387,63.46153846153846,88.81987577639751,76.71395260030398
2025-07-25,23272.25,6388.64,76.79,15.768,4.33,0.49,37.48,1022548.0,1007961.0,37.48,0.22333189302163725,15.768,0.4540381375594027,41669.5,4.33,0.2505891044122519,97.89103690685414,53.07692307692308,57.5,99.42307692307692,87.39669421487604,68.07692307692308,25.57692307692308,54.42307692307692,87.39669421487604,76.70826141824304
2025-08-01,22763.31,6238.01,71.16,16.718,4.33,0.54,37.85,1059723.0,1022548.0,37.85,0.2343959199277692,16.718,0.492369428288683,45203.0,4.33,0.21860996975305125,98.85864793678665,55.00000000000001,51.92307692307692,100.0,89.48453608247424,69.61538461538461,25.769230769230774,42.30769230769231,89.48453608247424,75.30095242637398
2025-08-08,23611.27,6389.45,74.76,16.772,4.33,0.51,37.85,1059723.0,1022548.0,37.85,0.27538175670201115,16.772,0.5278020349043566,45203.0,4.33,0.24768082637407107,98.7719298245614,63.26923076923077,51.53846153846154,99.8076923076923,90.53497942386831,69.42307692307692,25.961538461538453,52.88461538461539,90.53497942386831,77.86557621499142
2025-08-15,23712.07,6449.8,77.01,15.078,4.33,0.58,37.85,1059723.0,1022548.0,37.85,0.2154725217494715,15.078,0.5311820484478522,45203.0,4.33,0.26522613251306737,98.68536371603857,50.38461538461539,62.88461538461539,99.61538461538461,90.75975359342917,69.23076923076923,26.153846153846146,60.96153846153847,90.75975359342917,78.6072788717814
2025-08-22,23498.12,6466.91,76.52,15.414000000000001,4.33,0.58,37.85,1059723.0,1022548.0,37.85,0.1915356675440789,15.414000000000001,0.4633086231133603,45203.0,4.33,0.2704117164931661,98.59894921190893,45.96153846153846,61.92307692307693,99.42307692307692,87.09016393442623,69.03846153846153,26.34615384615384,63.26923076923077,87.09016393442623,77.8788062358244
2025-08-29,23415.42,6460.26,74.96,14.809999999999999,4.33,0.64,37.85,1059723.0,1059723.0,37.85,0.19621203761601747,14.809999999999999,0.47625561075524514,45203.0,4.33,0.2891717134895919,98.51268591426073,46.15384615384615,64.42307692307692,100.0,87.93456032719837,68.84615384615384,26.538461538461533,68.84615384615384,87.93456032719837,79.13060860018737
2025-09-05,23652.44,6481.5,75.37,16.024,4.22,0.59,38.59,1126494.0,1059723.0,38.59,0.2839716610816494,16.024,0.5282428135516759,42869.0,4.22,0.2853841941779427,100.0,65.57692307692308,55.96153846153846,99.8076923076923,90.40816326530611,68.65384615384616,26.73076923076924,67.6923076923077,90.40816326530611,80.92350863422291
2025-09-12,24092.19,6584.29,78.57,14.994,4.22,0.5,38.59,1126494.0,1059723.0,38.59,0.23457384171219653,14.994,0.4824279065395516,42869.0,4.22,0.33124140033539584,99.91266375545852,54.61538461538461,63.65384615384615,99.61538461538461,87.78004073319755,68.46153846153847,26.923076923076934,76.34615384615384,87.78004073319755,81.33169067056531
2025-09-19,24626.25,6664.36,84.96,15.784,4.22,0.57,38.59,1126494.0,1059723.0,38.59,0.24428479108950363,15.784,0.5672290681855496,42869.0,4.22,0.3726684815577661,99.82547993019197,56.53846153846154,57.30769230769231,99.42307692307692,93.08943089430895,68.26923076923077,27.115384615384613,80.57692307692308,93.08943089430895,82.01250061393084
2025-09-26,24503.85,6643.7,83.1,16.19,4.22,0.57,38.59,1126494.0,1059723.0,38.59,0.2246646695274337,16.19,0.5109243029036439,42869.0,4.22,0.38059286508006496,99.73844812554489,52.11538461538462,54.61538461538461,99.23076923076923,89.4523326572008,68.07692307692308,27.307692307692307,81.15384615384616,89.4523326572008,80.85446135236752
2025-10-03,24785.52,6715.79,88.32,16.394,4.09,0.55,39.31,1183654.0,1126494.0,39.31,0.23710982070394748,16.394,0.6602048946558807,73078.5,4.09,0.4000033982105713,100.0,54.807692307692314,53.46153846153846,100.0,93.52226720647774,84.61538461538461,28.461538461538467,81.92307692307692,93.52226720647774,84.25607287449392
2025-10-10,24221.75,6552.51,86.52,17.6,4.09,0.53,39.31,1183654.0,1126494.0,39.31,0.1948394753938565,17.6,0.6602205589114607,73078.5,4.09,0.4366541710168903,99.91296779808529,45.0,44.42307692307692,99.8076923076923,93.53535353535354,84.42307692307692,28.653846153846146,84.61538461538461,93.53535353535354,82.49959045161395
2025-10-17,24817.95,6664.01,86.24,21.314,4.09,0.56,39.31,1183654.0,1126494.0,39.31,0.2211130267407464,21.314,0.5744314246438047,73078.5,4.09,0.41850574202673485,99.82608695652175,51.153846153846146,24.807692307692307,99.61538461538461,92.74193548387096,84.23076923076923,28.84615384615384,83.07692307692308,92.74193548387096,80.88556478584529
2025-10-24,25358.16,6791.69,89.33,17.674,4.09,0.54,39.31,1183654.0,1126494.0,39.31,0.24597754915728265,17.674,0.6279473511993356,73078.5,4.09,0.4552465734134956,99.73935708079931,56.92307692307692,44.230769230769226,99.42307692307692,92.95774647887323,84.03846153846153,29.038461538461533,85.57692307692307,92.95774647887323,83.83595375635488
2025-10-31,25858.13,6840.2,88.98,16.696,4.09,0.51,39.31,1183654.0,1183654.0,39.31,0.29076769792453905,16.696,0.6170367617667132,112395.0,4.09,0.5675826259342645,99.65277777777779,67.3076923076923,51.34615384615385,100.0,92.570281124498,98.07692307692307,29.230769230769226,95.96153846153847,92.570281124498,89.50489136031305
2025-11-07,25059.81,6728.8,80.75,18.552,3.88,0.56,39.16,1214321.0,1183654.0,39.16,0.1867024858432802,18.552,0.30673195099785167,112395.0,3.88,0.4354771796181369,99.56634865568084,43.46153846153846,38.46153846153846,99.8076923076923,76.55310621242485,97.88461538461539,29.42307692307692,83.84615384615385,76.55310621242485,81.85511881391712
2025-11-14,25008.24,6734.11,76.92,18.444,3.88,0.52,39.16,1214321.0,1183654.0,39.16,0.2262469641999929,18.444,0.2125858079661127,112395.0,3.88,0.4434200821293228,99.48006932409012,51.92307692307693,39.23076923076923,99.61538461538461,72.8,97.6923076923077,29.615384615384613,84.61538461538461,72.8,82.60678309558726
2025-11-21,24239.57,6602.99,73.35,24.116,3.88,0.55,39.16,1214321.0,1183654.0,39.16,0.1666972304407488,24.116,0.1382307183228162,112395.0,3.88,0.421845934822179,99.39393939393939,40.96153846153846,16.153846153846146,99.42307692307692,66.86626746506987,97.5,29.807692307692307,82.6923076923077,66.86626746506987,78.02118385606408
2025-11-28,25434.89,6849.09,79.68,17.966,3.88,0.55,39.16,1214321.0,1183654.0,39.16,0.21521454231339443,17.966,0.15905244630337023,112395.0,3.88,0.438468024626665,99.30795847750865,48.26923076923077,42.11538461538461,99.23076923076923,68.52589641434263,97.3076923076923,30.0,84.23076923076923,68.52589641434263,81.81033518308983
2025-12-05,25692.05,6870.4,81.91,16.22,3.72,0.58,39.59,1225597.0,1214321.0,39.59,0.18822277977546276,16.22,0.11400297539146886,75811.5,3.72,0.47560845685904485,100.0,43.269230769230774,55.0,100.0,64.61232604373758,84.61538461538461,30.961538461538467,87.5,64.61232604373758,80.97084798898915
2025-12-12,25196.73,6827.41,80.39,15.99,3.72,0.67,39.59,1225597.0,1214321.0,39.59,0.15686137670596056,15.99,0.15391638295489063,75811.5,3.72,0.46869341698646627,99.91364421416235,39.61538461538461,56.53846153846154,99.8076923076923,67.65873015873017,84.42307692307692,31.15384615384616,86.15384615384616,67.65873015873017,80.70821724332087
2025-12-19,25346.18,6834.5,80.3,16.476,3.72,0.68,39.59,1225597.0,1214321.0,39.59,0.19056796537203224,16.476,0.16128388647981962,75811.5,3.72,0.5296635773901293,99.8274374460742,43.46153846153846,53.84615384615385,99.61538461538461,69.3069306930693,84.23076923076923,31.34615384615384,92.11538461538461,69.3069306930693,81.87887286621408
2025-12-26,25644.39,6929.94,79.7,13.7875,3.72,0.68,39.59,1225597.0,1214321.0,39.59,0.19426154041748234,13.7875,0.1504322338359343,75811.5,3.72,0.5392386864878485,99.74137931034483,43.84615384615385,72.5,99.42307692307692,67.19367588932806,84.03846153846153,31.538461538461533,93.46153846153847,67.19367588932806,83.70033575869408
2026-01-02,25206.17,6858.47,78.31,14.497499999999999,3.64,0.72,39.65,1279042.0,1225597.0,39.65,0.18193664494686335,14.497499999999999,0.12715730356533994,157206.5,3.64,0.522291819268907,100.0,41.92307692307693,67.11538461538461,100.0,65.28599605522683,100.0,31.730769230769226,91.15384615384615,65.28599605522683,84.9439842209073
2026-01-09,25766.26,6966.28,80.29,14.994,3.64,0.64,39.65,1279042.0,1225597.0,39.65,0.2359352980058116,14.994,0.16114143768237366,157206.5,3.64,0.49052554946690075,99.91394148020653,54.230769230769226,63.65384615384615,99.8076923076923,69.09448818897637,99.8076923076923,31.92307692307692,87.88461538461539,69.09448818897637,85.88454480724663
2026-01-16,25529.26,6940.01,81.68,15.91,3.64,0.65,39.65,1279042.0,1225597.0,39.65,0.190666545404514,15.91,0.17957334723094998,157206.5,3.64,0.4502288998923376,99.8280309544282,43.07692307692308,56.34615384615385,99.61538461538461,70.92337917485266,99.61538461538461,32.11538461538461,83.65384615384616,70.92337917485266,83.2829441083709
2026-01-23,25605.47,6915.61,80.7,17.512,3.64,0.64,39.65,1279042.0,1225597.0,39.65,0.17596483146650543,17.512,0.11875681140209715,157206.5,3.64,0.40563739367603313,99.74226804123711,40.76923076923077,44.80769230769231,99.42307692307692,64.31372549019608,99.42307692307692,32.30769230769231,79.8076923076923,64.31372549019608,80.53367231111318
2026-01-30,25552.39,6939.03,74.87,16.634,3.64,0.74,39.65,1279042.0,1279042.0,39.65,0.18969785432103947,16.634,0.001172194987056674,157206.5,3.64,0.35474374706159706,99.65665236051503,42.69230769230769,51.34615384615385,100.0,50.489236790606654,99.23076923076923,32.5,75.38461538461539,50.489236790606654,79.43025415116367
2026-02-06,25075.77,6932.3,70.41,18.502000000000002,3.64,0.72,39.02,1253192.0,1279042.0,39.02,0.1667864825364298,18.502000000000002,-0.04489355710621945,77830.5,3.64,0.3431170737472433,98.45626072041166,39.23076923076923,38.07692307692307,99.8076923076923,50.0,85.96153846153847,32.69230769230769,74.8076923076923,44.921875,75.28740599023618
2026-02-13,24732.73,6836.17,70.25,18.844,3.64,0.64,39.02,1253192.0,1279042.0,39.02,0.11838465743811022,18.844,-0.07019008865267296,77830.5,3.64,0.3254189732794144,98.3718937446444,33.07692307692307,36.53846153846154,99.61538461538461,50.0,85.76923076923076,32.88461538461539,71.15384615384616,38.20662768031189,73.76668644123657
2026-02-20,25012.62,6909.51,71.49,20.086000000000002,3.64,0.6,39.02,1253192.0,1279042.0,39.02,0.15723731937699847,20.086000000000002,0.030304208862204085,77830.5,3.64,0.3492569291927341,98.28767123287672,38.07692307692307,29.038461538461533,99.42307692307692,53.69649805447471,85.57692307692307,33.07692307692308,75.1923076923077,53.69649805447471,74.5117994366382
2026-02-27,24960.04,6878.88,72.91,19.396,3.64,0.59,39.02,1253192.0,1279042.0,39.02,0.1951517902588582,19.396,0.11523641966206188,77830.5,3.64,0.3304695015448642,98.20359281437125,43.84615384615385,33.46153846153847,99.23076923076923,64.07766990291263,85.38461538461539,33.269230769230774,71.73076923076923,64.07766990291263,76.08502401470398
2026-03-06,24643.01,6740.02,72.4,23.880000000000003,3.64,0.59,37.04,1220922.0,1253192.0,37.04,0.2198682564598342,23.880000000000003,0.16049399330184366,108108.0,3.64,0.33764516091317875,93.16239316239316,49.80769230769231,16.153846153846146,99.03846153846155,69.18604651162791,95.38461538461539,33.46153846153847,73.65384615384616,69.18604651162791,76.32608328364142
2026-03-13,24380.73,6632.19,70.25,25.827999999999996,3.64,0.55,37.04,1220922.0,1253192.0,37.04,0.23730908050083643,25.827999999999996,0.19082671945850493,108108.0,3.64,0.25402468107866416,93.08283518360376,54.42307692307692,12.5,98.84615384615385,72.5338491295938,95.1923076923077,33.65384615384616,53.26923076923077,72.5338491295938,73.71225964198783
2026-03-20,23898.15,6506.48,69.15,24.362000000000002,3.64,0.51,37.04,1220922.0,1253192.0,37.04,0.20978972834321397,24.362000000000002,0.13292871825872798,108108.0,3.64,0.23335830506623845,93.00341296928327,45.96153846153846,15.192307692307693,98.65384615384616,65.83011583011583,95.0,33.846153846153854,44.61538461538462,65.83011583011583,70.91830956148362
2026-03-27,23132.77,6368.85,64.63,27.383999999999997,3.64,0.56,37.04,1220922.0,1253192.0,37.04,0.199745350441358,27.383999999999997,0.1273593723512496,108108.0,3.64,0.20510338910870218,92.924126172208,44.03846153846154,10.384615384615387,98.46153846153847,65.1252408477842,94.8076923076923,34.03846153846153,34.23076923076923,65.1252408477842,68.4992723961431
2026-04-02,24045.53,6582.69,68.56,27.383999999999997,3.64,0.56,38.15,1304281.0,1220922.0,38.15,0.3821097041562964,27.383999999999997,0.25260655716940716,33650.0,3.64,0.23722128225430228,97.01873935264055,84.61538461538461,10.576923076923066,97.5,75.76923076923077,57.11538461538461,34.230769230769226,45.96153846153846,75.76923076923077,71.20374787052812
2026-04-10,25116.34,6816.89,69.29,21.942,3.64,0.5,38.15,1304281.0,1220922.0,38.15,0.34383482120165554,21.942,0.16608019296265053,33650.0,3.64,0.2727489894337851,96.93617021276596,78.65384615384615,22.307692307692307,97.3076923076923,69.8076923076923,56.92307692307692,34.42307692307692,60.57692307692307,69.8076923076923,73.17761865793781
2026-04-17,26672.43,7126.06,79.23,18.214000000000002,3.64,0.55,38.15,1304281.0,1220922.0,38.15,0.46085543449506483,18.214000000000002,0.2951286080581268,33650.0,3.64,0.32763494900745593,96.85374149659864,92.6923076923077,40.76923076923077,97.11538461538461,76.73076923076924,56.730769230769226,34.61538461538461,70.96153846153847,76.73076923076924,78.87844060701204
2026-04-24,27303.67,7165.08,76.5,19.062,3.64,0.53,38.15,1304281.0,1220922.0,38.15,0.4050475078939675,19.062,0.09495249210603252,33650.0,3.64,0.3428192714057079,96.77145284621919,87.5,36.15384615384616,96.92307692307692,60.76923076923077,56.53846153846154,34.80769230769231,74.42307692307692,60.76923076923077,76.63698287693614
2026-05-01,27710.36,7230.12,76.92,17.708,3.63,0.51,40.11,1415557.0,1304281.0,40.11,0.37844588339524066,17.708,0.10363504146025071,87465.0,3.63,0.34191873913605075,100.0,84.03846153846153,44.61538461538461,100.0,61.15384615384616,88.26923076923077,35.0,74.23076923076923,61.15384615384616,83.03653846153846
2026-05-08,29234.99,7398.93,79.12,17.466,3.63,0.48,40.11,1415557.0,1304281.0,40.11,0.45727203168265507,17.466,0.0835264103816098,87465.0,3.63,0.3974187810709906,99.91518235793045,91.73076923076923,45.96153846153847,99.8076923076923,59.23076923076923,88.07692307692308,35.19230769230769,78.26923076923077,59.23076923076923,84.42726724081686
2026-05-15,29125.2,7408.5,74.9,17.986,3.63,0.5,40.11,1415557.0,1304281.0,40.11,0.35921605156631964,17.986,-0.07602263028826561,87465.0,3.63,0.3426848470725765,99.83050847457628,81.73076923076923,42.11538461538461,99.61538461538461,50.0,87.88461538461539,35.38461538461539,74.03846153846155,35.96153846153846,81.20456323337679
2026-05-22,29481.64,7473.47,76.4,17.356,3.63,0.43,40.11,1415557.0,1304281.0,40.11,0.40954930877118323,17.356,-0.046966822593191404,87465.0,3.63,0.28479077400883956,99.74597798475868,87.5,47.5,99.42307692307692,50.0,87.6923076923077,35.576923076923066,63.653846153846146,43.07692307692308,80.79727252002866
2026-05-29,30333.18,7580.06,81.95,16.19,3.63,0.47,40.11,1415557.0,1415557.0,40.11,0.4213576783457562,16.19,0.03242979726183659,87465.0,3.63,0.31517427327829184,99.66159052453469,87.88461538461539,56.53846153846154,100.0,52.307692307692314,87.5,35.76923076923076,68.26923076923077,52.307692307692314,82.72847195106078
2026-06-05,28957.6,7383.74,74.49,16.958,3.63,0.38,40.16,1502072.0,1415557.0,40.16,0.3306625971484882,16.958,-0.11211196734315543,106860.0,3.63,0.275573279791264,100.0,74.61538461538461,50.76923076923077,99.8076923076923,50.0,93.84615384615384,35.96153846153847,60.192307692307686,30.0,80.10192307692307
2026-06-12,29635.95,7431.46,75.65,19.625999999999998,3.63,0.39,40.16,1502072.0,1415557.0,40.16,0.37006588679971,19.625999999999998,-0.15363237658906503,106860.0,3.63,0.27944294135318737,99.91554054054053,82.88461538461539,33.269230769230774,99.61538461538461,50.0,93.65384615384616,36.15384615384616,60.96153846153847,26.346153846153847,79.37926195426196
2026-06-18,30406.19,7500.58,80.19,19.625999999999998,3.63,0.39,40.16,1502072.0,1415557.0,40.16,0.40597621702003894,19.625999999999998,-0.22201047067425428,106860.0,3.63,0.316917967732401,99.83122362869197,87.11538461538461,33.46153846153847,99.42307692307692,50.0,93.46153846153847,36.346153846153854,68.46153846153847,22.115384615384613,80.95086011035379
2026-06-26,29118.24,7354.02,78.13,18.54,3.63,0.31,40.16,1502072.0,1415557.0,40.16,0.2921798865724099,18.54,-0.17348000111994732,106860.0,3.63,0.2658498046480915,99.74704890387859,65.1923076923077,38.84615384615384,99.23076923076923,50.0,93.26923076923077,36.53846153846154,56.92307692307692,25.192307692307693,77.04748670385263
2026-07-02,29329.21,7483.24,81.25,18.54,3.63,0.31,40.02,1417225.0,1502072.0,40.02,0.2826014990180159,18.54,-0.13968407040639685,106860.0,3.63,0.2493466473883934,99.24178601516428,62.11538461538461,38.84615384615384,100.0,50.0,93.07692307692308,36.73076923076923,49.61538461538461,29.03846153846154,75.59066489534055
2026-07-10,29825.11,7575.39,80.245,15.894,3.63,0.35,40.02,1417225.0,1502072.0,40.02,0.3092328560266193,15.894,-0.19918997319358578,106860.0,3.63,0.23469639919551155,99.15824915824916,69.23076923076923,58.84615384615385,99.8076923076923,50.0,92.88461538461539,36.92307692307693,43.269230769230774,23.46153846153846,77.41241906241906
2026-07-17,28592.66,7457.69,75.2,16.966,3.63,0.37,40.02,1417225.0,1502072.0,40.02,0.23963049528147473,16.966,-0.2709328268543202,106860.0,3.63,0.2095882129385711,99.07485281749369,52.11538461538462,50.96153846153847,99.61538461538461,50.0,92.6923076923077,37.11538461538461,35.0,16.923076923076923,73.24958594811412
2026-07-24,28128.34,7411.98,71.89,17.924,3.63,0.36,40.02,1417225.0,1502072.0,40.02,0.20866439643781765,17.924,-0.27247478841593986,106860.0,3.63,0.16827223992922336,98.99159663865547,42.5,43.07692307692308,99.42307692307692,50.0,92.5,37.30769230769231,27.692307692307693,16.923076923076923,70.1310116354234
2026-07-31,28274.2,7489.72,71.24,18.124000000000002,3.63,0.47,40.02,1417225.0,1417225.0,40.02,0.24209528403382463,18.124000000000002,-0.2409710569399517,106860.0,3.63,0.17847317790669348,98.90848026868177,52.88461538461539,41.53846153846153,99.23076923076923,50.0,92.3076923076923,37.5,29.423076923076923,20.192307692307693,71.40284989989019
2026-08-07,29722.3,7757.64,79.43,15.644,3.63,0.46,41.13,1417225.0,1417225.0,41.13,0.25881835242238127,15.644,-0.1963517927648104,106860.0,3.63,0.23998245459768786,100.0,55.57692307692308,61.92307692307693,99.03846153846155,50.0,92.11538461538461,37.69230769230769,45.57692307692307,24.615384615384617,76.3423076923077
2026-08-14,30046.14,7785.76,81.1,14.834,3.63,0.51,41.13,1417225.0,1417225.0,41.13,0.2671242957700446,14.834,-0.21401431005390403,106860.0,3.63,0.2629161398480224,99.91617770326907,57.30769230769231,66.34615384615384,98.84615384615385,50.0,91.92307692307692,37.88461538461539,55.00000000000001,23.26923076923077,78.32554323296151
2026-08-21,29308.86,7674.37,86.21,15.412,3.63,0.5,41.13,1417225.0,1417225.0,41.13,0.24728531474007287,15.412,-0.12065175488643987,106860.0,3.63,0.21961634642099992,99.83249581239531,53.84615384615385,64.42307692307692,98.65384615384616,50.0,91.73076923076923,38.07692307692307,40.19230769230769,31.346153846153847,75.41649916247907
2026-08-28,29433.43,7711.76,84.59,15.09,3.63,0.39,41.13,1417225.0,1417225.0,41.13,0.25701055116671,15.09,-0.12854203462455405,106860.0,3.63,0.1923116198280237,99.7489539748954,55.19230769230769,65.1923076923077,98.46153846153847,50.0,91.53846153846153,38.26923076923077,31.346153846153847,30.961538461538463,74.24786771805601
2026-09-04,29544.16,7718.6,86.22,15.062000000000001,3.63,0.41,40.9,1417225.0,1417225.0,40.9,0.24909565355625052,15.062000000000001,-0.10513917219761981,106860.0,3.63,0.20188690673228127,99.66555183946488,53.84615384615385,65.57692307692308,98.26923076923076,50.0,91.34615384615384,38.46153846153846,32.69230769230769,33.46153846153846,74.24657190635452
2026-09-11,29368.44,7656.98,83.58,16.232,3.63,0.33,40.9,1417225.0,1417225.0,40.9,0.2190025066214405,16.232,-0.15523771089788174,106860.0,3.63,0.21128324659594,99.58228905597326,45.0,56.92307692307692,98.07692307692307,50.0,91.15384615384615,38.653846153846146,36.34615384615385,27.884615384615387,72.78761165734849
2026-09-18,29644.17,7650.5,88.23,16.452,3.63,0.25,40.9,1417225.0,1417225.0,40.9,0.20376305771280645,16.452,-0.16527435714783456,106860.0,3.63,0.24553483466767712,99.4991652754591,39.61538461538461,55.96153846153846,97.88461538461539,50.0,90.96153846153847,38.84615384615384,47.30769230769231,27.307692307692307,73.60944843970721
2026-09-22,30732.4,7764.64,91.61,16.452,3.63,0.25,41.59,1417225.0,1417225.0,41.59,0.2541865870057156,16.452,-0.15177984813688283,106860.0,3.63,0.27771179426917914,100.0,54.807692307692314,55.96153846153846,97.6923076923077,50.0,90.76923076923077,39.03846153846153,60.192307692307686,28.653846153846153,77.40192307692308
